"OldPath","NewPath","ReferencingNote","Reason","SHA256"
"01 Основы\Linux\assets_D01_Linux-1\Pasted image 20240724172748.png","01 Основы\Linux\assets\Pasted image 20240724172748.png","01 Основы\Linux\Практикум Ubuntu Server 20.04 LTS.md","referenced-by-one-note","E0156FE101A0D574962F9732CADA1876E3AFF1253864F90C22310A884A4F953B"
"01 Основы\Linux\assets_D01_Linux-1\Pasted image 20240724173046.png","01 Основы\Linux\assets\Pasted image 20240724173046.png","01 Основы\Linux\Практикум Ubuntu Server 20.04 LTS.md","referenced-by-one-note","EBCD22FDB79E75E191B9CEAF6C51AD3A078059833BED91F08A93474AA5B1605F"
"01 Основы\Linux\assets_D01_Linux-1\Pasted image 20240724173350.png","01 Основы\Linux\assets\Pasted image 20240724173350.png","01 Основы\Linux\Практикум Ubuntu Server 20.04 LTS.md","referenced-by-one-note","314210FC5EB59AA687279107677D31AD7ED0A9BDBD4C0B6390BCC9FB29EB359F"
"01 Основы\Linux\assets_D01_Linux-1\Pasted image 20240724173846.png","01 Основы\Linux\assets\Pasted image 20240724173846.png","01 Основы\Linux\Практикум Ubuntu Server 20.04 LTS.md","referenced-by-one-note","4D85163AC2CE2E27E052A38C570DE264A45F919E5C16D25720A28646FEADE447"
"01 Основы\Linux\assets_D01_Linux-1\Pasted image 20240724174131.png","01 Основы\Linux\assets\Pasted image 20240724174131.png","01 Основы\Linux\Практикум Ubuntu Server 20.04 LTS.md","referenced-by-one-note","3868A5A4F4CEEC7B76413B736802FCC9541ADE651202DB66FC13B58B7EE43B67"
"01 Основы\Linux\assets_D01_Linux-1\Pasted image 20240724175319.png","01 Основы\Linux\assets\Pasted image 20240724175319.png","01 Основы\Linux\Практикум Ubuntu Server 20.04 LTS.md","referenced-by-one-note","AF27390F79677E3BF51697C3F0624467CA8131D41C9F8E8C8EDBFC2BC9362891"
"01 Основы\Linux\assets_D01_Linux-1\Pasted image 20240724175834.png","01 Основы\Linux\assets\Pasted image 20240724175834.png","01 Основы\Linux\Практикум Ubuntu Server 20.04 LTS.md","referenced-by-one-note","94FB8A319725A03102BBF70FCE7547C9A1D6616C3368FC36D2E4F2F268845CC1"
"01 Основы\Linux\assets_D01_Linux-1\Pasted image 20240724180159.png","01 Основы\Linux\assets\Pasted image 20240724180159.png","01 Основы\Linux\Практикум Ubuntu Server 20.04 LTS.md","referenced-by-one-note","4F3E9027A631F1EA7BA51666A7A139C44E15C02C63F5CD4674C16604A1B8CE05"
"01 Основы\Linux\assets_D01_Linux-1\Pasted image 20240724181102.png","01 Основы\Linux\assets\Pasted image 20240724181102.png","01 Основы\Linux\Практикум Ubuntu Server 20.04 LTS.md","referenced-by-one-note","59C6FAFD46783AD7FA9123867179342AE523C96EC008E3819BCA32CDD9EDDC35"
"01 Основы\Linux\assets_D01_Linux-1\Pasted image 20240724181845.png","01 Основы\Linux\assets\Pasted image 20240724181845.png","01 Основы\Linux\Практикум Ubuntu Server 20.04 LTS.md","referenced-by-one-note","CF03C94CD435AA317213286FE5AA77A6532097D59F0DE0CFCD4125CA3ECC7FF6"
"01 Основы\Linux\assets_D01_Linux-1\Pasted image 20240724215532.png","01 Основы\Linux\assets\Pasted image 20240724215532.png","01 Основы\Linux\Практикум Ubuntu Server 20.04 LTS.md","referenced-by-one-note","6BFA1854EE88545F3F3A96D38A2C57B347A88C8EF18396DE8582283748A59323"
"01 Основы\Linux\assets_D01_Linux-1\Pasted image 20240724222405.png","01 Основы\Linux\assets\Pasted image 20240724222405.png","01 Основы\Linux\Практикум Ubuntu Server 20.04 LTS.md","referenced-by-one-note","45BF4C13ED69F7BB71262C7FE865213B9544E58E8F4050A6A22CDE4FE3047C3A"
"01 Основы\Linux\assets_D01_Linux-1\Pasted image 20240725151511.png","01 Основы\Linux\assets\Pasted image 20240725151511.png","01 Основы\Linux\Практикум Ubuntu Server 20.04 LTS.md","referenced-by-one-note","C22CD039305CDD80E626B445842745D043A8AE350A62E077723FF931910D47D6"
"01 Основы\Linux\assets_D01_Linux-1\Pasted image 20240725153114.png","01 Основы\Linux\assets\Pasted image 20240725153114.png","01 Основы\Linux\Практикум Ubuntu Server 20.04 LTS.md","referenced-by-one-note","2BFCAA377707AE7A7A928ED2A0808BE03AC37042B5920BCEDAD2645DDF4241F4"
"01 Основы\Linux\assets_D01_Linux-1\Pasted image 20240725153250.png","01 Основы\Linux\assets\Pasted image 20240725153250.png","01 Основы\Linux\Практикум Ubuntu Server 20.04 LTS.md","referenced-by-one-note","83E9AD8783D2E56603361615EDD7DD73872332677154F6B257AC537BD06E221B"
"01 Основы\Linux\assets_D01_Linux-1\Pasted image 20240725155015.png","01 Основы\Linux\assets\Pasted image 20240725155015.png","01 Основы\Linux\Практикум Ubuntu Server 20.04 LTS.md","referenced-by-one-note","1E983B6A9DF346473B02D4E9019A6185B7E947CF2C1BE9939A95AD23EFF39D5E"
"01 Основы\Linux\assets_D01_Linux-1\Pasted image 20240725164330.png","01 Основы\Linux\assets\Pasted image 20240725164330.png","01 Основы\Linux\Практикум Ubuntu Server 20.04 LTS.md","referenced-by-one-note","FAE3B8421EAABF217D67CA247134831EF17EEF11B93F269199F6F3B613D371C6"
"01 Основы\Linux\assets_D01_Linux-1\Pasted image 20240725164727.png","01 Основы\Linux\assets\Pasted image 20240725164727.png","01 Основы\Linux\Практикум Ubuntu Server 20.04 LTS.md","referenced-by-one-note","DFCDEC3B37CC9E7838638FD0C1D27E31EE7172DFCED2236F7ABDA28C46541AFE"
"01 Основы\Linux\assets_D01_Linux-1\Pasted image 20240725165618.png","01 Основы\Linux\assets\Pasted image 20240725165618.png","01 Основы\Linux\Практикум Ubuntu Server 20.04 LTS.md","referenced-by-one-note","DAC17B1EC5AC8CA34108F6E285840FE67C1BEFE6B8561718AA4960CE1C27CD59"
"01 Основы\Linux\assets_D01_Linux-1\Pasted image 20240725171633.png","01 Основы\Linux\assets\Pasted image 20240725171633.png","01 Основы\Linux\Практикум Ubuntu Server 20.04 LTS.md","referenced-by-one-note","E168A64C5394885EF3D6B9FAFCC06A089F748CF64C3E0E37DC36B59A6126DACE"
"01 Основы\Linux\assets_D01_Linux-1\Pasted image 20240725172054.png","01 Основы\Linux\assets\Pasted image 20240725172054.png","01 Основы\Linux\Практикум Ubuntu Server 20.04 LTS.md","referenced-by-one-note","6F2E2FC3B49D1CD1F03F8FBB5C5602BD325B216BDD5920FD35E84AD868ADCB76"
"01 Основы\Linux\assets_D01_Linux-1\Pasted image 20240725172522.png","01 Основы\Linux\assets\Pasted image 20240725172522.png","01 Основы\Linux\Практикум Ubuntu Server 20.04 LTS.md","referenced-by-one-note","C522C59858ADC3D8E5EFFDF86A31DAD12B329DF75DF3FA8A79305511C87966C0"
"01 Основы\Linux\assets_D01_Linux-1\Pasted image 20240725172821.png","01 Основы\Linux\assets\Pasted image 20240725172821.png","01 Основы\Linux\Практикум Ubuntu Server 20.04 LTS.md","referenced-by-one-note","4C55A7F753B411614762F03554BF7B9B3A923881AF5BF1DC7D17FB92ECC8A8E6"
"01 Основы\Linux\assets_D01_Linux-1\Pasted image 20240725173133.png","01 Основы\Linux\assets\Pasted image 20240725173133.png","01 Основы\Linux\Практикум Ubuntu Server 20.04 LTS.md","referenced-by-one-note","9A08634CFB471B5C55817EF52C270D38BAE8E2E5DE7C7160D90835FAB5BACC3F"
"01 Основы\Linux\assets_D01_Linux-1\Pasted image 20240725173507.png","01 Основы\Linux\assets\Pasted image 20240725173507.png","01 Основы\Linux\Практикум Ubuntu Server 20.04 LTS.md","referenced-by-one-note","28C560C3567926AE833B56C18F4AE721CAA7AB35BA12B65F1FFD67E463F0CE22"
"01 Основы\Linux\assets_D01_Linux-1\Pasted image 20240725173950.png","01 Основы\Linux\assets\Pasted image 20240725173950.png","01 Основы\Linux\Практикум Ubuntu Server 20.04 LTS.md","referenced-by-one-note","3C8F53B96901370CD03A045A042E01594F16E99DB1E52C330109B7FD8C6FC3C8"
"01 Основы\Linux\assets_D01_Linux-1\Pasted image 20240725175246.png","01 Основы\Linux\assets\Pasted image 20240725175246.png","01 Основы\Linux\Практикум Ubuntu Server 20.04 LTS.md","referenced-by-one-note","2AC7B71868549CF45940419754686FD37AD664A7E20DFD6F0E263742F5304CE2"
"01 Основы\Linux\assets_D01_Linux-1\Pasted image 20240725175307.png","01 Основы\Linux\assets\Pasted image 20240725175307.png","01 Основы\Linux\Практикум Ubuntu Server 20.04 LTS.md","referenced-by-one-note","7AE3FF4679E8943885F547EF0E5F68AB2D3DBCE2543340EC0E066B03260A8A73"
"01 Основы\Linux\assets_D01_Linux-1\Pasted image 20240725175524.png","01 Основы\Linux\assets\Pasted image 20240725175524.png","01 Основы\Linux\Практикум Ubuntu Server 20.04 LTS.md","referenced-by-one-note","FB24CCC5B8367BDD90F05E4886E067D3B3C0E511FBA036D0961B1C1CDC4C047C"
"01 Основы\Linux\assets_D01_Linux-1\Pasted image 20240725175959.png","01 Основы\Linux\assets\Pasted image 20240725175959.png","01 Основы\Linux\Практикум Ubuntu Server 20.04 LTS.md","referenced-by-one-note","CD21963DC221679E4106CC020008299A2D8767D9CFBE0C68D95BABD38F2B8C56"
"01 Основы\Linux\assets_D01_Linux-1\Pasted image 20240725192246.png","01 Основы\Linux\assets\Pasted image 20240725192246.png","01 Основы\Linux\Практикум Ubuntu Server 20.04 LTS.md","referenced-by-one-note","03958F64A2CB1775B295CDA9F56D13CD373952147E927DA2BF0FFFC7E39486D0"
"01 Основы\Linux\assets_D01_Linux-1\Pasted image 20240725192928.png","01 Основы\Linux\assets\Pasted image 20240725192928.png","01 Основы\Linux\Практикум Ubuntu Server 20.04 LTS.md","referenced-by-one-note","8547B2CE4544667660FCA00A8234C1CC2D2811AE5C21785C3F88D2B45ECC9AD1"
"01 Основы\Linux\assets_D01_Linux-1\Pasted image 20240725193239.png","01 Основы\Linux\assets\Pasted image 20240725193239.png","01 Основы\Linux\Практикум Ubuntu Server 20.04 LTS.md","referenced-by-one-note","9215675524626378708B2B100B132500D6AD8FA789338F2B378CB96FB75ABF51"
"01 Основы\Linux\assets_D01_Linux-1\Pasted image 20240725194507.png","01 Основы\Linux\assets\Pasted image 20240725194507.png","01 Основы\Linux\Практикум Ubuntu Server 20.04 LTS.md","referenced-by-one-note","C8A5C66EF3C19C65713DF068161459615D68200292853586AB8777F841C43671"
"01 Основы\Linux\assets_D01_Linux-1\Pasted image 20240726153339.png","01 Основы\Linux\assets\Pasted image 20240726153339.png","01 Основы\Linux\Практикум Ubuntu Server 20.04 LTS.md","referenced-by-one-note","F79B65F47DDB28BAEACDA3758C8E40EB0E7875A6DD0EE18AA166FE0523688D5A"
"01 Основы\Linux\assets_D01_Linux-1\Pasted image 20240726153425.png","01 Основы\Linux\assets\Pasted image 20240726153425.png","01 Основы\Linux\Практикум Ubuntu Server 20.04 LTS.md","referenced-by-one-note","6363A612D7F58B9783D1CB51235FAC6A619A0E3E366B92523FF78D15C68BA8A0"
"01 Основы\Linux\assets_D01_Linux-1\Pasted image 20240726154153.png","01 Основы\Linux\assets\Pasted image 20240726154153.png","01 Основы\Linux\Практикум Ubuntu Server 20.04 LTS.md","referenced-by-one-note","DF7814FAE05962D61E1CB01F397459E1FE1950D137A9F800C92189C8AFC3C5CE"
"01 Основы\Linux\assets_D01_Linux-1\Pasted image 20240726154446.png","01 Основы\Linux\assets\Pasted image 20240726154446.png","01 Основы\Linux\Практикум Ubuntu Server 20.04 LTS.md","referenced-by-one-note","EE10641474DE3D196E4FE017C483380FC4A44146F73D79C85297163E131A50CB"
"01 Основы\Linux\assets_D01_Linux-1\Pasted image 20240726154625.png","01 Основы\Linux\assets\Pasted image 20240726154625.png","01 Основы\Linux\Практикум Ubuntu Server 20.04 LTS.md","referenced-by-one-note","9EE9707B95A754B58ACB8E5361ECB2D35BE4DAFE5B76350AEC8667CAF75397FD"
"01 Основы\Linux\assets_D01_Linux-1\Pasted image 20240726171650.png","01 Основы\Linux\assets\Pasted image 20240726171650.png","01 Основы\Linux\Практикум Ubuntu Server 20.04 LTS.md","referenced-by-one-note","CFE47C735421DD3864B5B63AABCC6A931C0A02C779E1D655845E49D4DF73C8C2"
"01 Основы\Linux\assets_D01_Linux-1\Pasted image 20240726195726.png","01 Основы\Linux\assets\Pasted image 20240726195726.png","01 Основы\Linux\Практикум Ubuntu Server 20.04 LTS.md","referenced-by-one-note","596B1FB2A955904F2FA0ED773911937C759305994B421167A8653668E34D9222"
"01 Основы\Linux\assets_D01_Linux-1\Pasted image 20240726200041.png","01 Основы\Linux\assets\Pasted image 20240726200041.png","01 Основы\Linux\Практикум Ubuntu Server 20.04 LTS.md","referenced-by-one-note","5A153668037912A4475027717891017BDF10F2718AFFDDE47280182DCF47F6CD"
"01 Основы\Linux\assets_D01_Linux-1\Pasted image 20240726200420.png","01 Основы\Linux\assets\Pasted image 20240726200420.png","01 Основы\Linux\Практикум Ubuntu Server 20.04 LTS.md","referenced-by-one-note","EBD235FEC907D378C67DCF66D608C0535BA7A75E0D30C3F9513F5C468430EB63"
"01 Основы\Linux\assets_D01_Linux-1\Pasted image 20240726200811.png","01 Основы\Linux\assets\Pasted image 20240726200811.png","01 Основы\Linux\Практикум Ubuntu Server 20.04 LTS.md","referenced-by-one-note","0BDC8AC155D591336B8BDE3760C9B26CD79F3991F720BD635A3911139840BAC0"
"01 Основы\Linux\assets_D01_Linux-1\Pasted image 20240726200835.png","01 Основы\Linux\assets\Pasted image 20240726200835.png","01 Основы\Linux\Практикум Ubuntu Server 20.04 LTS.md","referenced-by-one-note","868F83385E2C8FAAFF3F6E3FB216316C46E54A1EFFC69729FE531BBB14A53BBC"
"01 Основы\Linux\assets_D01_Linux-1\Pasted image 20240726200852.png","01 Основы\Linux\assets\Pasted image 20240726200852.png","01 Основы\Linux\Практикум Ubuntu Server 20.04 LTS.md","referenced-by-one-note","7D54BA1944B882664CBCD543BAB34FFD8FF120D7DB077410C39B9B1A9E457EEE"
"01 Основы\Linux\assets_D01_Linux-1\Pasted image 20240726200917.png","01 Основы\Linux\assets\Pasted image 20240726200917.png","01 Основы\Linux\Практикум Ubuntu Server 20.04 LTS.md","referenced-by-one-note","86EF774057338DD4F75BB95950483C6C5DC41A98B968E46F1F76869E7429E1E2"
"01 Основы\Linux\assets_D01_Linux-1\Pasted image 20240726201143.png","01 Основы\Linux\assets\Pasted image 20240726201143.png","01 Основы\Linux\Практикум Ubuntu Server 20.04 LTS.md","referenced-by-one-note","55A6F94F78B78B1C83F7DCE917B404CA7DF2D895656A5D002D072A8CCAE20A90"
"01 Основы\Linux\assets_D01_Linux-1\Pasted image 20240726201440.png","01 Основы\Linux\assets\Pasted image 20240726201440.png","01 Основы\Linux\Практикум Ubuntu Server 20.04 LTS.md","referenced-by-one-note","82B482F6731A0087ABB862B0E173887CF76ADAB4F661DB52C090134AB9A396CE"
"01 Основы\Linux\assets_D01_Linux-1\Pasted image 20240726202549.png","01 Основы\Linux\assets\Pasted image 20240726202549.png","01 Основы\Linux\Практикум Ubuntu Server 20.04 LTS.md","referenced-by-one-note","858F6CDAFC35F7B40AF4B0A3F31E1E10BD40169355655EAD6174593C9A6E9A15"
"01 Основы\Linux\assets_D01_Linux-1\Pasted image 20240726202817.png","01 Основы\Linux\assets\Pasted image 20240726202817.png","01 Основы\Linux\Практикум Ubuntu Server 20.04 LTS.md","referenced-by-one-note","DEB4A59996C1ED53807E75DC9D7A21AD19986EFFE19236EABA92B6A0B2E5FA3B"
"01 Основы\Linux\assets_D01_Linux-1\Pasted image 20240726210427.png","01 Основы\Linux\assets\Pasted image 20240726210427.png","01 Основы\Linux\Практикум Ubuntu Server 20.04 LTS.md","referenced-by-one-note","98EED3007CD25FC2135173D0ABD121AFD1CCA2F55D37808F2D937A0429BEC755"
"01 Основы\Linux\assets_D01_Linux-1\Pasted image 20240726210705.png","01 Основы\Linux\assets\Pasted image 20240726210705.png","01 Основы\Linux\Практикум Ubuntu Server 20.04 LTS.md","referenced-by-one-note","C87306DCF72E9872EBD0321F319FA9397FFE02F0E66243447455BBF3A5E2C893"
"01 Основы\Linux\assets_D01_Linux-1\Pasted image 20240726211345.png","01 Основы\Linux\assets\Pasted image 20240726211345.png","01 Основы\Linux\Практикум Ubuntu Server 20.04 LTS.md","referenced-by-one-note","DC3F3C128C46090ECD2EB9D567E50270E39622104D962C238C9FF42630E20A62"
"01 Основы\Linux\assets_D01_Linux-1\Pasted image 20240726212250.png","01 Основы\Linux\assets\Pasted image 20240726212250.png","01 Основы\Linux\Практикум Ubuntu Server 20.04 LTS.md","referenced-by-one-note","20CA0F8DBD4712D58DEBFA5F639BDA4FCCC5D3E42EFF07EA90022CD6324C4813"
"01 Основы\Linux\assets_D01_Linux-1\Pasted image 20240726212514.png","01 Основы\Linux\assets\Pasted image 20240726212514.png","01 Основы\Linux\Практикум Ubuntu Server 20.04 LTS.md","referenced-by-one-note","BDFC60C23512FC23A4322B71C30C9E22831F719A86904234CEC78D1B14638941"
"01 Основы\Linux\assets_D01_Linux-1\Pasted image 20240726213120.png","01 Основы\Linux\assets\Pasted image 20240726213120.png","01 Основы\Linux\Практикум Ubuntu Server 20.04 LTS.md","referenced-by-one-note","627D3BBB8548D5B3D0BB0C2D6EF3F612810BEA26C9533245F717A3077B644C58"
"01 Основы\Linux\assets_D01_Linux-1\Pasted image 20240726220107.png","01 Основы\Linux\assets\Pasted image 20240726220107.png","01 Основы\Linux\Практикум Ubuntu Server 20.04 LTS.md","referenced-by-one-note","B95F09F0ECFCCB5387BCE20F2BD71F7E9FD841C427E50DD68553ED6ECF079FF7"
"01 Основы\Linux\assets_D01_Linux-1\Pasted image 20240727143700.png","01 Основы\Linux\assets\Pasted image 20240727143700.png","01 Основы\Linux\Практикум Ubuntu Server 20.04 LTS.md","referenced-by-one-note","DC44BCD0D2E65046BE24B8BBA2D1AE053F9D75EF24BD1D51425C76E37C0107CD"
"01 Основы\Linux\assets_D01_Linux-1\Pasted image 20240727143744.png","01 Основы\Linux\assets\Pasted image 20240727143744.png","01 Основы\Linux\Практикум Ubuntu Server 20.04 LTS.md","referenced-by-one-note","1F925531ACE8701B86C4CC1DE653556E227A3A4E2BCE4A5B44179A0E54E9C7A1"
"01 Основы\Linux\assets_D01_Linux-1\Pasted image 20240727143833.png","01 Основы\Linux\assets\Pasted image 20240727143833.png","01 Основы\Linux\Практикум Ubuntu Server 20.04 LTS.md","referenced-by-one-note","FF6A7D3ABEC6A99AB0B1668B6A8B53C1B01211BD15C291B577B5D90E330AAAE0"
"01 Основы\Linux\assets_D01_Linux-1\Pasted image 20240727144922.png","01 Основы\Linux\assets\Pasted image 20240727144922.png","01 Основы\Linux\Практикум Ubuntu Server 20.04 LTS.md","referenced-by-one-note","2725DC701DC7313E60155D19ADA3452CBCCDC9B3FE48C2974B9764C2A52A64A3"
"01 Основы\Linux\assets_D01_Linux-1\Pasted image 20240727145205.png","01 Основы\Linux\assets\Pasted image 20240727145205.png","01 Основы\Linux\Практикум Ubuntu Server 20.04 LTS.md","referenced-by-one-note","C95F84821ECE268A0FF84176E7C26BF583831B78D1384C357CEBA3EC7CC2F541"
"01 Основы\Linux\assets_D01_Linux-1\Pasted image 20240727145405.png","01 Основы\Linux\assets\Pasted image 20240727145405.png","01 Основы\Linux\Практикум Ubuntu Server 20.04 LTS.md","referenced-by-one-note","2529A676F80F1E0936227383D0215A5581CBB682BB4B5F8BAD61F6E210DC5AFC"
"01 Основы\Linux\assets_D01_Linux-1\Pasted image 20240727150455.png","01 Основы\Linux\assets\Pasted image 20240727150455.png","01 Основы\Linux\Практикум Ubuntu Server 20.04 LTS.md","referenced-by-one-note","25558D09728BE3F18AA24C2F2B8C05FFC86BC8B74E14A55C1806850D77677D61"
"01 Основы\Linux\assets_D01_Linux-1\Pasted image 20240727151706.png","01 Основы\Linux\assets\Pasted image 20240727151706.png","01 Основы\Linux\Практикум Ubuntu Server 20.04 LTS.md","referenced-by-one-note","E022DCB0197A590A7CE704D08AFDDF4EE45F52E0413BF89AA8B42D353619F132"
"01 Основы\Linux\assets_D01_Linux-1\Pasted image 20240727180714.png","01 Основы\Linux\assets\Pasted image 20240727180714.png","01 Основы\Linux\Практикум Ubuntu Server 20.04 LTS.md","referenced-by-one-note","0EF0F702E76E1B8F3D8D420F93DB90BCA995E084FA65D06306A7450BB0D4873B"
"01 Основы\Linux\assets_D01_Linux-1\Pasted image 20240727181435.png","01 Основы\Linux\assets\Pasted image 20240727181435.png","01 Основы\Linux\Практикум Ubuntu Server 20.04 LTS.md","referenced-by-one-note","6AABC9FB48E43FFB7D931EC69608F833A1D4E3C08E9EF3F22B20CB21D817E62F"
"01 Основы\Linux\assets_D01_Linux-1\Pasted image 20240727181518.png","01 Основы\Linux\assets\Pasted image 20240727181518.png","01 Основы\Linux\Практикум Ubuntu Server 20.04 LTS.md","referenced-by-one-note","935B45AFBE9F622622872093BA99C94E59B1CC12F2164D10F5F59C0F501205A0"
"01 Основы\Linux\assets_D01_Linux-1\Pasted image 20240727181545.png","01 Основы\Linux\assets\Pasted image 20240727181545.png","01 Основы\Linux\Практикум Ubuntu Server 20.04 LTS.md","referenced-by-one-note","B0B7BE147224E84B7BFFD5588DD13325C5D1DBCD5DFC4A1AC6657731889EC129"
"01 Основы\Контейнеры и инфраструктура\assets_D05_SimpleDocker\Pasted image 20240809101541.png","01 Основы\Контейнеры и инфраструктура\assets\Pasted image 20240809101541.png","01 Основы\Контейнеры и инфраструктура\Практикум Docker.md","referenced-by-one-note","E39C28CDAD87AEA214EECA7745D242348DAE297AA5FACF1A30F2D5EB6EBA1950"
"01 Основы\Контейнеры и инфраструктура\assets_D05_SimpleDocker\Pasted image 20240809101627.png","01 Основы\Контейнеры и инфраструктура\assets\Pasted image 20240809101627.png","01 Основы\Контейнеры и инфраструктура\Практикум Docker.md","referenced-by-one-note","83F81EF7C9904A073429FFE29C7772837372BD54788A9E3C158DCEAF3C1BC875"
"01 Основы\Контейнеры и инфраструктура\assets_D05_SimpleDocker\Pasted image 20240809101708.png","01 Основы\Контейнеры и инфраструктура\assets\Pasted image 20240809101708.png","01 Основы\Контейнеры и инфраструктура\Практикум Docker.md","referenced-by-one-note","A3DC002351440BF577EB548C4B154652F6E0375CCF70AB83B90273FB6806E4F2"
"01 Основы\Контейнеры и инфраструктура\assets_D05_SimpleDocker\Pasted image 20240809101734.png","01 Основы\Контейнеры и инфраструктура\assets\Pasted image 20240809101734.png","01 Основы\Контейнеры и инфраструктура\Практикум Docker.md","referenced-by-one-note","FC1DDEBA04B276F4EDC6E74249DD6EBD2C44CCD2E0750C6CFAAEB0179E450AC7"
"01 Основы\Контейнеры и инфраструктура\assets_D05_SimpleDocker\Pasted image 20240809103104.png","01 Основы\Контейнеры и инфраструктура\assets\Pasted image 20240809103104.png","01 Основы\Контейнеры и инфраструктура\Практикум Docker.md","referenced-by-one-note","33FA2070BC5EF250A38BA2D68AC00DB9A8176155BFC7C68A94529102138D049B"
"01 Основы\Контейнеры и инфраструктура\assets_D05_SimpleDocker\Pasted image 20240809103130.png","01 Основы\Контейнеры и инфраструктура\assets\Pasted image 20240809103130.png","01 Основы\Контейнеры и инфраструктура\Практикум Docker.md","referenced-by-one-note","7C41B22AC1A55EEF4DA7AE63C926129DCF7E7FF5F493FEDEB5EF6FCACDE091BB"
"01 Основы\Контейнеры и инфраструктура\assets_D05_SimpleDocker\Pasted image 20240809103154.png","01 Основы\Контейнеры и инфраструктура\assets\Pasted image 20240809103154.png","01 Основы\Контейнеры и инфраструктура\Практикум Docker.md","referenced-by-one-note","B7D066B39AC2A4F1E26DAA62DAAD8DA6BC8C3D45424EFD746AD0E9DA2937E6D5"
"01 Основы\Контейнеры и инфраструктура\assets_D05_SimpleDocker\Pasted image 20240809103229.png","01 Основы\Контейнеры и инфраструктура\assets\Pasted image 20240809103229.png","01 Основы\Контейнеры и инфраструктура\Практикум Docker.md","referenced-by-one-note","82581A6FC5E1BC3BB42B121653F80DB8361D7724961F9A40754BED54D0F8D570"
"01 Основы\Контейнеры и инфраструктура\assets_D05_SimpleDocker\Pasted image 20240809103247.png","01 Основы\Контейнеры и инфраструктура\assets\Pasted image 20240809103247.png","01 Основы\Контейнеры и инфраструктура\Практикум Docker.md","referenced-by-one-note","5B4C5C7337FEF32BDF80D37DD0A0697620F9500C54A7D064A441839D9395529C"
"01 Основы\Контейнеры и инфраструктура\assets_D05_SimpleDocker\Pasted image 20240809103537.png","01 Основы\Контейнеры и инфраструктура\assets\Pasted image 20240809103537.png","01 Основы\Контейнеры и инфраструктура\Практикум Docker.md","referenced-by-one-note","F7DF1AA4427B382C0113B8A9B47AB268B32D4409BE0197C87DDF927BA391ABA7"
"01 Основы\Контейнеры и инфраструктура\assets_D05_SimpleDocker\Pasted image 20240809103719.png","01 Основы\Контейнеры и инфраструктура\assets\Pasted image 20240809103719.png","01 Основы\Контейнеры и инфраструктура\Практикум Docker.md","referenced-by-one-note","E0264675188FE6C9E84057B4F1FA4C02C5412C2D69E18D6A4CE61B6853963679"
"01 Основы\Контейнеры и инфраструктура\assets_D05_SimpleDocker\Pasted image 20240809104345.png","01 Основы\Контейнеры и инфраструктура\assets\Pasted image 20240809104345.png","01 Основы\Контейнеры и инфраструктура\Практикум Docker.md","referenced-by-one-note","305161A93D6E71D36BA6A97DE717D705703049B8034FAAB1734A9D7830158E00"
"01 Основы\Контейнеры и инфраструктура\assets_D05_SimpleDocker\Pasted image 20240809104528.png","01 Основы\Контейнеры и инфраструктура\assets\Pasted image 20240809104528.png","01 Основы\Контейнеры и инфраструктура\Практикум Docker.md","referenced-by-one-note","FE797BDBA11AE38B3A5B541CD034855CE773124426F6BD54DED89F7E63924B2A"
"01 Основы\Контейнеры и инфраструктура\assets_D05_SimpleDocker\Pasted image 20240809104539.png","01 Основы\Контейнеры и инфраструктура\assets\Pasted image 20240809104539.png","01 Основы\Контейнеры и инфраструктура\Практикум Docker.md","referenced-by-one-note","B65D1C65C91DB8DFAFF205C9F338F3F93CEF31E217838C050DA55E6C7E11AD82"
"01 Основы\Контейнеры и инфраструктура\assets_D05_SimpleDocker\Pasted image 20240809104554.png","01 Основы\Контейнеры и инфраструктура\assets\Pasted image 20240809104554.png","01 Основы\Контейнеры и инфраструктура\Практикум Docker.md","referenced-by-one-note","E432A993E58D92D3BF57FEDEE0E90009D533E6B2E2A057A2CFF9CC9E740BAA31"
"01 Основы\Контейнеры и инфраструктура\assets_D05_SimpleDocker\Pasted image 20240809104700.png","01 Основы\Контейнеры и инфраструктура\assets\Pasted image 20240809104700.png","01 Основы\Контейнеры и инфраструктура\Практикум Docker.md","referenced-by-one-note","A302E5FE59F8293718F6E091916AEDA77A7950DCA30053A698C4734148F58B72"
"01 Основы\Контейнеры и инфраструктура\assets_D05_SimpleDocker\Pasted image 20240809105059.png","01 Основы\Контейнеры и инфраструктура\assets\Pasted image 20240809105059.png","01 Основы\Контейнеры и инфраструктура\Практикум Docker.md","referenced-by-one-note","8C58B06B893938878DC4DB708226A08E2163C797C0938A3C433A55F416C543F5"
"01 Основы\Контейнеры и инфраструктура\assets_D05_SimpleDocker\Pasted image 20240809105207.png","01 Основы\Контейнеры и инфраструктура\assets\Pasted image 20240809105207.png","01 Основы\Контейнеры и инфраструктура\Практикум Docker.md","referenced-by-one-note","BA28CC4B7C670895575F79F860A191EC83F00F80E8EF10DBCD0CCCDACB018BEC"
"01 Основы\Контейнеры и инфраструктура\assets_D05_SimpleDocker\Pasted image 20240810174809.png","01 Основы\Контейнеры и инфраструктура\assets\Pasted image 20240810174809.png","01 Основы\Контейнеры и инфраструктура\Практикум Docker.md","referenced-by-one-note","569C006C9BE0D856B1EDBA8233B9AFF9A887E9F5BA4A867A360D96BD1DF9D9C5"
"01 Основы\Контейнеры и инфраструктура\assets_D05_SimpleDocker\Pasted image 20240810175454.png","01 Основы\Контейнеры и инфраструктура\assets\Pasted image 20240810175454.png","01 Основы\Контейнеры и инфраструктура\Практикум Docker.md","referenced-by-one-note","41F4C8A6C500F0D930FE472C0BA6A7B40A0F2316117F11BF9AD1C3E3717808F7"
"01 Основы\Контейнеры и инфраструктура\assets_D05_SimpleDocker\Pasted image 20240810180135.png","01 Основы\Контейнеры и инфраструктура\assets\Pasted image 20240810180135.png","01 Основы\Контейнеры и инфраструктура\Практикум Docker.md","referenced-by-one-note","C86270A48990BDB9026AB7D56EA66DED598F830EA4B45D654F8C17CB6F07DBD1"
"01 Основы\Контейнеры и инфраструктура\assets_D05_SimpleDocker\Pasted image 20240810180258.png","01 Основы\Контейнеры и инфраструктура\assets\Pasted image 20240810180258.png","01 Основы\Контейнеры и инфраструктура\Практикум Docker.md","referenced-by-one-note","BB9D0D15F99893657134AEDC874BBDBDA74333D541B3DF1142A573BA5EF5270C"
"01 Основы\Контейнеры и инфраструктура\assets_D05_SimpleDocker\Pasted image 20240810181451.png","01 Основы\Контейнеры и инфраструктура\assets\Pasted image 20240810181451.png","01 Основы\Контейнеры и инфраструктура\Практикум Docker.md","referenced-by-one-note","338C45EF21C5425FC8081F85D26B28B05DEC3DC73F392796BBC089A63F7E1FAD"
"01 Основы\Контейнеры и инфраструктура\assets_D05_SimpleDocker\Pasted image 20240810181706.png","01 Основы\Контейнеры и инфраструктура\assets\Pasted image 20240810181706.png","01 Основы\Контейнеры и инфраструктура\Практикум Docker.md","referenced-by-one-note","406CB8302F1A840546D3FEAE297B77FEB3A0100C9DD0C64AECD53008389CE65D"
"01 Основы\Контейнеры и инфраструктура\assets_D05_SimpleDocker\Pasted image 20240810181803.png","01 Основы\Контейнеры и инфраструктура\assets\Pasted image 20240810181803.png","01 Основы\Контейнеры и инфраструктура\Практикум Docker.md","referenced-by-one-note","C64BB2EBE4B11A1E23AF61E965E6D2E5EF3DD5AA0E39D2DEC29A063AF6EE6438"
"01 Основы\Контейнеры и инфраструктура\assets_D05_SimpleDocker\Pasted image 20240810182103.png","01 Основы\Контейнеры и инфраструктура\assets\Pasted image 20240810182103.png","01 Основы\Контейнеры и инфраструктура\Практикум Docker.md","referenced-by-one-note","79A5C2EBD18C51729F436DAC6A3C66F4A05F817ABFFADA0226B1D800D8606AD3"
"01 Основы\Контейнеры и инфраструктура\assets_D05_SimpleDocker\Pasted image 20240810182332.png","01 Основы\Контейнеры и инфраструктура\assets\Pasted image 20240810182332.png","01 Основы\Контейнеры и инфраструктура\Практикум Docker.md","referenced-by-one-note","9EE3C00554D48AC58F02CA2E9B24655AC8347C740D255757528A0F015D0FCE60"
"01 Основы\Контейнеры и инфраструктура\assets_D05_SimpleDocker\Pasted image 20240810182548.png","01 Основы\Контейнеры и инфраструктура\assets\Pasted image 20240810182548.png","01 Основы\Контейнеры и инфраструктура\Практикум Docker.md","referenced-by-one-note","D34945500C8ED6EE99142E04A03AA7731DCD282CE2C70B0E85A9D55C18E66935"
"01 Основы\Контейнеры и инфраструктура\assets_D05_SimpleDocker\Pasted image 20240810185705.png","01 Основы\Контейнеры и инфраструктура\assets\Pasted image 20240810185705.png","01 Основы\Контейнеры и инфраструктура\Практикум Docker.md","referenced-by-one-note","CEF9D852E918A9437A55F3AEE4DBC029A36EB855C592C4F86C9E2393824F00CE"
"01 Основы\Контейнеры и инфраструктура\assets_D05_SimpleDocker\Pasted image 20240810185725.png","01 Основы\Контейнеры и инфраструктура\assets\Pasted image 20240810185725.png","01 Основы\Контейнеры и инфраструктура\Практикум Docker.md","referenced-by-one-note","8C20E60A8DD9FB0F850320FF0811573981635AE8465B5CCBE5D24DE08707A867"
"01 Основы\Контейнеры и инфраструктура\assets_D05_SimpleDocker\Pasted image 20240811222502.png","01 Основы\Контейнеры и инфраструктура\assets\Pasted image 20240811222502.png","01 Основы\Контейнеры и инфраструктура\Практикум Docker.md","referenced-by-one-note","511ADD162B5E063C2BB58BFD26CD595231D8A9A3343FE243D910F0E567D3A4D5"
"01 Основы\Контейнеры и инфраструктура\assets_D05_SimpleDocker\Pasted image 20240811222550.png","01 Основы\Контейнеры и инфраструктура\assets\Pasted image 20240811222550.png","01 Основы\Контейнеры и инфраструктура\Практикум Docker.md","referenced-by-one-note","A9767D13EFA7E6C1CD617F212847F5D3DB82C9538A10ED1E2DCACD5EF2E61FCB"
"01 Основы\Контейнеры и инфраструктура\assets_D05_SimpleDocker\Pasted image 20240811222612.png","01 Основы\Контейнеры и инфраструктура\assets\Pasted image 20240811222612.png","01 Основы\Контейнеры и инфраструктура\Практикум Docker.md","referenced-by-one-note","38C2AA2CAC413B03AE2C10BCBBCF4869B89AAFB818B2E53A7D321CFD8CC6BA87"
"01 Основы\Контейнеры и инфраструктура\assets_D05_SimpleDocker\Pasted image 20240811222639.png","01 Основы\Контейнеры и инфраструктура\assets\Pasted image 20240811222639.png","01 Основы\Контейнеры и инфраструктура\Практикум Docker.md","referenced-by-one-note","81070D5170A55B8D1E8A48D43CA0A87A588BE895BDB8810BCB1AC7D5B2D04F20"
"01 Основы\Контейнеры и инфраструктура\assets_D05_SimpleDocker\Pasted image 20240901120653.png","01 Основы\Контейнеры и инфраструктура\assets\Pasted image 20240901120653.png","01 Основы\Контейнеры и инфраструктура\Практикум Docker.md","referenced-by-one-note","B4011D0338FA63B24644A61DD5CF7A5A9ED32822B451F30D22478041CBE7FA2C"
"01 Основы\Контейнеры и инфраструктура\assets_D05_SimpleDocker\Pasted image 20240901120900.png","01 Основы\Контейнеры и инфраструктура\assets\Pasted image 20240901120900.png","01 Основы\Контейнеры и инфраструктура\Практикум Docker.md","referenced-by-one-note","F1A1EA4678B0B0148A714E4ACA9E8C72456136B05210EE652541950B07EF7210"
"01 Основы\Контейнеры и инфраструктура\assets_D05_SimpleDocker\Pasted image 20240907144931.png","01 Основы\Контейнеры и инфраструктура\assets\Pasted image 20240907144931.png","01 Основы\Контейнеры и инфраструктура\Практикум Docker.md","referenced-by-one-note","5E122273AA5E95CD65075A67E81EEE18EABDD3068AEA121FE6F4E0C0D02AB62E"
"01 Основы\Контейнеры и инфраструктура\assets_D05_SimpleDocker\Pasted image 20240907172833.png","01 Основы\Контейнеры и инфраструктура\assets\Pasted image 20240907172833.png","01 Основы\Контейнеры и инфраструктура\Практикум Docker.md","referenced-by-one-note","3BF11F55BE7C42F7865914D7B230570EB2E96C4B24E31EF327D1F4F056C7D7FD"
"01 Основы\Контейнеры и инфраструктура\assets_D05_SimpleDocker\Pasted image 20240909162317.png","01 Основы\Контейнеры и инфраструктура\assets\Pasted image 20240909162317.png","01 Основы\Контейнеры и инфраструктура\Практикум Docker.md","referenced-by-one-note","DCE079E887276EF758E8718A078C711289BB51056AA8AA5B8399EBEC3773FB60"
"01 Основы\Контейнеры и инфраструктура\DevOps и администрирование\assets\Docker_Command_Cheat_Sheet.pdf","01 Основы\Контейнеры и инфраструктура\assets\Docker_Command_Cheat_Sheet.pdf","01 Основы\Контейнеры и инфраструктура\Docker — краткая шпаргалка.md","referenced-by-one-note","69BC86AA77E80B679616626CD08BACFA999C122C8F0DA1349040A8CD730F0C97"
"01 Основы\Контейнеры и инфраструктура\DevOps и администрирование\assets\Pasted image 20240602175745.png","01 Основы\Контейнеры и инфраструктура\assets\Pasted image 20240602175745.png","01 Основы\Контейнеры и инфраструктура\Docker — краткая шпаргалка.md","referenced-by-one-note","32D8601D06C3B2D2E6B1ECC6C4BE87F4A166F45D3F52276ABAD6456B9C6E0F33"
"01 Основы\Контейнеры и инфраструктура\DevOps и администрирование\assets\Pasted image 20240714131049.png","01 Основы\Linux\assets\Pasted image 20240714131049.png","01 Основы\Linux\Пользователи, группы и права.md","referenced-by-one-note","418037411AA1CD3CEFD237B9BDBC682D7B073BA9042787B4EFC7F7CF6C3E76B1"
"01 Основы\Контейнеры и инфраструктура\DevOps и администрирование\assets\Pasted image 20240714132121.png","01 Основы\Linux\assets\Pasted image 20240714132121.png","01 Основы\Linux\Пользователи, группы и права.md","referenced-by-one-note","907C0AE4F2047CCA2E2C7FA69F3CB46D5392FA6EB608B398D1FFFF640CE30F8F"
"01 Основы\Контейнеры и инфраструктура\DevOps и администрирование\assets\Pasted image 20240714134115.png","01 Основы\Linux\assets\Pasted image 20240714134115.png","01 Основы\Linux\Пользователи, группы и права.md","referenced-by-one-note","2653D8DBDE27BBD8B02DC3709C13A125321AA888BBA52D8EC93828AE4C3968BA"
"01 Основы\Контейнеры и инфраструктура\DevOps и администрирование\assets\Pasted image 20240714134318.png","01 Основы\Linux\assets\Pasted image 20240714134318.png","01 Основы\Linux\Пользователи, группы и права.md","referenced-by-one-note","48DED4C4B9F830D4BE9CD9C835CEB2643D2BAE42ACE26C36C9AE4533FB590FAF"
"01 Основы\Контейнеры и инфраструктура\DevOps и администрирование\assets\Pasted image 20240714135738.png","01 Основы\Linux\assets\Pasted image 20240714135738.png","01 Основы\Linux\Конфигурация Linux.md","referenced-by-one-note","11AAE470F31EC17799DA360A2E8B815463557A4A1164B8CDDCFC4EE85266FED2"
"01 Основы\Контейнеры и инфраструктура\DevOps и администрирование\assets\Pasted image 20240714135806.png","01 Основы\Linux\assets\Pasted image 20240714135806.png","01 Основы\Linux\Конфигурация Linux.md","referenced-by-one-note","A76CC22453406C735014729227E3DEBF9E3BC70B8E4AB5D06CB4DD59F2B2FE7D"
"01 Основы\Контейнеры и инфраструктура\DevOps и администрирование\assets\Pasted image 20240714141746.png","01 Основы\Linux\assets\Pasted image 20240714141746.png","01 Основы\Linux\Мониторинг Linux.md","referenced-by-one-note","9B537361447C481FAEBD7299388FC1555E668EF08CC673FAA5E175E0FA655566"
"01 Основы\Контейнеры и инфраструктура\DevOps и администрирование\assets\Pasted image 20240714154406.png","01 Основы\Linux\assets\Pasted image 20240714154406.png","01 Основы\Linux\Конфигурация Linux.md","referenced-by-one-note","367E10DA1F4A1FDD5BB12A61E60BDC7A2DC11469FEF7F79FF9A2CD7E5DF043BD"
"01 Основы\Контейнеры и инфраструктура\DevOps и администрирование\assets\Pasted image 20240714155031.png","01 Основы\Linux\assets\Pasted image 20240714155031.png","01 Основы\Linux\Конфигурация Linux.md","referenced-by-one-note","E41804D1B5D1955B85EE9D34091BA0E5F52BBE760A2F4B362056FDB6409E15AE"
"01 Основы\Контейнеры и инфраструктура\DevOps и администрирование\assets\Pasted image 20240714155107.png","01 Основы\Linux\assets\Pasted image 20240714155107.png","01 Основы\Linux\Конфигурация Linux.md","referenced-by-one-note","9C8F347718A7E04C7354F6CBFACFC2946F60FC475A54505E89D917458127ECEB"
"01 Основы\Контейнеры и инфраструктура\DevOps и администрирование\assets\Pasted image 20240714155202.png","01 Основы\Linux\assets\Pasted image 20240714155202.png","01 Основы\Linux\Конфигурация Linux.md","referenced-by-one-note","84363D7B06F53753E7A7BE1FC77F2E1B96E675A05A173F734E2222D9F0F10D68"
"01 Основы\Контейнеры и инфраструктура\DevOps и администрирование\assets\Pasted image 20240714221210.png","01 Основы\Linux\assets\Pasted image 20240714221210.png","01 Основы\Linux\Мониторинг Linux.md","referenced-by-one-note","48ABE4E6CFAC1480DD14C512E7517A17B4532D3FD7E4E35F0692B0F9908EB89D"
"01 Основы\Контейнеры и инфраструктура\DevOps и администрирование\assets\Pasted image 20240714221221.png","01 Основы\Linux\assets\Pasted image 20240714221221.png","01 Основы\Linux\Мониторинг Linux.md","referenced-by-one-note","B286F02F742690319E8B2BBBF4D4BFF73648EDC852AA00A33AB45C8551A29E1A"
"01 Основы\Контейнеры и инфраструктура\DevOps и администрирование\assets\Pasted image 20240714221248.png","01 Основы\Linux\assets\Pasted image 20240714221248.png","01 Основы\Linux\Мониторинг Linux.md","referenced-by-one-note","5FD39CBE6848829B5A909C43C369AEA72830629685E971C87EC88F0622464F62"
"01 Основы\Контейнеры и инфраструктура\DevOps и администрирование\assets\Pasted image 20240714221320.png","01 Основы\Linux\assets\Pasted image 20240714221320.png","01 Основы\Linux\Мониторинг Linux.md","referenced-by-one-note","C27CCAA02C81963003EF2CC8A564B273F3498F1AA9F64BA79199FED731690F56"
"01 Основы\Контейнеры и инфраструктура\DevOps и администрирование\assets\Pasted image 20240714221539.png","01 Основы\Linux\assets\Pasted image 20240714221539.png","01 Основы\Linux\Мониторинг Linux.md","referenced-by-one-note","427E2CEEE22BDF46A13FAFBD845ABAE0DA93D88D3015398B5A5D2DBA352CCF76"
"01 Основы\Контейнеры и инфраструктура\DevOps и администрирование\assets\Pasted image 20240714221636.png","01 Основы\Linux\assets\Pasted image 20240714221636.png","01 Основы\Linux\Мониторинг Linux.md","referenced-by-one-note","67A211AFD2482FF2983934878AC33F296F8DB13AA547D2DB7A2F0A846E33B4C1"
"01 Основы\Контейнеры и инфраструктура\DevOps и администрирование\assets\Pasted image 20240714221658.png","01 Основы\Linux\assets\Pasted image 20240714221658.png","01 Основы\Linux\Мониторинг Linux.md","referenced-by-one-note","F0015B61B1D5B0D3DE98F4761C2A5CFA7CBE22A614DFEE873C215C48772AD0D4"
"01 Основы\Контейнеры и инфраструктура\DevOps и администрирование\assets\Pasted image 20240714221716.png","01 Основы\Linux\assets\Pasted image 20240714221716.png","01 Основы\Linux\Мониторинг Linux.md","referenced-by-one-note","3F2BF5A8C93BBD8E43C809096D8AF6B17918AB3FFA93BBEEE981652DDF28DDC5"
"01 Основы\Контейнеры и инфраструктура\DevOps и администрирование\assets\Pasted image 20240714222103.png","01 Основы\Linux\assets\Pasted image 20240714222103.png","01 Основы\Linux\Мониторинг Linux.md","referenced-by-one-note","6720D1839EA41F55BA93F86A9C3AA2F84C1F0C6A97930CDD57F61ABE4CAC861A"
"01 Основы\Контейнеры и инфраструктура\DevOps и администрирование\assets\Pasted image 20240714222135.png","01 Основы\Linux\assets\Pasted image 20240714222135.png","01 Основы\Linux\Мониторинг Linux.md","referenced-by-one-note","73443DD4F952CCE3886ADDB315E7F3847BBD395C24A7461321F1DD14BA6EA3C3"
"01 Основы\Контейнеры и инфраструктура\DevOps и администрирование\assets\Pasted image 20240714222203.png","01 Основы\Linux\assets\Pasted image 20240714222203.png","01 Основы\Linux\Мониторинг Linux.md","referenced-by-one-note","30019C088A3CA0D2D37EEF1EB49B5233E99F5A663CFF0164C2C2CDC384A37127"
"01 Основы\Контейнеры и инфраструктура\DevOps и администрирование\assets\Pasted image 20240715121408.png","01 Основы\Linux\Передача файлов\assets\Pasted image 20240715121408.png","01 Основы\Linux\Передача файлов\SSH-сервер.md","referenced-by-one-note","3CDFFF6CC36EAB116CFEE163BF5FA8DB8C046C34B96D68254951287DC459E30C"
"01 Основы\Контейнеры и инфраструктура\DevOps и администрирование\assets\Pasted image 20240715125533.png","01 Основы\Linux\Передача файлов\assets\Pasted image 20240715125533.png","01 Основы\Linux\Передача файлов\SSH-сервер.md","referenced-by-one-note","C1B83AD84EC54127464690F85887CFEF0DB55F62DDE02BC077F9E5A61C962233"
"01 Основы\Контейнеры и инфраструктура\DevOps и администрирование\assets\Pasted image 20240715130400.png","01 Основы\Linux\Передача файлов\assets\Pasted image 20240715130400.png","01 Основы\Linux\Передача файлов\SSH-сервер.md","referenced-by-one-note","542CCEF71F17E33EAA5C3F6A6075B97416D15A2C9C2C41F4F49491650FF917EC"
"01 Основы\Контейнеры и инфраструктура\DevOps и администрирование\assets\Pasted image 20240715130452.png","01 Основы\Linux\Передача файлов\assets\Pasted image 20240715130452.png","01 Основы\Linux\Передача файлов\SSH-сервер.md","referenced-by-one-note","8EF4DEF4507469F25874AE2C19618F20316AA39C72424CBB6EF6D2C9C0BDE576"
"01 Основы\Контейнеры и инфраструктура\DevOps и администрирование\assets\Pasted image 20240715130558.png","01 Основы\Linux\Передача файлов\assets\Pasted image 20240715130558.png","01 Основы\Linux\Передача файлов\SSH-сервер.md","referenced-by-one-note","99CE94A20DB55800E65C8B4FFC8BE4DADBF34BFE044532D4E2849248E39EFC0C"
"01 Основы\Контейнеры и инфраструктура\DevOps и администрирование\assets\Pasted image 20240715131515.png","01 Основы\Linux\assets\Pasted image 20240715131515.png","01 Основы\Linux\Конфигурация Linux.md","referenced-by-one-note","BD088C4FE4A4E7CCFD8B3EE5D72EB7C9DF73ACCB4D37ACBC061E002E05FD3E6A"
"01 Основы\Контейнеры и инфраструктура\DevOps и администрирование\assets\Pasted image 20240715131627.png","01 Основы\Linux\assets\Pasted image 20240715131627.png","01 Основы\Linux\Конфигурация Linux.md","referenced-by-one-note","4C776637C6B2025CD2AA0A1D8CD95E84969EADBB4CCFA67CFACA6063F6FBBC22"
"01 Основы\Контейнеры и инфраструктура\DevOps и администрирование\assets\Pasted image 20240715131837.png","01 Основы\Linux\assets\Pasted image 20240715131837.png","01 Основы\Linux\Конфигурация Linux.md","referenced-by-one-note","29C1F1E173382471D306F4D090BA231B31D051DBA919CAF70EA584A61EA804EA"
"01 Основы\Контейнеры и инфраструктура\DevOps и администрирование\assets\Pasted image 20240715131942.png","01 Основы\Linux\assets\Pasted image 20240715131942.png","01 Основы\Linux\Конфигурация Linux.md","referenced-by-one-note","879DC3B5690DC8CF8135F65FE7ECBE3DF2AE3A1BBE08413679B5A6781F98A184"
"01 Основы\Контейнеры и инфраструктура\DevOps и администрирование\assets\Pasted image 20240715133936.png","01 Основы\Linux\assets\Pasted image 20240715133936.png","01 Основы\Linux\Конфигурация Linux.md","referenced-by-one-note","00A674BA6EC36B74CFC30DBD983C6E2D2485CD75F2BA743D6414F2F86F40C505"
"01 Основы\Контейнеры и инфраструктура\DevOps и администрирование\assets\Pasted image 20240715134454.png","01 Основы\Linux\assets\Pasted image 20240715134454.png","01 Основы\Linux\Конфигурация Linux.md","referenced-by-one-note","DAA3E046C6CB3725A534A20C33CC9EE1DCB59BF964BC724C2911F8CF79F2F5C8"
"01 Основы\Контейнеры и инфраструктура\DevOps и администрирование\assets\Pasted image 20240715134824.png","01 Основы\Linux\assets\Pasted image 20240715134824.png","01 Основы\Linux\Конфигурация Linux.md","referenced-by-one-note","418D991FAEB689A29EA1FB225BC084D3EFCA4F5DD6E6EF2B4A99394CFA62AF64"
"01 Основы\Контейнеры и инфраструктура\DevOps и администрирование\assets\Pasted image 20240715134959.png","01 Основы\Linux\assets\Pasted image 20240715134959.png","01 Основы\Linux\Конфигурация Linux.md","referenced-by-one-note","8BBCF3D3E79A1754AB55033EDAC63BC1EA77E5BA4EFF7E1E66AF0891E415A7D0"
"01 Основы\Контейнеры и инфраструктура\DevOps и администрирование\assets\Pasted image 20240715164053.png","01 Основы\Linux\assets\Pasted image 20240715164053.png","01 Основы\Linux\Конфигурация Linux.md","referenced-by-one-note","F85BA1A07010C9C6A9946178B487A54821CC93A351716375DA4DA7F68F19DB12"
"01 Основы\Контейнеры и инфраструктура\DevOps и администрирование\assets\Pasted image 20240715164313.png","01 Основы\Linux\assets\Pasted image 20240715164313.png","01 Основы\Linux\Конфигурация Linux.md","referenced-by-one-note","CC9892A4C6D1DB01770740F4A882EDC2538A311521472CAA7A61AF9CA3BBB086"
"01 Основы\Контейнеры и инфраструктура\DevOps и администрирование\assets\Pasted image 20240716075728.png","01 Основы\Linux\assets\Pasted image 20240716075728.png","01 Основы\Linux\Управление сервисами systemd.md","referenced-by-one-note","3770A05EF1733DC56D435AB35471C3F2B5686807158E9D6B1B10D6637791FB6A"
"01 Основы\Контейнеры и инфраструктура\DevOps и администрирование\assets\Pasted image 20240716081618.png","01 Основы\Windows\Передача файлов\assets\Pasted image 20240716081618.png","01 Основы\Windows\Передача файлов\WinSCP.md","referenced-by-one-note","C4B7D7354A5E866BAA92496363B01AC3425B0E195C7BD4A65463D4C466CDFF55"
"01 Основы\Контейнеры и инфраструктура\DevOps и администрирование\assets\Pasted image 20240716081733.png","01 Основы\Windows\Передача файлов\assets\Pasted image 20240716081733.png","01 Основы\Windows\Передача файлов\WinSCP.md","referenced-by-one-note","D1D1045D6858A2A99DAD7ED36D701FB79195941BBF3A3A6F672A5E5D2A664349"
"01 Основы\Контейнеры и инфраструктура\DevOps и администрирование\assets\Pasted image 20240716081748.png","01 Основы\Windows\Передача файлов\assets\Pasted image 20240716081748.png","01 Основы\Windows\Передача файлов\WinSCP.md","referenced-by-one-note","0AE499AD4B98D9165A9B5BE0E569F3C8C7E00734BCC9261D0BDB8C13C8D43B2B"
"01 Основы\Контейнеры и инфраструктура\DevOps и администрирование\assets\Pasted image 20240716081807.png","01 Основы\Windows\Передача файлов\assets\Pasted image 20240716081807.png","01 Основы\Windows\Передача файлов\WinSCP.md","referenced-by-one-note","5193001F88DFD90280BDF6A5D78E6F176088B9A7D279A56AE96FE9106ED1B2DD"
"01 Основы\Контейнеры и инфраструктура\DevOps и администрирование\assets\Pasted image 20240716081825.png","01 Основы\Windows\Передача файлов\assets\Pasted image 20240716081825.png","01 Основы\Windows\Передача файлов\WinSCP.md","referenced-by-one-note","C16827E898ACB4ACAFAD3BA6DE769B049A8FEF813B66ADBE50441B12702DC484"
"01 Основы\Контейнеры и инфраструктура\DevOps и администрирование\assets\Pasted image 20240716082210.png","01 Основы\Сети\Передача файлов\assets\Pasted image 20240716082210.png","01 Основы\Сети\Передача файлов\Samba.md","referenced-by-one-note","8DAC29B327508641B08AC3FC7EF137688FB0F778B6387AE716B36F3E96A64E0F"
"01 Основы\Контейнеры и инфраструктура\DevOps и администрирование\assets\Pasted image 20240716082454.png","01 Основы\Сети\Передача файлов\assets\Pasted image 20240716082454.png","01 Основы\Сети\Передача файлов\Samba.md","referenced-by-one-note","66C07AC57A64AB1F827F2C63070895D978DCCB68F8C109CFCEAF906A9CD38CD4"
"01 Основы\Контейнеры и инфраструктура\DevOps и администрирование\assets\Pasted image 20240716083100.png","01 Основы\Windows\Передача файлов\assets\Pasted image 20240716083100.png","01 Основы\Windows\Передача файлов\FileZilla.md","referenced-by-one-note","B918B16A1747D5BC6B2AD78D2E4ED82FE253B42F5F378C72B9255B5C2D10A026"
"01 Основы\Контейнеры и инфраструктура\DevOps и администрирование\assets\Pasted image 20240716083207.png","01 Основы\Windows\Передача файлов\assets\Pasted image 20240716083207.png","01 Основы\Windows\Передача файлов\FileZilla.md","referenced-by-one-note","C25E3848A3C9F9C253B0EDA23841151A635A7EC66B94D864C8C9F58ECE8CE2A4"
"01 Основы\Контейнеры и инфраструктура\DevOps и администрирование\assets\Pasted image 20240716083408.png","01 Основы\Web и HTTP\assets\Pasted image 20240716083408.png","01 Основы\Web и HTTP\Веб-серверы Apache и Nginx.md","referenced-by-one-note","62663B6D1650BC88587A2720D3698A3DCBA7D0916D64232104753C1A0E3B5830"
"01 Основы\Контейнеры и инфраструктура\DevOps и администрирование\assets\Pasted image 20240716083428.png","01 Основы\Web и HTTP\assets\Pasted image 20240716083428.png","01 Основы\Web и HTTP\Веб-серверы Apache и Nginx.md","referenced-by-one-note","ABF888FE0282677E9A935BA027BF2F73F7C77558AE1602C5AA9D2A06B448C055"
"01 Основы\Контейнеры и инфраструктура\DevOps и администрирование\assets\Pasted image 20240716083521.png","01 Основы\Web и HTTP\assets\Pasted image 20240716083521.png","01 Основы\Web и HTTP\Веб-серверы Apache и Nginx.md","referenced-by-one-note","49CB6CC0A4D34640321F347D3FE8CEDA4E8516C2725DB1E4D5B856D41A68D288"
"01 Основы\Контейнеры и инфраструктура\DevOps и администрирование\assets\Pasted image 20240716083608.png","01 Основы\Web и HTTP\assets\Pasted image 20240716083608.png","01 Основы\Web и HTTP\Веб-серверы Apache и Nginx.md","referenced-by-one-note","CC39347B12F249C65E5435D9BD6C0B3FC8EF8CF40C8372C30A2B2D19780332B6"
"01 Основы\Контейнеры и инфраструктура\DevOps и администрирование\assets\Pasted image 20240716083640.png","01 Основы\Web и HTTP\assets\Pasted image 20240716083640.png","01 Основы\Web и HTTP\Веб-серверы Apache и Nginx.md","referenced-by-one-note","9FFD945EDBBDB1C5F5BD1CECE5FA290C340A3B81D3D01CEB2CC959AC0296FCB3"
"01 Основы\Контейнеры и инфраструктура\DevOps и администрирование\assets\Pasted image 20240716083652.png","01 Основы\Web и HTTP\assets\Pasted image 20240716083652.png","01 Основы\Web и HTTP\Веб-серверы Apache и Nginx.md","referenced-by-one-note","6CDE9546C546408FDEAC2E13E805D679452372125DF883A492A192D11C3184C9"
"01 Основы\Контейнеры и инфраструктура\DevOps и администрирование\assets\Pasted image 20240716083930.png","01 Основы\Web и HTTP\assets\Pasted image 20240716083930.png","01 Основы\Web и HTTP\Веб-серверы Apache и Nginx.md","referenced-by-one-note","EDE7A197E9CDB7B4F4B4F44AF07E1A2DA9A5CD6DD8816B2328BAD591904C2BD6"
"01 Основы\Контейнеры и инфраструктура\DevOps и администрирование\assets\Pasted image 20240716083952.png","01 Основы\Web и HTTP\assets\Pasted image 20240716083952.png","01 Основы\Web и HTTP\Веб-серверы Apache и Nginx.md","referenced-by-one-note","9532F8062F1C77F668A6279604E2B8B4413CFE98F68962D9C6C57E8E034D234F"
"01 Основы\Контейнеры и инфраструктура\DevOps и администрирование\assets\Pasted image 20240716084039.png","01 Основы\Linux\assets\Pasted image 20240716084039.png","01 Основы\Linux\Планировщик cron.md","referenced-by-one-note","60980D8F00CEFAFB1B7511C0B317C1E7C2A5A533B984919D2588945FCEBEA627"
"01 Основы\Контейнеры и инфраструктура\DevOps и администрирование\assets\Pasted image 20240716084048.png","01 Основы\Linux\assets\Pasted image 20240716084048.png","01 Основы\Linux\Планировщик cron.md","referenced-by-one-note","7D9EBE563F093AC725AA12BBB0EFF7EA91F29600362151597FC8DCEB4C4929F0"
"01 Основы\Контейнеры и инфраструктура\DevOps и администрирование\assets\Pasted image 20240716221048.png","01 Основы\Сети\Передача файлов\assets\Pasted image 20240716221048.png","01 Основы\Сети\Передача файлов\Samba.md","referenced-by-one-note","92451A7CD9151219B5BD58914018D6DC054588EEB578A4E75A7ED9C20E656477"
"01 Основы\Контейнеры и инфраструктура\DevOps и администрирование\assets\Pasted image 20240716222611.png","01 Основы\Сети\Передача файлов\assets\Pasted image 20240716222611.png","01 Основы\Сети\Передача файлов\Samba.md","referenced-by-one-note","1CA5CB164D6252424904B1851C783110F6FFB05B1393ED8ED985E931AE6CB72B"
"01 Основы\Контейнеры и инфраструктура\DevOps и администрирование\assets\Pasted image 20240717144947.png","06 Безопасность систем\Защитная настройка\assets\Pasted image 20240717144947.png","06 Безопасность систем\Защитная настройка\iptables.md","referenced-by-one-note","24F90FC82DE5D5A910C72C008DDA28852CD4907B0A7C64FB3537702EE24173AE"
"01 Основы\Контейнеры и инфраструктура\DevOps и администрирование\assets\Pasted image 20240717150045.png","06 Безопасность систем\Защитная настройка\assets\Pasted image 20240717150045.png","06 Безопасность систем\Защитная настройка\iptables.md","referenced-by-one-note","0D5333B885348DBAF5D777EB0AC3EAAA0B6347AE8F9E4DA6D72D6F924AE407D5"
"01 Основы\Контейнеры и инфраструктура\DevOps и администрирование\assets\Pasted image 20240717192948.png","01 Основы\Web и HTTP\assets\Pasted image 20240717192948.png","01 Основы\Web и HTTP\Веб-серверы Apache и Nginx.md","referenced-by-one-note","2C340D50E6379B96ED177710109CF087C15C09F7062865392ACF7028AB0D37DB"
"01 Основы\Контейнеры и инфраструктура\DevOps и администрирование\assets\Pasted image 20240717193054.png","01 Основы\Web и HTTP\assets\Pasted image 20240717193054.png","01 Основы\Web и HTTP\Веб-серверы Apache и Nginx.md","referenced-by-one-note","EBA056660E0531440D2130445AC6D90B6EBEA0E0F5CF236F8732D48F776BB19F"
"01 Основы\Контейнеры и инфраструктура\DevOps и администрирование\assets\Pasted image 20240717193235.png","01 Основы\Web и HTTP\assets\Pasted image 20240717193235.png","01 Основы\Web и HTTP\Веб-серверы Apache и Nginx.md","referenced-by-one-note","B4756DDFD04AD380784D30D986615D0476269581D2526244FD96690DDB62C50A"
"01 Основы\Контейнеры и инфраструктура\DevOps и администрирование\assets\Pasted image 20240717193400.png","01 Основы\Web и HTTP\assets\Pasted image 20240717193400.png","01 Основы\Web и HTTP\Веб-серверы Apache и Nginx.md","referenced-by-one-note","EA9D3ECDCBF345F0EBE823F08CE0FE8DBF99D1ACB4AEDE13B6F6193527FA2AE5"
"01 Основы\Контейнеры и инфраструктура\DevOps и администрирование\assets\Pasted image 20240717193654.png","01 Основы\Web и HTTP\assets\Pasted image 20240717193654.png","01 Основы\Web и HTTP\Веб-серверы Apache и Nginx.md","referenced-by-one-note","FA7794400D3456F2DB553B763D2D07DE58EF3A78CCB40694F9AEAF2A2503DD19"
"01 Основы\Контейнеры и инфраструктура\DevOps и администрирование\assets\Pasted image 20240717193725.png","01 Основы\Web и HTTP\assets\Pasted image 20240717193725.png","01 Основы\Web и HTTP\Веб-серверы Apache и Nginx.md","referenced-by-one-note","0D87299334DA4445E816BCAF720443E29EA5508A59608255C4DD90D64F901E4A"
"01 Основы\Контейнеры и инфраструктура\DevOps и администрирование\assets\Pasted image 20240717193806.png","01 Основы\Web и HTTP\assets\Pasted image 20240717193806.png","01 Основы\Web и HTTP\Веб-серверы Apache и Nginx.md","referenced-by-one-note","16A1C4772E462F118EC84526478BA0EA18EA52CF56D93BAE238FBDF090AE0244"
"01 Основы\Контейнеры и инфраструктура\DevOps и администрирование\assets\Pasted image 20240718173237.png","01 Основы\Linux\assets\Pasted image 20240718173237.png","01 Основы\Linux\Файловые системы Linux.md","referenced-by-one-note","44B588280001C4DFEBA23F373A90437C77BCB87D5B22D5D499BFA16D78006EEC"
"01 Основы\Контейнеры и инфраструктура\DevOps и администрирование\assets\Pasted image 20240718173323.png","01 Основы\Linux\assets\Pasted image 20240718173323.png","01 Основы\Linux\Файловые системы Linux.md","referenced-by-one-note","83ECB8D76A971693FAB56B8BAE7B0DB6EEDCB23490D321EDBBC34E63A892E8F3"
"01 Основы\Контейнеры и инфраструктура\DevOps и администрирование\assets\Pasted image 20240718173339.png","01 Основы\Linux\assets\Pasted image 20240718173339.png","01 Основы\Linux\Файловые системы Linux.md","referenced-by-one-note","FFAE61F9AE144CDBA79E2FE722D07557B7FD22C9FE84788397C6C3E39A5AE8B2"
"01 Основы\Контейнеры и инфраструктура\DevOps и администрирование\assets\Pasted image 20240718173621.png","01 Основы\Linux\assets\Pasted image 20240718173621.png","01 Основы\Linux\Файловые системы Linux.md","referenced-by-one-note","9999EE946F90C6B8C2D78A23980DB264BF49A574033BA5FE32D55E6EC3850111"
"01 Основы\Контейнеры и инфраструктура\DevOps и администрирование\assets\Pasted image 20240718173850.png","01 Основы\Linux\assets\Pasted image 20240718173850.png","01 Основы\Linux\Файловые системы Linux.md","referenced-by-one-note","E59803A2E61C21D7DDA6194CC564026A8A407DBD26B633E9664D064D584B6724"
"01 Основы\Контейнеры и инфраструктура\DevOps и администрирование\assets\Pasted image 20240718174219.png","01 Основы\Linux\assets\Pasted image 20240718174219.png","01 Основы\Linux\Файловые системы Linux.md","referenced-by-one-note","384A4B39F6B3C58DCB62AB508453BF3DAFEB612C0ACB93E1893EB6760343E6C6"
"01 Основы\Контейнеры и инфраструктура\DevOps и администрирование\assets\Pasted image 20240718174333.png","01 Основы\Linux\assets\Pasted image 20240718174333.png","01 Основы\Linux\Файловые системы Linux.md","referenced-by-one-note","C838CBA343B0AA1FC56A8A4E0B3EA7A894DC15BD8F9A7783156B26419DA2EE5B"
"01 Основы\Контейнеры и инфраструктура\DevOps и администрирование\assets\Pasted image 20240718174457.png","01 Основы\Linux\assets\Pasted image 20240718174457.png","01 Основы\Linux\Файловые системы Linux.md","referenced-by-one-note","44858ABC7AD1153F0B693984725FA8895A6E96F2C6008DB9EC4A04F943A143B6"
"01 Основы\Контейнеры и инфраструктура\DevOps и администрирование\assets\Pasted image 20240718174906.png","01 Основы\Linux\assets\Pasted image 20240718174906.png","01 Основы\Linux\Файловые системы Linux.md","referenced-by-one-note","01BE5298FA29CB8E822821AF3835510776C1CA1024CF27B32D8F392C9766D2BE"
"01 Основы\Контейнеры и инфраструктура\DevOps и администрирование\assets\Pasted image 20240718175018.png","01 Основы\Linux\assets\Pasted image 20240718175018.png","01 Основы\Linux\Файловые системы Linux.md","referenced-by-one-note","18469CB83144EF1E6798C396D242547E3AA3B9A6AAC644064FEBBB7E22763F36"
"01 Основы\Контейнеры и инфраструктура\DevOps и администрирование\assets\Pasted image 20240718175100.png","01 Основы\Linux\assets\Pasted image 20240718175100.png","01 Основы\Linux\Файловые системы Linux.md","referenced-by-one-note","FAA5FD632019633A00B56AF688BD887833F5CCBCC882D42E3F59E6E55AA3B7D6"
"01 Основы\Контейнеры и инфраструктура\DevOps и администрирование\assets\Pasted image 20240718175256.png","01 Основы\Linux\assets\Pasted image 20240718175256.png","01 Основы\Linux\Файловые системы Linux.md","referenced-by-one-note","EF5D6C25A97CF7D3EA443995964BDEABB57DFF993C01BE6E102AA96ED1E33D41"
"01 Основы\Контейнеры и инфраструктура\DevOps и администрирование\assets\Pasted image 20240718175329.png","01 Основы\Linux\assets\Pasted image 20240718175329.png","01 Основы\Linux\Файловые системы Linux.md","referenced-by-one-note","2664360CFB1B2848EF144297AE6004D671035B19976FAD746B65D5FBE2B81C05"
"01 Основы\Контейнеры и инфраструктура\DevOps и администрирование\assets\Pasted image 20240718175426.png","01 Основы\Linux\assets\Pasted image 20240718175426.png","01 Основы\Linux\Файловые системы Linux.md","referenced-by-one-note","31C98E38B4717C9E37FF0E37B8B50C88DB33C2F3909930BEDBD8514850C4CA23"
"01 Основы\Контейнеры и инфраструктура\DevOps и администрирование\assets\Pasted image 20240718175724.png","01 Основы\Linux\assets\Pasted image 20240718175724.png","01 Основы\Linux\Файловые системы Linux.md","referenced-by-one-note","9E11A6B7BFD0C35256119BB663BEB92CBFCF7EE83EEEB341E307B43E9508827C"
"01 Основы\Контейнеры и инфраструктура\DevOps и администрирование\assets\Pasted image 20240718180007.png","01 Основы\Linux\assets\Pasted image 20240718180007.png","01 Основы\Linux\Файловые системы Linux.md","referenced-by-one-note","C8499E659DFCB3BFD9EB80CFC6CCF1CA8D2E1A7BD5C4AB4BE7A212974E86862B"
"01 Основы\Контейнеры и инфраструктура\DevOps и администрирование\assets\Pasted image 20240718180048.png","01 Основы\Linux\assets\Pasted image 20240718180048.png","01 Основы\Linux\Файловые системы Linux.md","referenced-by-one-note","394489419A5F60F444B0AE055459B63F12FF98B5EB9458C7B44CFDB5671E7401"
"01 Основы\Контейнеры и инфраструктура\DevOps и администрирование\assets\Pasted image 20240718180611.png","01 Основы\Linux\assets\Pasted image 20240718180611.png","01 Основы\Linux\Файловые системы Linux.md","referenced-by-one-note","AFB10D150DE14925A3A0EC683F665D49F7F504F1D252CBEE5D38EA60F1EB85CB"
"01 Основы\Контейнеры и инфраструктура\DevOps и администрирование\assets\Pasted image 20240718190631.png","01 Основы\Linux\assets\Pasted image 20240718190631.png","01 Основы\Linux\Файловые системы Linux.md","referenced-by-one-note","D11F9780F22CEEB3BBB1215D9EDDE629352EF7A61FCB039ACD03CDD26C8C2939"
"01 Основы\Контейнеры и инфраструктура\DevOps и администрирование\assets\Pasted image 20240718190729.png","01 Основы\Linux\assets\Pasted image 20240718190729.png","01 Основы\Linux\Файловые системы Linux.md","referenced-by-one-note","41FF1490018079D8882E5F2A7FC0E8BAD76E0C0DBB726861ABD891B066CB079F"
"01 Основы\Сети\assets\Pasted image 20240614200341.png","04 Безопасность приложений\06 API\assets\Pasted image 20240614200341.png","04 Безопасность приложений\06 API\Основы API.md","referenced-by-one-note","0C526F9EE3F3942AD7E6FCC2D6FF1B7A9E9553D2BF102B17E79636E548692F6C"
"01 Основы\Сети\assets\Pasted image 20240614200357.png","04 Безопасность приложений\06 API\assets\Pasted image 20240614200357.png","04 Безопасность приложений\06 API\Основы API.md","referenced-by-one-note","EF31D48024ADF71F92DA6E873C1E8912DC5FE21839F9568BBB310DD3F5C7CC5C"
"01 Основы\Сети\assets\Pasted image 20240614200520.png","04 Безопасность приложений\06 API\assets\Pasted image 20240614200520.png","04 Безопасность приложений\06 API\Основы API.md","referenced-by-one-note","F4DDA666F3211859344ADED84D0FEDDE6EE37318302468642E150BC80A76BC1D"
"01 Основы\Сети\assets\Pasted image 20240614200619.png","04 Безопасность приложений\06 API\assets\Pasted image 20240614200619.png","04 Безопасность приложений\06 API\Основы API.md","referenced-by-one-note","8C35226698589A608D54DDBFE4BD6A2B6F56B04180C269CC6E39E023A0811244"
"01 Основы\Сети\assets\Pasted image 20240614200925.png","04 Безопасность приложений\06 API\assets\Pasted image 20240614200925.png","04 Безопасность приложений\06 API\Основы API.md","referenced-by-one-note","8C114190FFED1D6C0A04CF561B9D6783D025F66F6E4781947CF807966603F7DD"
"01 Основы\Сети\assets\Pasted image 20240614201021.png","04 Безопасность приложений\06 API\assets\Pasted image 20240614201021.png","04 Безопасность приложений\06 API\Основы API.md","referenced-by-one-note","B4C38DD9AAB27A679F9F21F09027587BE34322187B6D69F1971A01F94F2086A7"
"01 Основы\Сети\assets_DO2_LinuxNetwork-1\Pasted image 20240729023711.png","01 Основы\Сети\assets\Pasted image 20240729023711.png","01 Основы\Сети\Практикум Linux Networking.md","referenced-by-one-note","8E4ADFD2A96C1048EDB006A6B12FB5BDF2F4CB52225B5F14EC0CE7ABB13BA44B"
"01 Основы\Сети\assets_DO2_LinuxNetwork-1\Pasted image 20240729023832.png","01 Основы\Сети\assets\Pasted image 20240729023832.png","01 Основы\Сети\Практикум Linux Networking.md","referenced-by-one-note","89E94C23EF40D7F81CC137EC4A297717EEC5F42607EEA10FF3F37AC2A9F01465"
"01 Основы\Сети\assets_DO2_LinuxNetwork-1\Pasted image 20240729024042.png","01 Основы\Сети\assets\Pasted image 20240729024042.png","01 Основы\Сети\Практикум Linux Networking.md","referenced-by-one-note","8889B4E05BC6D4347AA209CB5453EDC14672ACABFE5726ADE2E3DBEDB220A43A"
"01 Основы\Сети\assets_DO2_LinuxNetwork-1\Pasted image 20240729024327.png","01 Основы\Сети\assets\Pasted image 20240729024327.png","01 Основы\Сети\Практикум Linux Networking.md","referenced-by-one-note","A1180DC2D9B35EE165A67EBA753C21E5A138F68AD407A9D11D3B0E8A53B290C1"
"01 Основы\Сети\assets_DO2_LinuxNetwork-1\Pasted image 20240729024439.png","01 Основы\Сети\assets\Pasted image 20240729024439.png","01 Основы\Сети\Практикум Linux Networking.md","referenced-by-one-note","EC388FCF887701BA059115CA0310D02D88C768A9B32734BACDEF8B16A7FE8EB0"
"01 Основы\Сети\assets_DO2_LinuxNetwork-1\Pasted image 20240729024516.png","01 Основы\Сети\assets\Pasted image 20240729024516.png","01 Основы\Сети\Практикум Linux Networking.md","referenced-by-one-note","E5ABB25D946F725AB0308A0F7E65D13758E419FBCC2CB250ACB3B118CF671060"
"01 Основы\Сети\assets_DO2_LinuxNetwork-1\Pasted image 20240729024630.png","01 Основы\Сети\assets\Pasted image 20240729024630.png","01 Основы\Сети\Практикум Linux Networking.md","referenced-by-one-note","14E9689CF022FA2078E062A3E3F2AB41DB0B3C86B0F59AF9038387B5C5D4387D"
"01 Основы\Сети\assets_DO2_LinuxNetwork-1\Pasted image 20240729024711.png","01 Основы\Сети\assets\Pasted image 20240729024711.png","01 Основы\Сети\Практикум Linux Networking.md","referenced-by-one-note","07A428C1EF03119A3A6D816AA03E4EB70EFA01C9488FB1E2FD87F8ABF59076D6"
"01 Основы\Сети\assets_DO2_LinuxNetwork-1\Pasted image 20240729164929.png","01 Основы\Сети\assets\Pasted image 20240729164929.png","01 Основы\Сети\Практикум Linux Networking.md","referenced-by-one-note","B76872F87A009996C5E2AFE86130830533EA33F129145BE3919056CD2608EFCA"
"01 Основы\Сети\assets_DO2_LinuxNetwork-1\Pasted image 20240729165026.png","01 Основы\Сети\assets\Pasted image 20240729165026.png","01 Основы\Сети\Практикум Linux Networking.md","referenced-by-one-note","0D6E4ED866B6759C1BBE1FAAAE694FCF244AC6AC2323F430DBA3021F15B8974B"
"01 Основы\Сети\assets_DO2_LinuxNetwork-1\Pasted image 20240729173813.png","01 Основы\Сети\assets\Pasted image 20240729173813.png","01 Основы\Сети\Практикум Linux Networking.md","referenced-by-one-note","1DE34471DA28F5F677FD0422A7B4A1E906D91C744AD02924FD7BEEE180F5B34E"
"01 Основы\Сети\assets_DO2_LinuxNetwork-1\Pasted image 20240729173855.png","01 Основы\Сети\assets\Pasted image 20240729173855.png","01 Основы\Сети\Практикум Linux Networking.md","referenced-by-one-note","2519B1D3F00FDAFD5C71F2687CEC1698CB082A24178B0B8E62C465B0CF9A3110"
"01 Основы\Сети\assets_DO2_LinuxNetwork-1\Pasted image 20240729201531.png","01 Основы\Сети\assets\Pasted image 20240729201531.png","01 Основы\Сети\Практикум Linux Networking.md","referenced-by-one-note","7FCE2A6384CFDB778955A2F986751CF27B5DA9A4D8505EC7C4B1024D88CA75FC"
"01 Основы\Сети\assets_DO2_LinuxNetwork-1\Pasted image 20240729201601.png","01 Основы\Сети\assets\Pasted image 20240729201601.png","01 Основы\Сети\Практикум Linux Networking.md","referenced-by-one-note","9EB5CB2768D52AD33D7B979322E82329095C6DA391465330C30614638C092CE2"
"01 Основы\Сети\assets_DO2_LinuxNetwork-1\Pasted image 20240729202939.png","01 Основы\Сети\assets\Pasted image 20240729202939.png","01 Основы\Сети\Практикум Linux Networking.md","referenced-by-one-note","2AFE42D453545AF52C609AC2EAE7000F6201C150F515B688B84F29DEC66D3C5C"
"01 Основы\Сети\assets_DO2_LinuxNetwork-1\Pasted image 20240729203117.png","01 Основы\Сети\assets\Pasted image 20240729203117.png","01 Основы\Сети\Практикум Linux Networking.md","referenced-by-one-note","5E4F501516E2DE0B1A393F8C9907D33CB8C3F5AE1DFF8559124AB3F53BC94DF5"
"01 Основы\Сети\assets_DO2_LinuxNetwork-1\Pasted image 20240729204348.png","01 Основы\Сети\assets\Pasted image 20240729204348.png","01 Основы\Сети\Практикум Linux Networking.md","referenced-by-one-note","40BA0B120D29C39CE2F2AFACB0E316E81568EC7569706615265B50FC63474907"
"01 Основы\Сети\assets_DO2_LinuxNetwork-1\Pasted image 20240729204520.png","01 Основы\Сети\assets\Pasted image 20240729204520.png","01 Основы\Сети\Практикум Linux Networking.md","referenced-by-one-note","94D3E8843A243980BB89C5C2F7DEBF4EFEADCED0082085BBB27426A4561FE8D5"
"01 Основы\Сети\assets_DO2_LinuxNetwork-1\Pasted image 20240729204657.png","01 Основы\Сети\assets\Pasted image 20240729204657.png","01 Основы\Сети\Практикум Linux Networking.md","referenced-by-one-note","0BC5DA46084C06BE978156AE27DCFDD9AE66A6F3FD8F2252D00F5AD0F655D9FA"
"01 Основы\Сети\assets_DO2_LinuxNetwork-1\Pasted image 20240729204741.png","01 Основы\Сети\assets\Pasted image 20240729204741.png","01 Основы\Сети\Практикум Linux Networking.md","referenced-by-one-note","CB5FC2E3B68C881D5CFFFECCDBDFF16C83558986C51CC2EDDC1E9DE2D70F750E"
"01 Основы\Сети\assets_DO2_LinuxNetwork-1\Pasted image 20240730135852.png","01 Основы\Сети\assets\Pasted image 20240730135852.png","01 Основы\Сети\Практикум Linux Networking.md","referenced-by-one-note","06FC84F99641ACE2B97C75529B81DFA87593D91097E974A0491F506326195711"
"01 Основы\Сети\assets_DO2_LinuxNetwork-1\Pasted image 20240730135926.png","01 Основы\Сети\assets\Pasted image 20240730135926.png","01 Основы\Сети\Практикум Linux Networking.md","referenced-by-one-note","6F70ADF7B2BECA00D0F57CE970F2053DE63A6DFEE736A4BC921188D8D75D4B05"
"01 Основы\Сети\assets_DO2_LinuxNetwork-1\Pasted image 20240730191249.png","01 Основы\Сети\assets\Pasted image 20240730191249.png","01 Основы\Сети\Практикум Linux Networking.md","referenced-by-one-note","D61DF605ED721BA9CEFFDA022A0AE969C69736A65BFAB274BF1F9A04C8731D2B"
"01 Основы\Сети\assets_DO2_LinuxNetwork-1\Pasted image 20240730191414.png","01 Основы\Сети\assets\Pasted image 20240730191414.png","01 Основы\Сети\Практикум Linux Networking.md","referenced-by-one-note","6C8400B2F52820C87CB9D8A5526964D73F3250C739F4363066FF662E33469682"
"01 Основы\Сети\assets_DO2_LinuxNetwork-1\Pasted image 20240730212607.png","01 Основы\Сети\assets\Pasted image 20240730212607.png","01 Основы\Сети\Практикум Linux Networking.md","referenced-by-one-note","19E0AD8F7B509783600884A0D6B0E4005385D448DD0D10C3784C8E9651FDAE53"
"01 Основы\Сети\assets_DO2_LinuxNetwork-1\Pasted image 20240730212636.png","01 Основы\Сети\assets\Pasted image 20240730212636.png","01 Основы\Сети\Практикум Linux Networking.md","referenced-by-one-note","76C475DF3176B281BB8AAA3FE129EAE265B73526B8FA5CCCFECEC7314625A727"
"01 Основы\Сети\assets_DO2_LinuxNetwork-1\Pasted image 20240730214303.png","01 Основы\Сети\assets\Pasted image 20240730214303.png","01 Основы\Сети\Практикум Linux Networking.md","referenced-by-one-note","66C68F6E298C22126824507582C43607991DD7D2B37486E731B51C5878CBFB3B"
"01 Основы\Сети\assets_DO2_LinuxNetwork-1\Pasted image 20240730214406.png","01 Основы\Сети\assets\Pasted image 20240730214406.png","01 Основы\Сети\Практикум Linux Networking.md","referenced-by-one-note","57722C0D3F9088BB0E52C1D449F0AF1C91B5A0550CB1F1C2B9819A056771DBEA"
"01 Основы\Сети\assets_DO2_LinuxNetwork-1\Pasted image 20240730214454.png","01 Основы\Сети\assets\Pasted image 20240730214454.png","01 Основы\Сети\Практикум Linux Networking.md","referenced-by-one-note","5BD10706EA96E79A72EAAED16EBF3A70A8151127216F51C4E307456F959E25CA"
"01 Основы\Сети\assets_DO2_LinuxNetwork-1\Pasted image 20240730215330.png","01 Основы\Сети\assets\Pasted image 20240730215330.png","01 Основы\Сети\Практикум Linux Networking.md","referenced-by-one-note","90BC3C9EDCC0BB4AD6668080994A60B6BCF1180EF4698CB64AE8CB051EEBDFBF"
"01 Основы\Сети\assets_DO2_LinuxNetwork-1\Pasted image 20240730215501.png","01 Основы\Сети\assets\Pasted image 20240730215501.png","01 Основы\Сети\Практикум Linux Networking.md","referenced-by-one-note","74723D1C4A92934A14FB911EE4F033B13EAC3A10632A0174043AAD9FABCB894B"
"01 Основы\Сети\assets_DO2_LinuxNetwork-1\Pasted image 20240730220555.png","01 Основы\Сети\assets\Pasted image 20240730220555.png","01 Основы\Сети\Практикум Linux Networking.md","referenced-by-one-note","D74543DB52D7DF927E48DE906465A9BBD149C65CBB1FF35636EC9E688B392559"
"01 Основы\Сети\assets_DO2_LinuxNetwork-1\Pasted image 20240730221130.png","01 Основы\Сети\assets\Pasted image 20240730221130.png","01 Основы\Сети\Практикум Linux Networking.md","referenced-by-one-note","962CD3FE15FC1EC49786CA01C954C6457BE835961483DD2993D251D98255EC7F"
"01 Основы\Сети\assets_DO2_LinuxNetwork-1\Pasted image 20240801162724.png","01 Основы\Сети\assets\Pasted image 20240801162724.png","01 Основы\Сети\Практикум Linux Networking.md","referenced-by-one-note","F653F11E02B65BFCA69799319C656529C6FFB1125618550E48D6F817E84F16FD"
"01 Основы\Сети\assets_DO2_LinuxNetwork-1\Pasted image 20240801162904.png","01 Основы\Сети\assets\Pasted image 20240801162904.png","01 Основы\Сети\Практикум Linux Networking.md","referenced-by-one-note","398B13666A4338C5335CEE013F61018AC79B52D8B21B0A6918C7477F4BC94AAC"
"01 Основы\Сети\assets_DO2_LinuxNetwork-1\Pasted image 20240801162928.png","01 Основы\Сети\assets\Pasted image 20240801162928.png","01 Основы\Сети\Практикум Linux Networking.md","referenced-by-one-note","6B41438A658090E670423DB1767694C0B7FCA72B076E9E63D546C1D84EB3DD3B"
"01 Основы\Сети\assets_DO2_LinuxNetwork-1\Pasted image 20240801162948.png","01 Основы\Сети\assets\Pasted image 20240801162948.png","01 Основы\Сети\Практикум Linux Networking.md","referenced-by-one-note","D8D33DED217F44936375F6C0DEE271A8B07294DA15C5C94D549CDB061B6EF14F"
"01 Основы\Сети\assets_DO2_LinuxNetwork-1\Pasted image 20240801163145.png","01 Основы\Сети\assets\Pasted image 20240801163145.png","01 Основы\Сети\Практикум Linux Networking.md","referenced-by-one-note","709FB9BE28369DD73F7847C44CBD97F6C3D9A8158CE0951A7D246E083E38DE1E"
"01 Основы\Сети\assets_DO2_LinuxNetwork-1\Pasted image 20240801181341.png","01 Основы\Сети\assets\Pasted image 20240801181341.png","01 Основы\Сети\Практикум Linux Networking.md","referenced-by-one-note","FC928508CB8983C1D5C591B615D5ECAF492F436082080BF39134235A02A6D931"
"01 Основы\Сети\assets_DO2_LinuxNetwork-1\Pasted image 20240801181355.png","01 Основы\Сети\assets\Pasted image 20240801181355.png","01 Основы\Сети\Практикум Linux Networking.md","referenced-by-one-note","6B56774AF0FBF44CBD137B961DAE2F36C68870131776E2211C29BDE6B5A39D6A"
"01 Основы\Сети\assets_DO2_LinuxNetwork-1\Pasted image 20240801181615.png","01 Основы\Сети\assets\Pasted image 20240801181615.png","01 Основы\Сети\Практикум Linux Networking.md","referenced-by-one-note","4B4D9F2C07E05DE0268896E9B9342CD425E66143650BC57247D19E425664FB04"
"01 Основы\Сети\assets_DO2_LinuxNetwork-1\Pasted image 20240801181803.png","01 Основы\Сети\assets\Pasted image 20240801181803.png","01 Основы\Сети\Практикум Linux Networking.md","referenced-by-one-note","1F6C3B47608910B176336CA46E54B1B4E2865FC60D88A4F4350FC41CD4672190"
"01 Основы\Сети\assets_DO2_LinuxNetwork-1\Pasted image 20240801181855.png","01 Основы\Сети\assets\Pasted image 20240801181855.png","01 Основы\Сети\Практикум Linux Networking.md","referenced-by-one-note","82F7129834844AE20E6B8B5C03A1EC45889EA93F009859792F3B2AFE30DE5B42"
"01 Основы\Сети\assets_DO2_LinuxNetwork-1\Pasted image 20240801183729.png","01 Основы\Сети\assets\Pasted image 20240801183729.png","01 Основы\Сети\Практикум Linux Networking.md","referenced-by-one-note","19F3E72116C4B4BBADC18C32F339F1A0CA67449A7BE9A5D3AA968BFB2D33B7A7"
"01 Основы\Сети\assets_DO2_LinuxNetwork-1\Pasted image 20240801184229.png","01 Основы\Сети\assets\Pasted image 20240801184229.png","01 Основы\Сети\Практикум Linux Networking.md","referenced-by-one-note","D5600EECD72EB88DE9BC45BB6B29EE5E6E2D899A57DFD38764E9B042FBE4C696"
"01 Основы\Сети\assets_DO2_LinuxNetwork-1\Pasted image 20240801195408.png","01 Основы\Сети\assets\Pasted image 20240801195408.png","01 Основы\Сети\Практикум Linux Networking.md","referenced-by-one-note","11A89E660B1B22447933BD54D80BA3CC2FB50E5502E4F3302F2284449AFF790F"
"01 Основы\Сети\assets_DO2_LinuxNetwork-1\Pasted image 20240801203226.png","01 Основы\Сети\assets\Pasted image 20240801203226.png","01 Основы\Сети\Практикум Linux Networking.md","referenced-by-one-note","DCA603A12D4D59BE0B3288185FCB763E2AD1BCC39F430D994DF8E6953E4B7F41"
"01 Основы\Сети\assets_DO2_LinuxNetwork-1\Pasted image 20240801203422.png","01 Основы\Сети\assets\Pasted image 20240801203422.png","01 Основы\Сети\Практикум Linux Networking.md","referenced-by-one-note","C02CCFFD910493CDA8EFDC4A169355C64C018C1E4EED370EECDF7EA456B19F2E"
"01 Основы\Сети\assets_DO2_LinuxNetwork-1\Pasted image 20240801203556.png","01 Основы\Сети\assets\Pasted image 20240801203556.png","01 Основы\Сети\Практикум Linux Networking.md","referenced-by-one-note","4C7BF708EBD3BF8AA1C79F73A13C50B73EAB41C5F24C6880E972089AB3EFEF58"
"01 Основы\Сети\assets_DO2_LinuxNetwork-1\Pasted image 20240801210302.png","01 Основы\Сети\assets\Pasted image 20240801210302.png","01 Основы\Сети\Практикум Linux Networking.md","referenced-by-one-note","35861E82A9055E98F8ECDF9DBA86B77D54146FD66701C0CCC79CA979EEFE91C0"
"01 Основы\Сети\assets_DO2_LinuxNetwork-1\Pasted image 20240801211537.png","01 Основы\Сети\assets\Pasted image 20240801211537.png","01 Основы\Сети\Практикум Linux Networking.md","referenced-by-one-note","FAD73E94135726F937DC12721379B6953580E0BED2FF2D908BE45D8047FE8DA7"
"01 Основы\Сети\assets_DO2_LinuxNetwork-1\Pasted image 20240801212307.png","01 Основы\Сети\assets\Pasted image 20240801212307.png","01 Основы\Сети\Практикум Linux Networking.md","referenced-by-one-note","150BFC131CC6EAAE0C5AEC45EAC8592DF6BAF99E5D9D04AF7B9059FEA9E32743"
"01 Основы\Сети\assets_DO2_LinuxNetwork-1\Pasted image 20240801212608.png","01 Основы\Сети\assets\Pasted image 20240801212608.png","01 Основы\Сети\Практикум Linux Networking.md","referenced-by-one-note","332F4DFC47FF0E05417A28C3FDCA052C22C906ABFC6EDEAE62A1410849393D1E"
"01 Основы\Сети\assets_DO2_LinuxNetwork-1\Pasted image 20240804152152.png","01 Основы\Сети\assets\Pasted image 20240804152152.png","01 Основы\Сети\Практикум Linux Networking.md","referenced-by-one-note","4ED3363EA8DD8E89772C01F6C34FCF13F1004D9265F3579710E34E997A6A0A31"
"01 Основы\Сети\assets_DO2_LinuxNetwork-1\Pasted image 20240804155654.png","01 Основы\Сети\assets\Pasted image 20240804155654.png","01 Основы\Сети\Практикум Linux Networking.md","referenced-by-one-note","A315122D05BE140FCDD6046E1740FF3CE9E7DB8832E7BD7A88F92DB06AD15662"
"01 Основы\Сети\assets_DO2_LinuxNetwork-1\Pasted image 20240804160729.png","01 Основы\Сети\assets\Pasted image 20240804160729.png","01 Основы\Сети\Практикум Linux Networking.md","referenced-by-one-note","73CA1192E8140F509E77FCE25BC32255EAEB22437588E90052EBFC758F23A4E8"
"01 Основы\Сети\assets_DO2_LinuxNetwork-1\Pasted image 20240804161405.png","01 Основы\Сети\assets\Pasted image 20240804161405.png","01 Основы\Сети\Практикум Linux Networking.md","referenced-by-one-note","35B2C9BC77E8662B2C900FC9C0D2ADA7DCD34C931EA1B1DD082AE3F99CDB019C"
"01 Основы\Сети\assets_DO2_LinuxNetwork-1\Pasted image 20240804161646.png","01 Основы\Сети\assets\Pasted image 20240804161646.png","01 Основы\Сети\Практикум Linux Networking.md","referenced-by-one-note","4A42383240DB5AAB8D759EAC736615E5C0BDC16E6AF178C67B483FC833F343FD"
"01 Основы\Сети\assets_DO2_LinuxNetwork-1\Pasted image 20240804162127.png","01 Основы\Сети\assets\Pasted image 20240804162127.png","01 Основы\Сети\Практикум Linux Networking.md","referenced-by-one-note","7BCA2BD16D9460357EC244068C617A4A8F77FE2A0B59A5C214CE43CFF51DCDAA"
"01 Основы\Сети\assets_DO2_LinuxNetwork-1\Pasted image 20240804173118.png","01 Основы\Сети\assets\Pasted image 20240804173118.png","01 Основы\Сети\Практикум Linux Networking.md","referenced-by-one-note","8BE3C44066DB80883E17E6EB6505B3C7ADCC06DDA381F5DAB46336867DA7ADB0"
"01 Основы\Сети\assets_DO2_LinuxNetwork-1\Pasted image 20240804173408.png","01 Основы\Сети\assets\Pasted image 20240804173408.png","01 Основы\Сети\Практикум Linux Networking.md","referenced-by-one-note","7156C5137FEA8C6BFB1A1CD5D8D18A65832268BC44482B01ADD54B3DA05636B9"
"01 Основы\Сети\assets_DO2_LinuxNetwork-1\Pasted image 20240804180212.png","01 Основы\Сети\assets\Pasted image 20240804180212.png","01 Основы\Сети\Практикум Linux Networking.md","referenced-by-one-note","324F751E42C08024AFDF747A2F01EE53BC7E9B2757B46D987D143A6FC81CCEA8"
"01 Основы\Сети\assets_DO2_LinuxNetwork-1\Pasted image 20240805031325.png","01 Основы\Сети\assets\Pasted image 20240805031325.png","01 Основы\Сети\Практикум Linux Networking.md","referenced-by-one-note","B2F708E3B7436B22359807D89D5417F03A60F3E3A8A9DFE6C98BD78E30FA17EF"
"01 Основы\Сети\assets_DO2_LinuxNetwork-1\Pasted image 20240805192822.png","01 Основы\Сети\assets\Pasted image 20240805192822.png","01 Основы\Сети\Практикум Linux Networking.md","referenced-by-one-note","116FA457F3032CBF199E1D67164D89B782AF348872D60C2FB622A780A35D6068"
"01 Основы\Сети\assets_DO2_LinuxNetwork-1\Pasted image 20240805200053.png","01 Основы\Сети\assets\Pasted image 20240805200053.png","01 Основы\Сети\Практикум Linux Networking.md","referenced-by-one-note","62FD57C228E2A50DCB708EAFCAA149E04B5766288740A861A99337B983A6E550"
"01 Основы\Сети\assets_DO2_LinuxNetwork-1\Pasted image 20240805200258.png","01 Основы\Сети\assets\Pasted image 20240805200258.png","01 Основы\Сети\Практикум Linux Networking.md","referenced-by-one-note","4B1734230881611F3B64ECC78D65A27C26D27443E380B4C94196AEAF02EC3B46"
"01 Основы\Сети\assets_DO2_LinuxNetwork-1\Pasted image 20240805201211.png","01 Основы\Сети\assets\Pasted image 20240805201211.png","01 Основы\Сети\Практикум Linux Networking.md","referenced-by-one-note","57D5DDACB539523FC0CF988CAD0C9426A60B072A6BBE6E864E05F70ACEBCB446"
"01 Основы\Сети\assets_DO2_LinuxNetwork-1\Pasted image 20240805201500.png","01 Основы\Сети\assets\Pasted image 20240805201500.png","01 Основы\Сети\Практикум Linux Networking.md","referenced-by-one-note","D5C69C631C70EF1494B7B7DFFFF5046E8FCA2537002068623CA024B68F707859"
"01 Основы\Сети\assets_DO2_LinuxNetwork-1\Pasted image 20240805202132.png","01 Основы\Сети\assets\Pasted image 20240805202132.png","01 Основы\Сети\Практикум Linux Networking.md","referenced-by-one-note","AE300DBBC45A64817205A4757EE4AAE10EA53456F14FEF5F9F19082BECF84926"
"01 Основы\Сети\assets_DO2_LinuxNetwork-1\Pasted image 20240805202224.png","01 Основы\Сети\assets\Pasted image 20240805202224.png","01 Основы\Сети\Практикум Linux Networking.md","referenced-by-one-note","0A37963DE6D3378D75EEC53E3AD007A5AA39D48577E1168BDA838FB8812918A7"
"01 Основы\Сети\assets_DO2_LinuxNetwork-1\Pasted image 20240807155841.png","01 Основы\Сети\assets\Pasted image 20240807155841.png","01 Основы\Сети\Практикум Linux Networking.md","referenced-by-one-note","C68F461F29BDF46FBF42D412ADF48D2E13ECA90585C1CDD0A0D8C265296E5094"
"01 Основы\Сети\assets_DO2_LinuxNetwork-1\Pasted image 20240807160442.png","01 Основы\Сети\assets\Pasted image 20240807160442.png","01 Основы\Сети\Практикум Linux Networking.md","referenced-by-one-note","9945C3199C52F699513491DB4272079C0462668AFD8E18245F52AFA8B381511C"
"01 Основы\Сети\assets_DO2_LinuxNetwork-1\Pasted image 20240807161845.png","01 Основы\Сети\assets\Pasted image 20240807161845.png","01 Основы\Сети\Практикум Linux Networking.md","referenced-by-one-note","46E4B007A60DAE22BCFA1DD85A3D4DB5B994E2B4D14D492D64EA3F5CB4BB0354"
"01 Основы\Сети\assets_DO2_LinuxNetwork-1\Pasted image 20240807183647.png","01 Основы\Сети\assets\Pasted image 20240807183647.png","01 Основы\Сети\Практикум Linux Networking.md","referenced-by-one-note","53475DD842D7E35CA881801C6E75BE8492340F6C2AF7CB53A98BCC735E3C97F2"
"01 Основы\Сети\assets_DO2_LinuxNetwork-1\Pasted image 20240807183738.png","01 Основы\Сети\assets\Pasted image 20240807183738.png","01 Основы\Сети\Практикум Linux Networking.md","referenced-by-one-note","5DCB8130A852CB7B423C84E1FCD80719C40C34062CA5BB6015D1366A1A79CD06"
"01 Основы\Сети\assets_DO2_LinuxNetwork-1\Pasted image 20240807183911.png","01 Основы\Сети\assets\Pasted image 20240807183911.png","01 Основы\Сети\Практикум Linux Networking.md","referenced-by-one-note","97465A420E1E0C61354678E2D1BA3AF28EDFC0DD420AC163D2FBF42F7E76BBF1"
"01 Основы\Сети\assets_DO2_LinuxNetwork-1\Pasted image 20240807183931.png","01 Основы\Сети\assets\Pasted image 20240807183931.png","01 Основы\Сети\Практикум Linux Networking.md","referenced-by-one-note","8A357D4E8F34402AFC8B77BD577F156DF40BC9C8E07B80B8E0074360E032337E"
"01 Основы\Сети\assets_DO2_LinuxNetwork-1\Pasted image 20240807191959.png","01 Основы\Сети\assets\Pasted image 20240807191959.png","01 Основы\Сети\Практикум Linux Networking.md","referenced-by-one-note","CF1A314BB5B6B6E6058D8AAFFA6C534BC1B1B9FF0D701C1E61FCABFD1BB7E3C2"
"01 Основы\Сети\assets_DO2_LinuxNetwork-1\Pasted image 20240807192510.png","01 Основы\Сети\assets\Pasted image 20240807192510.png","01 Основы\Сети\Практикум Linux Networking.md","referenced-by-one-note","417689C5D74B72EC01B7D8BAC48D71FA9209F524800E5CC0707624D740317802"
"02 Разведка и моделирование угроз\assets\Pasted image 20240706105738.png","02 Разведка и моделирование угроз\06 Инструменты\Фреймворки\assets\Pasted image 20240706105738.png","02 Разведка и моделирование угроз\06 Инструменты\Фреймворки\theHarvester.md","referenced-by-one-note","DB550922C27055B9711E608AC4A42B2927A4FC9DF84D8E6AD1530DE69DBE1161"
"02 Разведка и моделирование угроз\assets\Pasted image 20240707104553.png","02 Разведка и моделирование угроз\03 Метаданные и документы\assets\Pasted image 20240707104553.png","02 Разведка и моделирование угроз\03 Метаданные и документы\FOCA.md","referenced-by-one-note","D1F04B69DFBCF0AC1E3BD66A7E6DE9910EBA2993E2260A4CE0D5D1023C3F138B"
"02 Разведка и моделирование угроз\assets\Pasted image 20240707105006.png","02 Разведка и моделирование угроз\03 Метаданные и документы\assets\Pasted image 20240707105006.png","02 Разведка и моделирование угроз\03 Метаданные и документы\FOCA.md","referenced-by-one-note","26E812857FFCBD433B30167F93A29BED69C5288E4275A6FD0ED04B531825DE68"
"02 Разведка и моделирование угроз\assets\Pasted image 20240707110538.png","02 Разведка и моделирование угроз\02 DNS и домены\assets\Pasted image 20240707110538.png","02 Разведка и моделирование угроз\02 DNS и домены\DNS-записи и nslookup.md","referenced-by-one-note","6A98472796CC668E005C231E8422E23F9E0F055BF53238785717107E8ADE622E"
"02 Разведка и моделирование угроз\assets\Pasted image 20250130180050.png","02 Разведка и моделирование угроз\06 Инструменты\Фреймворки\assets\Pasted image 20250130180050.png","02 Разведка и моделирование угроз\06 Инструменты\Фреймворки\Argus.md","referenced-by-one-note","EFE8291D15F2204AC078CA3EC46303AA29FCB149831EE4E6DAC121510B047A9B"
"02 Разведка и моделирование угроз\assets\Pasted image 20250130180106.png","02 Разведка и моделирование угроз\06 Инструменты\Фреймворки\assets\Pasted image 20250130180106.png","02 Разведка и моделирование угроз\06 Инструменты\Фреймворки\Argus.md","referenced-by-one-note","BFFB55255BC26DF478B88F1BF4ED99FA4FF44C0D875802AA47B81319995D5E9C"
"02 Разведка и моделирование угроз\assets\Pasted image 20250130180119.png","02 Разведка и моделирование угроз\06 Инструменты\Фреймворки\assets\Pasted image 20250130180119.png","02 Разведка и моделирование угроз\06 Инструменты\Фреймворки\Argus.md","referenced-by-one-note","4E724B706CD1994CE0983CF14584E07E3D487C3F805B2EE2EE80BF2AE0E41A41"
"02 Разведка и моделирование угроз\assets\Pasted image 20250130180128.png","02 Разведка и моделирование угроз\06 Инструменты\Фреймворки\assets\Pasted image 20250130180128.png","02 Разведка и моделирование угроз\06 Инструменты\Фреймворки\Argus.md","referenced-by-one-note","B0B7B09D0D93F27033000D92ECF57BB269A9EAD29CEB012C2E9DC6C26CB8FFD1"
"02 Разведка и моделирование угроз\assets\Pasted image 20250130180140.png","02 Разведка и моделирование угроз\06 Инструменты\Фреймворки\assets\Pasted image 20250130180140.png","02 Разведка и моделирование угроз\06 Инструменты\Фреймворки\Argus.md","referenced-by-one-note","707F1E7940F3A726212B359B3F6CB055774BE9BF1A5583D49EAD75090A3219D6"
"02 Разведка и моделирование угроз\assets\Pasted image 20250130180159.png","02 Разведка и моделирование угроз\06 Инструменты\Фреймворки\assets\Pasted image 20250130180159.png","02 Разведка и моделирование угроз\06 Инструменты\Фреймворки\Argus.md","referenced-by-one-note","28E5D937F79FA1EC9CCFEA6A9AA3BC31284831CF2B657CB54F5A9EF902AB2C84"
"02 Разведка и моделирование угроз\assets\Pasted image 20250130180210.png","02 Разведка и моделирование угроз\06 Инструменты\Фреймворки\assets\Pasted image 20250130180210.png","02 Разведка и моделирование угроз\06 Инструменты\Фреймворки\Argus.md","referenced-by-one-note","493DCBC2D278DA7855A47DFD89211D459D118A563286C1AF21F8C9044EB5EEA6"
"02 Разведка и моделирование угроз\assets\Pasted image 20250130180221.png","02 Разведка и моделирование угроз\06 Инструменты\Фреймворки\assets\Pasted image 20250130180221.png","02 Разведка и моделирование угроз\06 Инструменты\Фреймворки\Argus.md","referenced-by-one-note","2B3C62DA20F491AD1016181950CABFCD4C509E30F6C10EC21E41FA7D0EC1A97E"
"02 Разведка и моделирование угроз\assets\Pasted image 20250130180242.png","02 Разведка и моделирование угроз\06 Инструменты\Фреймворки\assets\Pasted image 20250130180242.png","02 Разведка и моделирование угроз\06 Инструменты\Фреймворки\Argus.md","referenced-by-one-note","541B6F6C46DEBB3C4BAFA84D174727921E602786CA9B7E0471C5BF5241E13905"
"02 Разведка и моделирование угроз\assets\Pasted image 20250130180254.png","02 Разведка и моделирование угроз\06 Инструменты\Фреймворки\assets\Pasted image 20250130180254.png","02 Разведка и моделирование угроз\06 Инструменты\Фреймворки\Argus.md","referenced-by-one-note","A1601224D1CC571FD5721EC84A06E14DC32B268C2EFE96555635ACBC64AE7C1A"
"02 Разведка и моделирование угроз\assets\Pasted image 20250130180306.png","02 Разведка и моделирование угроз\06 Инструменты\Фреймворки\assets\Pasted image 20250130180306.png","02 Разведка и моделирование угроз\06 Инструменты\Фреймворки\Argus.md","referenced-by-one-note","27A1B43EE06271D8AA7DAB691EFACABE73EE7F11F318F31F7F2CE982F6C7ED43"
"02 Разведка и моделирование угроз\assets\Pasted image 20250418112534.png","02 Разведка и моделирование угроз\04 OSINT по идентификаторам\assets\Pasted image 20250418112534.png","02 Разведка и моделирование угроз\04 OSINT по идентификаторам\Google ID и Yandex ID.md","referenced-by-one-note","A3A16FE4953FF40069E30619DD39769EDD43672E53EBF2A53D5EF9BB17F45899"
"02 Разведка и моделирование угроз\assets\Pasted image 20250418113322.png","02 Разведка и моделирование угроз\04 OSINT по идентификаторам\assets\Pasted image 20250418113322.png","02 Разведка и моделирование угроз\04 OSINT по идентификаторам\Google ID и Yandex ID.md","referenced-by-one-note","086F28EB76AF3BAA2D3500A93E33C6E1E27D5F7BC5A47B5F9903D609E086E50E"
"02 Разведка и моделирование угроз\assets\Pasted image 20250418114227.png","02 Разведка и моделирование угроз\04 OSINT по идентификаторам\assets\Pasted image 20250418114227.png","02 Разведка и моделирование угроз\04 OSINT по идентификаторам\Google ID и Yandex ID.md","referenced-by-one-note","96AF3FB3E810570B2B71AA251436F364655F89A3DB996D6B8648C5195A033F42"
"02 Разведка и моделирование угроз\assets\Pasted image 20250418114441.png","02 Разведка и моделирование угроз\04 OSINT по идентификаторам\assets\Pasted image 20250418114441.png","02 Разведка и моделирование угроз\04 OSINT по идентификаторам\Google ID и Yandex ID.md","referenced-by-one-note","AD67E28FA882A89AF3B4E504EB3AA47631B2780E6963F8BA28CC1C1578F51DA2"
"02 Разведка и моделирование угроз\assets\Pasted image 20250418115515.png","02 Разведка и моделирование угроз\04 OSINT по идентификаторам\assets\Pasted image 20250418115515.png","02 Разведка и моделирование угроз\04 OSINT по идентификаторам\Google ID и Yandex ID.md","referenced-by-one-note","D0EF3848F759D79B792697D0E9A986344F0AB950085C9D646EA931B7BFE0F1F6"
"02 Разведка и моделирование угроз\assets\Pasted image 20250418120533.png","02 Разведка и моделирование угроз\04 OSINT по идентификаторам\assets\Pasted image 20250418120533.png","02 Разведка и моделирование угроз\04 OSINT по идентификаторам\Google ID и Yandex ID.md","referenced-by-one-note","35D6BCB07FF113CE489F3B03426375BC8D3ED7FEC33AF7FE8A9A1E8983FECFF7"
"02 Разведка и моделирование угроз\assets\Pasted image 20250418122918.png","02 Разведка и моделирование угроз\04 OSINT по идентификаторам\assets\Pasted image 20250418122918.png","02 Разведка и моделирование угроз\04 OSINT по идентификаторам\Google ID и Yandex ID.md","referenced-by-one-note","6AC072754D5B3A0D3B23125CFB3FD7D1C2D15B17A328063669906ED62220F34C"
"02 Разведка и моделирование угроз\assets\Pasted image 20250418123104.png","02 Разведка и моделирование угроз\04 OSINT по идентификаторам\assets\Pasted image 20250418123104.png","02 Разведка и моделирование угроз\04 OSINT по идентификаторам\Google ID и Yandex ID.md","referenced-by-one-note","AAE207D7D2A0B09CBCB803450D3390817570DCBC121DDADC64F46B04BA22E2EF"
"03 Оценка защищённости\Сканирование сети\assets\Pasted image 20240409144850.png","05 Сетевая безопасность\Атаки в лабораторной среде\Pivoting\assets\Pasted image 20240409144850.png","05 Сетевая безопасность\Атаки в лабораторной среде\Pivoting\Туннелирование и проброс трафика.md","referenced-by-one-note","51ABEEB76C7C0EA0A98578A08D6E7A2224CADC681A25550C37E64E00505B9760"
"03 Оценка защищённости\Сканирование сети\assets\Pasted image 20240409145148.png","05 Сетевая безопасность\Атаки в лабораторной среде\Pivoting\assets\Pasted image 20240409145148.png","05 Сетевая безопасность\Атаки в лабораторной среде\Pivoting\Туннелирование и проброс трафика.md","referenced-by-one-note","2A0AF589A73574DA7DA3ECCC134057F34CED24A33E1B0E56B162109BD4C5068B"
"03 Оценка защищённости\Сканирование уязвимостей\assets\joomscan.png","03 Оценка защищённости\03 Сканеры уязвимостей\CMS\assets\joomscan.png","03 Оценка защищённости\03 Сканеры уязвимостей\CMS\JoomScan.md","referenced-by-one-note","5CF411DEC1FE6B8862DBB355850AC80E0C795A5B2DC246857A4B5911522C78F4"
"03 Оценка защищённости\Сканирование уязвимостей\assets\openVAS.png","03 Оценка защищённости\03 Сканеры уязвимостей\Инфраструктура\assets\openVAS.png","03 Оценка защищённости\03 Сканеры уязвимостей\Инфраструктура\OpenVAS GVM.md","referenced-by-one-note","BB4942CD528A5BFFA3FCC54C2D7B94B3FC0181725B405EC98FAED33A132EE5AA"
"03 Оценка защищённости\Сканирование уязвимостей\assets\Pasted image 20240629101722.png","03 Оценка защищённости\03 Сканеры уязвимостей\Инфраструктура\assets\Pasted image 20240629101722.png","03 Оценка защищённости\03 Сканеры уязвимостей\Инфраструктура\OpenVAS GVM.md","referenced-by-one-note","B54B33EF24F665DC1B6E196C618E0010FA4F6CA02DAB449A28548139C22A3A6C"
"03 Оценка защищённости\Сканирование уязвимостей\assets\Pasted image 20240629101733.png","03 Оценка защищённости\03 Сканеры уязвимостей\Инфраструктура\assets\Pasted image 20240629101733.png","03 Оценка защищённости\03 Сканеры уязвимостей\Инфраструктура\OpenVAS GVM.md","referenced-by-one-note","1D3B74E0D6F149AF8C374086097DF355F4EA4537A4CDF0934881D78EF1699C92"
"03 Оценка защищённости\Сканирование уязвимостей\assets\Pasted image 20240629101823.png","03 Оценка защищённости\03 Сканеры уязвимостей\Инфраструктура\assets\Pasted image 20240629101823.png","03 Оценка защищённости\03 Сканеры уязвимостей\Инфраструктура\OpenVAS GVM.md","referenced-by-one-note","5E288295006E77D3013E6B81A3B7511D05BD6FDE74D2179C54F38948223B859D"
"03 Оценка защищённости\Сканирование уязвимостей\assets\Pasted image 20240629101900.png","03 Оценка защищённости\03 Сканеры уязвимостей\Инфраструктура\assets\Pasted image 20240629101900.png","03 Оценка защищённости\03 Сканеры уязвимостей\Инфраструктура\OpenVAS GVM.md","referenced-by-one-note","A760DCF6035DEE132C5E2936B162B011C78E4F00D4084FB1B446CB1BF9F21CC1"
"03 Оценка защищённости\Сканирование уязвимостей\assets\Pasted image 20240629101934.png","03 Оценка защищённости\03 Сканеры уязвимостей\Инфраструктура\assets\Pasted image 20240629101934.png","03 Оценка защищённости\03 Сканеры уязвимостей\Инфраструктура\OpenVAS GVM.md","referenced-by-one-note","F54C4B1B0111E4F3DE858148576E1EF8D76BC2D353CC5237B7FD437BCD2680C9"
"03 Оценка защищённости\Сканирование уязвимостей\assets\Pasted image 20240629102010.png","03 Оценка защищённости\03 Сканеры уязвимостей\Инфраструктура\assets\Pasted image 20240629102010.png","03 Оценка защищённости\03 Сканеры уязвимостей\Инфраструктура\OpenVAS GVM.md","referenced-by-one-note","C8290D010F2FAB47FA2059830B79EBFF408B10183DC869568D035A893F8E2E73"
"03 Оценка защищённости\Сканирование уязвимостей\assets\Pasted image 20240629102054.png","03 Оценка защищённости\03 Сканеры уязвимостей\Инфраструктура\assets\Pasted image 20240629102054.png","03 Оценка защищённости\03 Сканеры уязвимостей\Инфраструктура\OpenVAS GVM.md","referenced-by-one-note","1DCE9D10AB294F66CD0804B353E932EEFFC05EC80E4F71F7485244495C84F85C"
"03 Оценка защищённости\Сканирование уязвимостей\assets\Pasted image 20240629102116.png","03 Оценка защищённости\03 Сканеры уязвимостей\Инфраструктура\assets\Pasted image 20240629102116.png","03 Оценка защищённости\03 Сканеры уязвимостей\Инфраструктура\OpenVAS GVM.md","referenced-by-one-note","204628F35E98F921AD8AC50B7D172A34A9C76FCD6C3BBBF9E0147A231DF9C835"
"03 Оценка защищённости\Сканирование уязвимостей\assets\Pasted image 20240629102532.png","03 Оценка защищённости\03 Сканеры уязвимостей\Инфраструктура\assets\Pasted image 20240629102532.png","03 Оценка защищённости\03 Сканеры уязвимостей\Инфраструктура\OpenVAS GVM.md","referenced-by-one-note","EAC203EFE16E096119EA3C62571C5BB3405DD2CB9BF2D37CC3D315CDFF4F4B3E"
"03 Оценка защищённости\Сканирование уязвимостей\assets\Pasted image 20240629102754.png","03 Оценка защищённости\03 Сканеры уязвимостей\Инфраструктура\assets\Pasted image 20240629102754.png","03 Оценка защищённости\03 Сканеры уязвимостей\Инфраструктура\OpenVAS GVM.md","referenced-by-one-note","86FEA2F1CF5F894AFB0AFBE7AA799A3DC23E747F6EE61137906D4B4D9C0768AA"
"03 Оценка защищённости\Сканирование уязвимостей\assets\Pasted image 20240629102808.png","03 Оценка защищённости\03 Сканеры уязвимостей\Инфраструктура\assets\Pasted image 20240629102808.png","03 Оценка защищённости\03 Сканеры уязвимостей\Инфраструктура\OpenVAS GVM.md","referenced-by-one-note","48D57D577ECC4A8AD7AEA73815EEC8167F7AED6D8918C04034D6FFADEDCED495"
"03 Оценка защищённости\Сканирование уязвимостей\assets\Pasted image 20240629102831.png","03 Оценка защищённости\03 Сканеры уязвимостей\Инфраструктура\assets\Pasted image 20240629102831.png","03 Оценка защищённости\03 Сканеры уязвимостей\Инфраструктура\OpenVAS GVM.md","referenced-by-one-note","C6631621F8290D80722775BF365627DDD560CDB4D33730C51F5DD67EB558052C"
"03 Оценка защищённости\Сканирование уязвимостей\assets\Pasted image 20240629103531.png","03 Оценка защищённости\03 Сканеры уязвимостей\Инфраструктура\assets\Pasted image 20240629103531.png","03 Оценка защищённости\03 Сканеры уязвимостей\Инфраструктура\OpenVAS GVM.md","referenced-by-one-note","B86F12215D64EA6196E22265DB847DA30FFA9F60DBA9264FA326798EB42A8DCC"
"03 Оценка защищённости\Сканирование уязвимостей\assets\Pasted image 20240629103944.png","03 Оценка защищённости\03 Сканеры уязвимостей\Инфраструктура\assets\Pasted image 20240629103944.png","03 Оценка защищённости\03 Сканеры уязвимостей\Инфраструктура\OpenVAS GVM.md","referenced-by-one-note","C01758CCB1E31F73D7DBFB247E889BB478D6971BEEF620150F546240C8A5B0BF"
"03 Оценка защищённости\Сканирование уязвимостей\assets\Pasted image 20240629104042.png","03 Оценка защищённости\03 Сканеры уязвимостей\Инфраструктура\assets\Pasted image 20240629104042.png","03 Оценка защищённости\03 Сканеры уязвимостей\Инфраструктура\OpenVAS GVM.md","referenced-by-one-note","6738AB45EE8EE6F226D1931F052A384A8CDBD69F9354B017B344B24B9B5BEAA5"
"03 Оценка защищённости\Сканирование уязвимостей\assets\Pasted image 20240629105208.png","03 Оценка защищённости\03 Сканеры уязвимостей\Инфраструктура\assets\Pasted image 20240629105208.png","03 Оценка защищённости\03 Сканеры уязвимостей\Инфраструктура\OpenVAS GVM.md","referenced-by-one-note","164CDB881D614EE9E6C4D919E922888B75B93719348C9406CA82EABFF98F2662"
"03 Оценка защищённости\Сканирование уязвимостей\assets\Pasted image 20240629105321.png","03 Оценка защищённости\03 Сканеры уязвимостей\Инфраструктура\assets\Pasted image 20240629105321.png","03 Оценка защищённости\03 Сканеры уязвимостей\Инфраструктура\OpenVAS GVM.md","referenced-by-one-note","3B3E5DAC59CBB5C0FB1BC7B2F510FE71F62A444DC96D890C71CC2C472912050B"
"03 Оценка защищённости\Сканирование уязвимостей\assets\Pasted image 20240629105355.png","03 Оценка защищённости\03 Сканеры уязвимостей\Инфраструктура\assets\Pasted image 20240629105355.png","03 Оценка защищённости\03 Сканеры уязвимостей\Инфраструктура\OpenVAS GVM.md","referenced-by-one-note","E15280F7641CD66A614D91FAD83036104761CD4C8752F0D48C14703F193D8294"
"03 Оценка защищённости\Сканирование уязвимостей\assets\Pasted image 20240629105447.png","03 Оценка защищённости\03 Сканеры уязвимостей\Инфраструктура\assets\Pasted image 20240629105447.png","03 Оценка защищённости\03 Сканеры уязвимостей\Инфраструктура\OpenVAS GVM.md","referenced-by-one-note","9234FE915CC5E24F3A08A8283E60158048D37067923EBE7A08F66C4D0488B3FE"
"03 Оценка защищённости\Сканирование уязвимостей\assets\Pasted image 20240629105632.png","03 Оценка защищённости\03 Сканеры уязвимостей\Инфраструктура\assets\Pasted image 20240629105632.png","03 Оценка защищённости\03 Сканеры уязвимостей\Инфраструктура\OpenVAS GVM.md","referenced-by-one-note","D9543F4DE10D88F84499DDDD042A9E9EA0F769B5EFBDAAEEA01B304ADEA86DF5"
"03 Оценка защищённости\Сканирование уязвимостей\assets\Pasted image 20240629105821.png","03 Оценка защищённости\03 Сканеры уязвимостей\Инфраструктура\assets\Pasted image 20240629105821.png","03 Оценка защищённости\03 Сканеры уязвимостей\Инфраструктура\OpenVAS GVM.md","referenced-by-one-note","EE0C327023F94FCEF353BEC16711422F562D0C5C6A20D764B5B91C8BCC669440"
"03 Оценка защищённости\Сканирование уязвимостей\assets\Pasted image 20240629110221.png","03 Оценка защищённости\03 Сканеры уязвимостей\Инфраструктура\assets\Pasted image 20240629110221.png","03 Оценка защищённости\03 Сканеры уязвимостей\Инфраструктура\OpenVAS GVM.md","referenced-by-one-note","168231F3215FAE313793CBACAE49498A94879F890AA467591081A6861C1CFD9D"
"03 Оценка защищённости\Сканирование уязвимостей\assets\Pasted image 20240629110325.png","03 Оценка защищённости\03 Сканеры уязвимостей\Инфраструктура\assets\Pasted image 20240629110325.png","03 Оценка защищённости\03 Сканеры уязвимостей\Инфраструктура\OpenVAS GVM.md","referenced-by-one-note","99E51A09D4C84636AE69B19B1DFF195576F2611CA163C546D02FCD1BA41C52BE"
"03 Оценка защищённости\Сканирование уязвимостей\assets\Pasted image 20240629110357.png","03 Оценка защищённости\03 Сканеры уязвимостей\Инфраструктура\assets\Pasted image 20240629110357.png","03 Оценка защищённости\03 Сканеры уязвимостей\Инфраструктура\OpenVAS GVM.md","referenced-by-one-note","F0481874E5EBCC2605688784DE6342FFF999057D26C673B89126DDD9AAEAC30D"
"03 Оценка защищённости\Сканирование уязвимостей\assets\Pasted image 20240629110503.png","03 Оценка защищённости\03 Сканеры уязвимостей\Инфраструктура\assets\Pasted image 20240629110503.png","03 Оценка защищённости\03 Сканеры уязвимостей\Инфраструктура\OpenVAS GVM.md","referenced-by-one-note","13E3C13BEF732AB9D3C55680A1D7666D76A346FEAC2F1536F346E6AC2921457A"
"03 Оценка защищённости\Сканирование уязвимостей\assets\Pasted image 20240629110520.png","03 Оценка защищённости\03 Сканеры уязвимостей\Инфраструктура\assets\Pasted image 20240629110520.png","03 Оценка защищённости\03 Сканеры уязвимостей\Инфраструктура\OpenVAS GVM.md","referenced-by-one-note","14412EFDF4DA46F4533E1BC1CFDB4B4D8C9C33A76A5ECCEBD663981803210457"
"03 Оценка защищённости\Сканирование уязвимостей\assets\Pasted image 20240629110558.png","03 Оценка защищённости\03 Сканеры уязвимостей\Инфраструктура\assets\Pasted image 20240629110558.png","03 Оценка защищённости\03 Сканеры уязвимостей\Инфраструктура\OpenVAS GVM.md","referenced-by-one-note","B92294440C1DD9DAA57E7D87FC309A4ADD7F58BF4A82C1DE0EBA44DB8DFD382D"
"03 Оценка защищённости\Сканирование уязвимостей\assets\Pasted image 20240629113411.png","03 Оценка защищённости\03 Сканеры уязвимостей\Инфраструктура\assets\Pasted image 20240629113411.png","03 Оценка защищённости\03 Сканеры уязвимостей\Инфраструктура\Nessus.md","referenced-by-one-note","6E025F60F11B9EBF3BCAC32745406BAF5E66B95C09A9B32ACC4D84181CEF2F09"
"03 Оценка защищённости\Сканирование уязвимостей\assets\Pasted image 20240629113616.png","03 Оценка защищённости\03 Сканеры уязвимостей\Инфраструктура\assets\Pasted image 20240629113616.png","03 Оценка защищённости\03 Сканеры уязвимостей\Инфраструктура\Nessus.md","referenced-by-one-note","326C47565B28BD4FE271B04DC70F02FFDC3CC71D03F3B4AAB2AC3AF72B7C3420"
"03 Оценка защищённости\Сканирование уязвимостей\assets\Pasted image 20240629113644.png","03 Оценка защищённости\03 Сканеры уязвимостей\Инфраструктура\assets\Pasted image 20240629113644.png","03 Оценка защищённости\03 Сканеры уязвимостей\Инфраструктура\Nessus.md","referenced-by-one-note","A06219AC7C288C077AEE058AFAF6E96E53363A6849CC04605736F7F9A963C3B9"
"03 Оценка защищённости\Сканирование уязвимостей\assets\Pasted image 20240629113728.png","03 Оценка защищённости\03 Сканеры уязвимостей\Инфраструктура\assets\Pasted image 20240629113728.png","03 Оценка защищённости\03 Сканеры уязвимостей\Инфраструктура\Nessus.md","referenced-by-one-note","4DBBFDACD39BE04AC0CB91AD22938DC693BE396F9F2CC58B8027965B35C05F7A"
"03 Оценка защищённости\Сканирование уязвимостей\assets\Pasted image 20240629113804.png","03 Оценка защищённости\03 Сканеры уязвимостей\Инфраструктура\assets\Pasted image 20240629113804.png","03 Оценка защищённости\03 Сканеры уязвимостей\Инфраструктура\Nessus.md","referenced-by-one-note","A8AD06EDF34BC9018BD39BAE43D6350C92972F2917E2151226CCD6E4C5D83FD8"
"03 Оценка защищённости\Сканирование уязвимостей\assets\Pasted image 20240629113825.png","03 Оценка защищённости\03 Сканеры уязвимостей\Инфраструктура\assets\Pasted image 20240629113825.png","03 Оценка защищённости\03 Сканеры уязвимостей\Инфраструктура\Nessus.md","referenced-by-one-note","8CC2F51DB6B18E1C4D91BD360B4D642F215B37D5607C4B0438C99E0B392E057A"
"03 Оценка защищённости\Сканирование уязвимостей\assets\Pasted image 20240629113852.png","03 Оценка защищённости\03 Сканеры уязвимостей\Инфраструктура\assets\Pasted image 20240629113852.png","03 Оценка защищённости\03 Сканеры уязвимостей\Инфраструктура\Nessus.md","referenced-by-one-note","0BE112EB379BA10BF51A39A5639CEE1FEDE5AE89B1D2F6370082CFCD2E5EDA7F"
"03 Оценка защищённости\Сканирование уязвимостей\assets\Pasted image 20240629113905.png","03 Оценка защищённости\03 Сканеры уязвимостей\Инфраструктура\assets\Pasted image 20240629113905.png","03 Оценка защищённости\03 Сканеры уязвимостей\Инфраструктура\Nessus.md","referenced-by-one-note","BAF6EA3027B73FDC9F83B211B3CAD915953F95F2311BDA2D7FC43556313A78FC"
"03 Оценка защищённости\Сканирование уязвимостей\assets\Pasted image 20240629114013.png","03 Оценка защищённости\03 Сканеры уязвимостей\Инфраструктура\assets\Pasted image 20240629114013.png","03 Оценка защищённости\03 Сканеры уязвимостей\Инфраструктура\Nessus.md","referenced-by-one-note","B9C36672F178892AFBDA637DE1A0B74A0381662346733C7784988DD01687416A"
"03 Оценка защищённости\Сканирование уязвимостей\assets\Pasted image 20240629114027.png","03 Оценка защищённости\03 Сканеры уязвимостей\Инфраструктура\assets\Pasted image 20240629114027.png","03 Оценка защищённости\03 Сканеры уязвимостей\Инфраструктура\Nessus.md","referenced-by-one-note","7C5C6C2A387E9D272129DA1B21611CC07BF80DB15C0B6DE5DAF689AC226936F1"
"03 Оценка защищённости\Сканирование уязвимостей\assets\Pasted image 20240629114040.png","03 Оценка защищённости\03 Сканеры уязвимостей\Инфраструктура\assets\Pasted image 20240629114040.png","03 Оценка защищённости\03 Сканеры уязвимостей\Инфраструктура\Nessus.md","referenced-by-one-note","AAC7516F980DA0DFFC435863434440E6555CBFCCF0B9E38C15938210B093C981"
"03 Оценка защищённости\Сканирование уязвимостей\assets\Pasted image 20240629114050.png","03 Оценка защищённости\03 Сканеры уязвимостей\Инфраструктура\assets\Pasted image 20240629114050.png","03 Оценка защищённости\03 Сканеры уязвимостей\Инфраструктура\Nessus.md","referenced-by-one-note","7C4625174779B7141AA5B212417FDE9FAE34EEDEF9FD6273D4C2F6A13211137F"
"03 Оценка защищённости\Сканирование уязвимостей\assets\Pasted image 20240629114100.png","03 Оценка защищённости\03 Сканеры уязвимостей\Инфраструктура\assets\Pasted image 20240629114100.png","03 Оценка защищённости\03 Сканеры уязвимостей\Инфраструктура\Nessus.md","referenced-by-one-note","1A0425AD1EA2A6A5C414EEE2C01BC6669A320C985805E208FEA01D6AD4CEECE1"
"03 Оценка защищённости\Сканирование уязвимостей\assets\Pasted image 20240629114116.png","03 Оценка защищённости\03 Сканеры уязвимостей\Инфраструктура\assets\Pasted image 20240629114116.png","03 Оценка защищённости\03 Сканеры уязвимостей\Инфраструктура\Nessus.md","referenced-by-one-note","765002D732D49AF48618849B723A68E333FBE36D7A6CDB2BF64B21ED19FE4447"
"03 Оценка защищённости\Сканирование уязвимостей\assets\Pasted image 20240629114158.png","03 Оценка защищённости\03 Сканеры уязвимостей\Инфраструктура\assets\Pasted image 20240629114158.png","03 Оценка защищённости\03 Сканеры уязвимостей\Инфраструктура\Nessus.md","referenced-by-one-note","0670808296B0A22278BFAF22FEBDD09817A0536816A46DB221478F280DBFDE20"
"03 Оценка защищённости\Сканирование уязвимостей\assets\Pasted image 20240629114225.png","03 Оценка защищённости\03 Сканеры уязвимостей\Инфраструктура\assets\Pasted image 20240629114225.png","03 Оценка защищённости\03 Сканеры уязвимостей\Инфраструктура\Nessus.md","referenced-by-one-note","DB795279FADA38AEFCA9E7799B5BF407175D61E3101F5E31B4DF4A2101386884"
"03 Оценка защищённости\Сканирование уязвимостей\assets\Pasted image 20240629114247.png","03 Оценка защищённости\03 Сканеры уязвимостей\Инфраструктура\assets\Pasted image 20240629114247.png","03 Оценка защищённости\03 Сканеры уязвимостей\Инфраструктура\Nessus.md","referenced-by-one-note","94B18B1822E7418B1D6D3431AAF8DB08C1D410EB159F7DF31B8F6D5297275454"
"03 Оценка защищённости\Сканирование уязвимостей\assets\Pasted image 20240629114303.png","03 Оценка защищённости\03 Сканеры уязвимостей\Инфраструктура\assets\Pasted image 20240629114303.png","03 Оценка защищённости\03 Сканеры уязвимостей\Инфраструктура\Nessus.md","referenced-by-one-note","285D7DEF716B2617692A6C0FE40A632E16E28C4F30B67EAD2247DC3EB1B38BB9"
"03 Оценка защищённости\Сканирование уязвимостей\assets\Pasted image 20240629182342.png","03 Оценка защищённости\03 Сканеры уязвимостей\Web\assets\Pasted image 20240629182342.png","03 Оценка защищённости\03 Сканеры уязвимостей\Web\Wapiti.md","referenced-by-one-note","FCA8B4CFBB28EC7C48C6F16EC1986E3F38327055C03618D9B385ACF0E083218B"
"03 Оценка защищённости\Сканирование уязвимостей\assets\Pasted image 20240629182422.png","03 Оценка защищённости\03 Сканеры уязвимостей\Web\assets\Pasted image 20240629182422.png","03 Оценка защищённости\03 Сканеры уязвимостей\Web\Wapiti.md","referenced-by-one-note","A31C9BEF9B2DFB16FF8EB1989072EA15AA32D79C81B4118AC5FFBEE67A5428C7"
"03 Оценка защищённости\Сканирование уязвимостей\assets\Pasted image 20240629182517.png","03 Оценка защищённости\03 Сканеры уязвимостей\Web\assets\Pasted image 20240629182517.png","03 Оценка защищённости\03 Сканеры уязвимостей\Web\Wapiti.md","referenced-by-one-note","F8A9D1817055F2E27D36C00AC11C63CBDA592B882153CD264E491BEE4D95E697"
"03 Оценка защищённости\Сканирование уязвимостей\assets\Pasted image 20240629182645.png","03 Оценка защищённости\03 Сканеры уязвимостей\Web\assets\Pasted image 20240629182645.png","03 Оценка защищённости\03 Сканеры уязвимостей\Web\Wapiti.md","referenced-by-one-note","B0FB4471F14E53EF7A058F652C3CC389704028F5B054964F1D2C6DF505D68780"
"03 Оценка защищённости\Сканирование уязвимостей\assets\Pasted image 20240629182717.png","03 Оценка защищённости\03 Сканеры уязвимостей\Web\assets\Pasted image 20240629182717.png","03 Оценка защищённости\03 Сканеры уязвимостей\Web\Wapiti.md","referenced-by-one-note","2964D5C4E876B2609DB30843BD64E871AE0AA40E4C4339B0436A56D573B6850E"
"03 Оценка защищённости\Сканирование уязвимостей\assets\Pasted image 20240630093625.png","05 Сетевая безопасность\Атаки в лабораторной среде\assets\Pasted image 20240630093625.png","05 Сетевая безопасность\Атаки в лабораторной среде\Metasploit — дополнительные материалы.md","referenced-by-one-note","23F70FD7811E6314ADAD1AB07FEF6340E8432C3CECCDDDD9355319EDD4C8EAB3"
"03 Оценка защищённости\Сканирование уязвимостей\assets\Pasted image 20240630093742.png","05 Сетевая безопасность\Атаки в лабораторной среде\assets\Pasted image 20240630093742.png","05 Сетевая безопасность\Атаки в лабораторной среде\Metasploit — дополнительные материалы.md","referenced-by-one-note","061E3B1213896F53182CD3D24D99819018F6FCC8F04A935FCB5317A7E97EAC37"
"03 Оценка защищённости\Сканирование уязвимостей\assets\Pasted image 20240630093822.png","05 Сетевая безопасность\Атаки в лабораторной среде\assets\Pasted image 20240630093822.png","05 Сетевая безопасность\Атаки в лабораторной среде\Metasploit — дополнительные материалы.md","referenced-by-one-note","0A0D92A62C0AD44B894769314D4FAAA247D5F6CF71EC73CF2938924CE2F61AED"
"03 Оценка защищённости\Сканирование уязвимостей\assets\Pasted image 20240630093920.png","05 Сетевая безопасность\Атаки в лабораторной среде\assets\Pasted image 20240630093920.png","05 Сетевая безопасность\Атаки в лабораторной среде\Metasploit — дополнительные материалы.md","referenced-by-one-note","FE5DD7EE0656E95C8CC174CF1B2C829F5E70DA1EEEFF0BEC6F1A3E8040A64A34"
"03 Оценка защищённости\Сканирование уязвимостей\assets\Pasted image 20260122181338.png","03 Оценка защищённости\03 Сканеры уязвимостей\Автоматизация\assets\Pasted image 20260122181338.png","03 Оценка защищённости\03 Сканеры уязвимостей\Автоматизация\CVEScannerV2.md","referenced-by-one-note","AF0D79ADB4CEF7655C7ACF5FB8CAF5E544A558F2DF12691A32D5B337FA6C5E70"
"04 Безопасность приложений\Web — клиентская сторона\assets\Pasted image 20250113212910.png","04 Безопасность приложений\03 Аутентификация и сессии\assets\Pasted image 20250113212910.png","04 Безопасность приложений\03 Аутентификация и сессии\CSRF.md","referenced-by-one-note","7591B9B2F2713373C3913966F0EC5A5295FA2C5C7F94B86812824A7F9925FACF"
"04 Безопасность приложений\Web — клиентская сторона\assets\Pasted image 20250114182435.png","04 Безопасность приложений\03 Аутентификация и сессии\assets\Pasted image 20250114182435.png","04 Безопасность приложений\03 Аутентификация и сессии\CSRF.md","referenced-by-one-note","B35FE3A1961659F1A3446D1AF92B45A6B87BFF4FD6A995F4ECA6884AC9C72D70"
"04 Безопасность приложений\Web — клиентская сторона\assets\Pasted image 20260121121558.png","04 Безопасность приложений\02 Web-платформа\assets\Pasted image 20260121121558.png","04 Безопасность приложений\02 Web-платформа\Same-origin policy и CORS.md","referenced-by-one-note","387071782E43B7CA6DF24D9E3C59360EBCA52450B6C4A423C0B4F02CE53229F8"
"04 Безопасность приложений\Web — клиентская сторона\assets\Pasted image 20260123162000.png","04 Безопасность приложений\03 Аутентификация и сессии\assets\Pasted image 20260123162000.png","04 Безопасность приложений\03 Аутентификация и сессии\CSRF.md","referenced-by-one-note","02DF1D0EDB03A0975696D2CC9B8E68AEEC5CE0A83688948186708763A6820451"
"04 Безопасность приложений\Web — клиентская сторона\assets\Pasted image 20260123173112.png","04 Безопасность приложений\03 Аутентификация и сессии\assets\Pasted image 20260123173112.png","04 Безопасность приложений\03 Аутентификация и сессии\CSRF.md","referenced-by-one-note","A1F93D5B010A2F3E7D9AE1CF58DDC3812E9C6E8C193C2FD6AAA493696537079F"
"04 Безопасность приложений\Web — серверная сторона\assets\Pasted image 20240614194130.png","04 Безопасность приложений\06 API\assets\Pasted image 20240614194130.png","04 Безопасность приложений\06 API\Безопасность GraphQL.md","referenced-by-one-note","1B12529D5FB1E3A281F9F87F6DF1E333224B6FBE5021F8E3C1A9275E35428645"
"04 Безопасность приложений\Web — серверная сторона\assets\Pasted image 20240614194212.png","04 Безопасность приложений\06 API\assets\Pasted image 20240614194212.png","04 Безопасность приложений\06 API\Безопасность GraphQL.md","referenced-by-one-note","620288A5144CF67C03DC817DD31778E99C724A86D2D0DCFB863B0E77A759EFB6"
"04 Безопасность приложений\Web — серверная сторона\assets\Pasted image 20240614194324.png","04 Безопасность приложений\06 API\assets\Pasted image 20240614194324.png","04 Безопасность приложений\06 API\Безопасность GraphQL.md","referenced-by-one-note","6A5595A794E395BB0803EC9D13F0B373C91047EFB17EE78E05D578072EDED9E4"
"04 Безопасность приложений\Web — серверная сторона\assets\Pasted image 20240614194420.png","04 Безопасность приложений\06 API\assets\Pasted image 20240614194420.png","04 Безопасность приложений\06 API\Безопасность GraphQL.md","referenced-by-one-note","CC67C4306F6CF351208F846DCD2D9F42EC385ACBD509809A7E6572BBAC6A96FB"
"04 Безопасность приложений\Web — серверная сторона\assets\Pasted image 20240614194429.png","04 Безопасность приложений\06 API\assets\Pasted image 20240614194429.png","04 Безопасность приложений\06 API\Безопасность GraphQL.md","referenced-by-one-note","91236FEA44ED1E54043F97B3858173FFE3D26D7287A36C44EB9684080A98000B"
"04 Безопасность приложений\Web — серверная сторона\assets\Pasted image 20240614194509.png","04 Безопасность приложений\06 API\assets\Pasted image 20240614194509.png","04 Безопасность приложений\06 API\Безопасность GraphQL.md","referenced-by-one-note","5BCAAEDA7642C90DCA2C1DEBB230B264D12D8FDE84E736361B13CD4E6FE7FF43"
"04 Безопасность приложений\Web — серверная сторона\assets\Pasted image 20240614194621.png","04 Безопасность приложений\06 API\assets\Pasted image 20240614194621.png","04 Безопасность приложений\06 API\Безопасность GraphQL.md","referenced-by-one-note","878D97B32BBBE1F9B8D1E71F4AE87B5AE4A52BEE617AAF84D9991A61B1B08F28"
"04 Безопасность приложений\Web — серверная сторона\assets\Pasted image 20240614194931.png","04 Безопасность приложений\06 API\assets\Pasted image 20240614194931.png","04 Безопасность приложений\06 API\Безопасность GraphQL.md","referenced-by-one-note","27F34E266CABA42692B409EB016A973A622A6DF8455F90902A688EA9A320919E"
"04 Безопасность приложений\Web — серверная сторона\assets\Pasted image 20240614194936.png","04 Безопасность приложений\06 API\assets\Pasted image 20240614194936.png","04 Безопасность приложений\06 API\Безопасность GraphQL.md","referenced-by-one-note","43C4D8D3FD017A51DADB00CEA3BF768ED3D0AAEA6766ECD2E3F14992278D9C9C"
"04 Безопасность приложений\Web — серверная сторона\assets\Pasted image 20240614195220.png","04 Безопасность приложений\06 API\assets\Pasted image 20240614195220.png","04 Безопасность приложений\06 API\Безопасность GraphQL.md","referenced-by-one-note","283090B3A86E962826F6E5466ACA8E62E715294C37AFD5C3A44945D6FED03141"
"04 Безопасность приложений\Web — серверная сторона\assets\Pasted image 20240614195248.png","04 Безопасность приложений\06 API\assets\Pasted image 20240614195248.png","04 Безопасность приложений\06 API\Безопасность GraphQL.md","referenced-by-one-note","67ED692FECDDA6AA46A7B0BC7F16571BFC928E1D3D03E64622D35BDBED350BA5"
"04 Безопасность приложений\Web — серверная сторона\assets\Pasted image 20240614195315.png","04 Безопасность приложений\06 API\assets\Pasted image 20240614195315.png","04 Безопасность приложений\06 API\Безопасность GraphQL.md","referenced-by-one-note","41B9122118D37D7FDC85762530763CAE51C4060E41E647CEBAF83483CFA956ED"
"04 Безопасность приложений\Web — серверная сторона\assets\Pasted image 20240614195318.png","04 Безопасность приложений\06 API\assets\Pasted image 20240614195318.png","04 Безопасность приложений\06 API\Безопасность GraphQL.md","referenced-by-one-note","2B63C5D44D91C938F7676DA071CA90367F9578A1145C5ABE7CF855A972E20CE4"
"04 Безопасность приложений\Web — серверная сторона\assets\Pasted image 20240614195333.png","04 Безопасность приложений\06 API\assets\Pasted image 20240614195333.png","04 Безопасность приложений\06 API\Безопасность GraphQL.md","referenced-by-one-note","11AAC3BF0DCF1F1D87B1F0C2BF783131E9C624331BC21EA2B159533DAE6E26D5"
"04 Безопасность приложений\Web — серверная сторона\assets\Pasted image 20240614195358.png","04 Безопасность приложений\06 API\assets\Pasted image 20240614195358.png","04 Безопасность приложений\06 API\Безопасность GraphQL.md","referenced-by-one-note","98B6EC0C2F92760904B9F8A21BA1E8F7F41FCAE0E774D36BDC1A4DAD79639943"
"04 Безопасность приложений\Web — серверная сторона\assets\Pasted image 20240614195744.png","04 Безопасность приложений\06 API\assets\Pasted image 20240614195744.png","04 Безопасность приложений\06 API\Безопасность GraphQL.md","referenced-by-one-note","8E7259DEB1404684C2B1DD78008138AF5A5B26847FC58F79755E741B497C19B1"
"04 Безопасность приложений\Web — серверная сторона\assets\Pasted image 20240614201757.png","04 Безопасность приложений\06 API\assets\Pasted image 20240614201757.png","04 Безопасность приложений\06 API\Безопасность GraphQL.md","referenced-by-one-note","8C114190FFED1D6C0A04CF561B9D6783D025F66F6E4781947CF807966603F7DD"
"04 Безопасность приложений\Web — серверная сторона\assets\Pasted image 20240614201827.png","04 Безопасность приложений\06 API\assets\Pasted image 20240614201827.png","04 Безопасность приложений\06 API\Безопасность GraphQL.md","referenced-by-one-note","CAF3332DC1E9506B4C36A879248AE58F3D67AC17F4993A1CF198C2CCB7C5DDE6"
"04 Безопасность приложений\Web — серверная сторона\assets\Pasted image 20240614201909.png","04 Безопасность приложений\06 API\assets\Pasted image 20240614201909.png","04 Безопасность приложений\06 API\Безопасность GraphQL.md","referenced-by-one-note","C4FA29530C0F4F1B5BCCEFBA69C48D98E0A844A454AC3F5761F9481F39B4C46D"
"04 Безопасность приложений\Web — серверная сторона\assets\Pasted image 20240614201918.png","04 Безопасность приложений\06 API\assets\Pasted image 20240614201918.png","04 Безопасность приложений\06 API\Безопасность GraphQL.md","referenced-by-one-note","C6E8D04608C8D0DBF4E32D0178DAB6E924A97A6C79D88E53417D12C267FD9DBA"
"04 Безопасность приложений\Web — серверная сторона\assets\Pasted image 20240614202005.png","04 Безопасность приложений\06 API\assets\Pasted image 20240614202005.png","04 Безопасность приложений\06 API\Безопасность GraphQL.md","referenced-by-one-note","75FC28FA6EC250AB4AE66142ED18ED30BA5EE17CE0B044033F04F16BF9EDDA41"
"04 Безопасность приложений\Web — серверная сторона\assets\Pasted image 20240614202113.png","04 Безопасность приложений\06 API\assets\Pasted image 20240614202113.png","04 Безопасность приложений\06 API\Безопасность GraphQL.md","referenced-by-one-note","458D3D5AFF3AAA9B255A76DB0BA966BCC13807A110DADFE44474CE10B550334F"
"04 Безопасность приложений\Web — серверная сторона\assets\Pasted image 20240614202241.png","04 Безопасность приложений\06 API\assets\Pasted image 20240614202241.png","04 Безопасность приложений\06 API\Безопасность GraphQL.md","referenced-by-one-note","793EE081C823D3624DFD1B083D785C75020B031E2AF3F3B2AE13F677AF1EA99E"
"04 Безопасность приложений\Web — серверная сторона\assets\Pasted image 20240614202303.png","04 Безопасность приложений\06 API\assets\Pasted image 20240614202303.png","04 Безопасность приложений\06 API\Безопасность GraphQL.md","referenced-by-one-note","E282994F7465036BDD4133D0530170C189C1614149A6C1A794631C8DDE9E39EE"
"04 Безопасность приложений\Web — серверная сторона\assets\Pasted image 20240624020213.png","04 Безопасность приложений\05 Серверная безопасность\assets\Pasted image 20240624020213.png","04 Безопасность приложений\05 Серверная безопасность\Загрузка файлов.md","referenced-by-one-note","415C75C1ABC3910468D9284D9DEA0262E973A6790FE29241E453D54553A124BF"
"04 Безопасность приложений\Web — серверная сторона\assets\Pasted image 20241209180532.png","04 Безопасность приложений\05 Серверная безопасность\assets\Pasted image 20241209180532.png","04 Безопасность приложений\05 Серверная безопасность\SSTI.md","referenced-by-one-note","69CB1023A0920154471D84006005FE3B887433BE2AF7E2A34F6C2D5AA709CFF1"
"04 Безопасность приложений\Web — серверная сторона\assets\Pasted image 20250920180801.png","04 Безопасность приложений\07 SQL и NoSQL\assets\Pasted image 20250920180801.png","04 Безопасность приложений\07 SQL и NoSQL\02 Основы SQL injection.md","referenced-by-one-note","4BA5415317F73A91DB3BF59581A91738084345381C005FCEF03980D259B418FD"
"04 Безопасность приложений\Web — серверная сторона\assets\Pasted image 20250920182449.png","04 Безопасность приложений\07 SQL и NoSQL\assets\Pasted image 20250920182449.png","04 Безопасность приложений\07 SQL и NoSQL\02 Основы SQL injection.md","referenced-by-one-note","D5C19754A805805790AC29523F09854E7AF830E036256CABA7346D1FC39D314A"
"04 Безопасность приложений\Web — серверная сторона\assets\Pasted image 20250920182625.png","04 Безопасность приложений\07 SQL и NoSQL\assets\Pasted image 20250920182625.png","04 Безопасность приложений\07 SQL и NoSQL\02 Основы SQL injection.md","referenced-by-one-note","19B19BB55C06E087F01B46849F52EDC09E7593A5F5488EF3119004F15833F910"
"04 Безопасность приложений\Web — серверная сторона\assets\Pasted image 20250920185954.png","04 Безопасность приложений\07 SQL и NoSQL\assets\Pasted image 20250920185954.png","04 Безопасность приложений\07 SQL и NoSQL\02 Основы SQL injection.md","referenced-by-one-note","E6A9546D92765ACD5A26D24FC66173D932F127B6CEAAC6495059BDCD24E678BA"
"04 Безопасность приложений\Web — серверная сторона\assets\Pasted image 20250920190033.png","04 Безопасность приложений\07 SQL и NoSQL\assets\Pasted image 20250920190033.png","04 Безопасность приложений\07 SQL и NoSQL\02 Основы SQL injection.md","referenced-by-one-note","E962396E6CA99979113CF734CE56BC14E2E7CBDD08039430638F65997C74B18D"
"04 Безопасность приложений\Web — серверная сторона\assets\Pasted image 20250920190231.png","04 Безопасность приложений\07 SQL и NoSQL\assets\Pasted image 20250920190231.png","04 Безопасность приложений\07 SQL и NoSQL\02 Основы SQL injection.md","referenced-by-one-note","3A191D88AD4CAA73B8F1B4F8655163BE6DBBE4833DB6C09149B943C9446E1405"
"04 Безопасность приложений\Web — серверная сторона\assets\Pasted image 20250920190256.png","04 Безопасность приложений\07 SQL и NoSQL\assets\Pasted image 20250920190256.png","04 Безопасность приложений\07 SQL и NoSQL\02 Основы SQL injection.md","referenced-by-one-note","1D6B74816415BD5FEB55DD786BBF5077BE1BEFEC6260560739A97E499C666420"
"04 Безопасность приложений\Web — серверная сторона\assets\Pasted image 20250920190418.png","04 Безопасность приложений\07 SQL и NoSQL\assets\Pasted image 20250920190418.png","04 Безопасность приложений\07 SQL и NoSQL\02 Основы SQL injection.md","referenced-by-one-note","1D6B74816415BD5FEB55DD786BBF5077BE1BEFEC6260560739A97E499C666420"
"04 Безопасность приложений\Web — серверная сторона\assets\Pasted image 20250920190824.png","04 Безопасность приложений\07 SQL и NoSQL\assets\Pasted image 20250920190824.png","04 Безопасность приложений\07 SQL и NoSQL\02 Основы SQL injection.md","referenced-by-one-note","CC1E0EA3A5F1D57966768994B23CCFF1D1FF4AA5939BF047CE5899831E0ED00D"
"04 Безопасность приложений\Web — серверная сторона\assets\Pasted image 20250920192022.png","04 Безопасность приложений\07 SQL и NoSQL\assets\Pasted image 20250920192022.png","04 Безопасность приложений\07 SQL и NoSQL\02 Основы SQL injection.md","referenced-by-one-note","CC1E0EA3A5F1D57966768994B23CCFF1D1FF4AA5939BF047CE5899831E0ED00D"
"04 Безопасность приложений\Web — серверная сторона\assets\Pasted image 20250920192816.png","04 Безопасность приложений\07 SQL и NoSQL\assets\Pasted image 20250920192816.png","04 Безопасность приложений\07 SQL и NoSQL\02 Основы SQL injection.md","referenced-by-one-note","5D49F429DBDADB017E86E559997B618EC6DAF91E2D2C65C0E95E6C011FF09B4C"
"04 Безопасность приложений\Web — серверная сторона\assets\Pasted image 20250920193008.png","04 Безопасность приложений\07 SQL и NoSQL\assets\Pasted image 20250920193008.png","04 Безопасность приложений\07 SQL и NoSQL\02 Основы SQL injection.md","referenced-by-one-note","29CB5AE009591BAA69F63B17CE689007A5DD00B6FE9B2F6D335685E360489042"
"04 Безопасность приложений\Web — серверная сторона\assets\Pasted image 20250920193441.png","04 Безопасность приложений\07 SQL и NoSQL\assets\Pasted image 20250920193441.png","04 Безопасность приложений\07 SQL и NoSQL\02 Основы SQL injection.md","referenced-by-one-note","A7933A8C36F4487B8D4FE07CC69796B6D899B5FE57EEDE55D7DA723CE106317C"
"04 Безопасность приложений\Web — серверная сторона\assets\Pasted image 20250920193914.png","04 Безопасность приложений\07 SQL и NoSQL\assets\Pasted image 20250920193914.png","04 Безопасность приложений\07 SQL и NoSQL\02 Основы SQL injection.md","referenced-by-one-note","A9C3353257CE14A8E656415498CB1E2986AD691370A8E0F952B1F4A2EFE848DB"
"04 Безопасность приложений\Web — серверная сторона\assets\Pasted image 20250920194218.png","04 Безопасность приложений\07 SQL и NoSQL\assets\Pasted image 20250920194218.png","04 Безопасность приложений\07 SQL и NoSQL\02 Основы SQL injection.md","referenced-by-one-note","25EAE14C6C17DDAD732CBE2693AFFF04CA689494A319FD278FD3C95670E0A533"
"04 Безопасность приложений\Web — серверная сторона\assets\Pasted image 20250920204702.png","04 Безопасность приложений\07 SQL и NoSQL\assets\Pasted image 20250920204702.png","04 Безопасность приложений\07 SQL и NoSQL\02 Основы SQL injection.md","referenced-by-one-note","F06C0E5BABB03B74678F08D6B239862A080D08E9A001817B7BCCBC3133CED6F5"
"04 Безопасность приложений\Web — серверная сторона\assets\Pasted image 20250920204850.png","04 Безопасность приложений\07 SQL и NoSQL\assets\Pasted image 20250920204850.png","04 Безопасность приложений\07 SQL и NoSQL\02 Основы SQL injection.md","referenced-by-one-note","334CF21225E4565F59850C6F91361F62A748BED5AD8938D4B1F324A893A79DD4"
"04 Безопасность приложений\Web — серверная сторона\assets\Pasted image 20250920205002.png","04 Безопасность приложений\07 SQL и NoSQL\assets\Pasted image 20250920205002.png","04 Безопасность приложений\07 SQL и NoSQL\02 Основы SQL injection.md","referenced-by-one-note","AFD88213AB6848315B2E20AE9290D03EBB1CE05B273FA7A21FFC63AF8858EAC1"
"04 Безопасность приложений\Web — серверная сторона\assets\Pasted image 20250920205113.png","04 Безопасность приложений\07 SQL и NoSQL\assets\Pasted image 20250920205113.png","04 Безопасность приложений\07 SQL и NoSQL\02 Основы SQL injection.md","referenced-by-one-note","EA1BC30892A9DB0778EBBC354DB5FB1180354EA1BB7EF248F8C9D1A8EFE28910"
"04 Безопасность приложений\Web — серверная сторона\assets\Pasted image 20250920205227.png","04 Безопасность приложений\07 SQL и NoSQL\assets\Pasted image 20250920205227.png","04 Безопасность приложений\07 SQL и NoSQL\02 Основы SQL injection.md","referenced-by-one-note","6F5984920852D70DF2A191BB0DF770143A1192F1645A9A29867C2C961327D0F8"
"04 Безопасность приложений\Web — серверная сторона\assets\Pasted image 20250920205237.png","04 Безопасность приложений\07 SQL и NoSQL\assets\Pasted image 20250920205237.png","04 Безопасность приложений\07 SQL и NoSQL\02 Основы SQL injection.md","referenced-by-one-note","5118E9ACE4DCA9BC1175A2BC7E5963BF5A2CA126546669406C6E80C1EB868FAD"
"04 Безопасность приложений\Web — серверная сторона\assets\Pasted image 20250920210913.png","04 Безопасность приложений\07 SQL и NoSQL\assets\Pasted image 20250920210913.png","04 Безопасность приложений\07 SQL и NoSQL\02 Основы SQL injection.md","referenced-by-one-note","0685A12423E88CB763CE9769068B8766D7D31312C3B43E504D730A3BE83556B4"
"04 Безопасность приложений\Web — серверная сторона\assets\Pasted image 20250920211755.png","04 Безопасность приложений\07 SQL и NoSQL\assets\Pasted image 20250920211755.png","04 Безопасность приложений\07 SQL и NoSQL\02 Основы SQL injection.md","referenced-by-one-note","666DD5DE10236B7296B086A5FD51050EECFE64ABD184C08CA049364F20C58C8E"
"04 Безопасность приложений\Web — серверная сторона\assets\Pasted image 20250920211832.png","04 Безопасность приложений\07 SQL и NoSQL\assets\Pasted image 20250920211832.png","04 Безопасность приложений\07 SQL и NoSQL\02 Основы SQL injection.md","referenced-by-one-note","51D5B5C4CC783BF3C8B2535729929CD17B29C2BDD253F00763382905B3B2EF59"
"04 Безопасность приложений\Web — серверная сторона\assets\Pasted image 20250920211925.png","04 Безопасность приложений\07 SQL и NoSQL\assets\Pasted image 20250920211925.png","04 Безопасность приложений\07 SQL и NoSQL\02 Основы SQL injection.md","referenced-by-one-note","A1235B6C18394735726749F2546983E665DF6B49717AEF8CD5329C58F74C1FEC"
"04 Безопасность приложений\Web — серверная сторона\assets\Pasted image 20250920212142.png","04 Безопасность приложений\07 SQL и NoSQL\assets\Pasted image 20250920212142.png","04 Безопасность приложений\07 SQL и NoSQL\02 Основы SQL injection.md","referenced-by-one-note","15606880D47A87C65C6ECC10ADE9AE7F88F9B98B514E2AA200C359954280BBE4"
"04 Безопасность приложений\Web — серверная сторона\assets\Pasted image 20260127202120.png","04 Безопасность приложений\05 Серверная безопасность\assets\Pasted image 20260127202120.png","04 Безопасность приложений\05 Серверная безопасность\Race conditions.md","referenced-by-one-note","EE4E1EE9FE359E09CD2B831EBCE211E714C41F27B9F0DEB63E69F5AF657BAA59"
"04 Безопасность приложений\Web — серверная сторона\assets\Pasted image 20260128153514.png","04 Безопасность приложений\05 Серверная безопасность\assets\Pasted image 20260128153514.png","04 Безопасность приложений\05 Серверная безопасность\Race conditions.md","referenced-by-one-note","E18B242E297EA31B326CEDAA3B0387222301267717B5E28E634AD9D8084E7AD7"
"04 Безопасность приложений\Web — серверная сторона\assets\Pasted image 20260128154931.png","04 Безопасность приложений\05 Серверная безопасность\assets\Pasted image 20260128154931.png","04 Безопасность приложений\05 Серверная безопасность\Race conditions.md","referenced-by-one-note","C94829E571A3BD59BE7F26B4D1521B6097175C5962B5D4AF2E3C93C956288A0D"
"04 Безопасность приложений\Web — серверная сторона\assets\Pasted image 20260128163616.png","04 Безопасность приложений\05 Серверная безопасность\assets\Pasted image 20260128163616.png","04 Безопасность приложений\05 Серверная безопасность\Race conditions.md","referenced-by-one-note","24476F5383F3C0C4FB44A1B955FE1DB5E2219FC878885D8D9DAE14DC6F9D3163"
"04 Безопасность приложений\Web — серверная сторона\assets\Pasted image 20260128163648.png","04 Безопасность приложений\05 Серверная безопасность\assets\Pasted image 20260128163648.png","04 Безопасность приложений\05 Серверная безопасность\Race conditions.md","referenced-by-one-note","32FBEB495A47E01C1D11968AA773AC605C775AD2755357CD4C3BEB6723127E40"
"04 Безопасность приложений\Web — серверная сторона\assets\Pasted image 20260128163726.png","04 Безопасность приложений\05 Серверная безопасность\assets\Pasted image 20260128163726.png","04 Безопасность приложений\05 Серверная безопасность\Race conditions.md","referenced-by-one-note","9C60A116B0660BFF1444A4ABF71DE599AF58B5EA842BE5E1D76F642BECED55A7"
"04 Безопасность приложений\Web — серверная сторона\assets\Pasted image 20260128165301.png","04 Безопасность приложений\05 Серверная безопасность\assets\Pasted image 20260128165301.png","04 Безопасность приложений\05 Серверная безопасность\Race conditions.md","referenced-by-one-note","089BD5387778417D500EB4D884DF8E706715B98E3F9046D2C7AF10EA12414AAE"
"04 Безопасность приложений\Web — серверная сторона\assets\Pasted image 20260128200446.png","04 Безопасность приложений\05 Серверная безопасность\assets\Pasted image 20260128200446.png","04 Безопасность приложений\05 Серверная безопасность\Race conditions.md","referenced-by-one-note","B8F35317E090EDF9C7539C37197D9FC7B843BD6D494F85FFB3F5D9B550BDBDB8"
"04 Безопасность приложений\Web — серверная сторона\assets\Pasted image 20260131194819.png","04 Безопасность приложений\03 Аутентификация и сессии\assets\Pasted image 20260131194819.png","04 Безопасность приложений\03 Аутентификация и сессии\OAuth 2.0 и OpenID Connect.md","referenced-by-one-note","00A46AEFC9646B711307772F664C7D57DE2535968DF32E942CD390E79817D55B"
"04 Безопасность приложений\Web — серверная сторона\assets\Pasted image 20260131202051.png","04 Безопасность приложений\03 Аутентификация и сессии\assets\Pasted image 20260131202051.png","04 Безопасность приложений\03 Аутентификация и сессии\OAuth 2.0 и OpenID Connect.md","referenced-by-one-note","86CABE52BCEE2C4549C61F250AB6BDEE901F479B7A3CBCEE3C4AAFC11F023982"
"04 Безопасность приложений\Web — серверная сторона\assets\Pasted image 20260202171948.png","04 Безопасность приложений\03 Аутентификация и сессии\assets\Pasted image 20260202171948.png","04 Безопасность приложений\03 Аутентификация и сессии\OAuth 2.0 и OpenID Connect.md","referenced-by-one-note","93E880179B0CC2C39A7571D1332BE8A326A37CE49D5F46E9AAFCF147E898E8FF"
"04 Безопасность приложений\Web — серверная сторона\assets\Pasted image 20260206140335.png","04 Безопасность приложений\03 Аутентификация и сессии\assets\Pasted image 20260206140335.png","04 Безопасность приложений\03 Аутентификация и сессии\OAuth 2.0 и OpenID Connect.md","referenced-by-one-note","FF4702F4E5F33755AADC4F3FB4CFA8E53244DA06E3B05A6CA646A09EFEEB19AD"
"04 Безопасность приложений\Web — серверная сторона\assets\Pasted image 20260206140359.png","04 Безопасность приложений\03 Аутентификация и сессии\assets\Pasted image 20260206140359.png","04 Безопасность приложений\03 Аутентификация и сессии\OAuth 2.0 и OpenID Connect.md","referenced-by-one-note","69CDE8ECC1795FAE7C9324DF80C8E84C9F5EEE5B728B318197D721A5EAA5F981"
"04 Безопасность приложений\Web — серверная сторона\assets\Pasted image 20260206140536.png","04 Безопасность приложений\03 Аутентификация и сессии\assets\Pasted image 20260206140536.png","04 Безопасность приложений\03 Аутентификация и сессии\OAuth 2.0 и OpenID Connect.md","referenced-by-one-note","973C4689ABFD09C6720F3C20153524F5BE24151AC270EE8AF66B216EC185DEEE"
"04 Безопасность приложений\Web — серверная сторона\assets\Pasted image 20260206140623.png","04 Безопасность приложений\03 Аутентификация и сессии\assets\Pasted image 20260206140623.png","04 Безопасность приложений\03 Аутентификация и сессии\OAuth 2.0 и OpenID Connect.md","referenced-by-one-note","55A8689EAE498E2D0D00298FDC2F396E2059D3A07D3754EC3820F685E96DCEB5"
"04 Безопасность приложений\Web — серверная сторона\assets\Pasted image 20260206141233.png","04 Безопасность приложений\03 Аутентификация и сессии\assets\Pasted image 20260206141233.png","04 Безопасность приложений\03 Аутентификация и сессии\OAuth 2.0 и OpenID Connect.md","referenced-by-one-note","BE4A4A84F43516E712C37C1E29650FD81E048118BE8B8B9F1F6776404E12829E"
"04 Безопасность приложений\Web — серверная сторона\assets\Pasted image 20260206141329.png","04 Безопасность приложений\03 Аутентификация и сессии\assets\Pasted image 20260206141329.png","04 Безопасность приложений\03 Аутентификация и сессии\OAuth 2.0 и OpenID Connect.md","referenced-by-one-note","CC621C89250FB3FE5CACB7ED3D55007CCE2494A29AA1626DED09E08DEE297B78"
"04 Безопасность приложений\Web — серверная сторона\assets\Pasted image 20260206141831.png","04 Безопасность приложений\03 Аутентификация и сессии\assets\Pasted image 20260206141831.png","04 Безопасность приложений\03 Аутентификация и сессии\OAuth 2.0 и OpenID Connect.md","referenced-by-one-note","B1DE5291ABADF67933BC283BD308B9E3AA23C9D1119CB52E9EA058E7F878C034"
"04 Безопасность приложений\Web — серверная сторона\assets\Pasted image 20260206142001.png","04 Безопасность приложений\03 Аутентификация и сессии\assets\Pasted image 20260206142001.png","04 Безопасность приложений\03 Аутентификация и сессии\OAuth 2.0 и OpenID Connect.md","referenced-by-one-note","A1ECAF85FD4F31E3D91689A80D479EF872B44B6968C00350FD790F40390FE31B"
"04 Безопасность приложений\Web — серверная сторона\assets\Pasted image 20260206142024.png","04 Безопасность приложений\03 Аутентификация и сессии\assets\Pasted image 20260206142024.png","04 Безопасность приложений\03 Аутентификация и сессии\OAuth 2.0 и OpenID Connect.md","referenced-by-one-note","AEFA2FA4690A96C135CDC6991365FD0CDF7DC1ED2A1BA072AE1E77C7349B258D"
"04 Безопасность приложений\Web — серверная сторона\assets\Pasted image 20260206142606.png","04 Безопасность приложений\03 Аутентификация и сессии\assets\Pasted image 20260206142606.png","04 Безопасность приложений\03 Аутентификация и сессии\OAuth 2.0 и OpenID Connect.md","referenced-by-one-note","E6FF50E9080FB177BFED3C625EC0AEF45EDF341482070B6AF31A2875297D9EFB"
"04 Безопасность приложений\Web — серверная сторона\assets\Pasted image 20260217163351.png","04 Безопасность приложений\03 Аутентификация и сессии\assets\Pasted image 20260217163351.png","04 Безопасность приложений\03 Аутентификация и сессии\Безопасность JWT.md","referenced-by-one-note","8FF930F84C53266DB40E45E4B98ABCD57CC9030854129480FF818DBEAA2D9F5F"
"04 Безопасность приложений\Web — серверная сторона\assets\Pasted image 20260217163457.png","04 Безопасность приложений\03 Аутентификация и сессии\assets\Pasted image 20260217163457.png","04 Безопасность приложений\03 Аутентификация и сессии\Безопасность JWT.md","referenced-by-one-note","B1052F0F2929322DB9DC20CF673FEABAE008CFEE834FA2860C79B93ECC68E9E6"
"04 Безопасность приложений\Web — серверная сторона\assets\Pasted image 20260222171037.png","04 Безопасность приложений\05 Серверная безопасность\assets\Pasted image 20260222171037.png","04 Безопасность приложений\05 Серверная безопасность\HTTP request smuggling.md","referenced-by-one-note","8C58F3D6AA64626240E01584C5F2239B4D8C081C52241C278A1C595D1204E94E"
"04 Безопасность приложений\Web — серверная сторона\assets\Pasted image 20260222171102.png","04 Безопасность приложений\05 Серверная безопасность\assets\Pasted image 20260222171102.png","04 Безопасность приложений\05 Серверная безопасность\HTTP request smuggling.md","referenced-by-one-note","CB80A4485DF3B56F97D5ED0362F051DCF6E4EDC063063386A784F8DCFFC7E16F"
"04 Безопасность приложений\Web — серверная сторона\assets\Pasted image 20260223001037.png","04 Безопасность приложений\05 Серверная безопасность\assets\Pasted image 20260223001037.png","04 Безопасность приложений\05 Серверная безопасность\HTTP request smuggling.md","referenced-by-one-note","714D749616D139E6FB7A17EEAC4C9A59CBA2AF4476046991A13F128E112B0D84"
"04 Безопасность приложений\Web — серверная сторона\assets\Pasted image 20260223005542.png","04 Безопасность приложений\05 Серверная безопасность\assets\Pasted image 20260223005542.png","04 Безопасность приложений\05 Серверная безопасность\HTTP request smuggling.md","referenced-by-one-note","FE25C52935A896D1EBDBCC487F30B4B57D99C7EB07ADD39BF4A66B5C852CC420"
"04 Безопасность приложений\Web — серверная сторона\assets\Pasted image 20260224225557.png","04 Безопасность приложений\05 Серверная безопасность\assets\Pasted image 20260224225557.png","04 Безопасность приложений\05 Серверная безопасность\HTTP request smuggling.md","referenced-by-one-note","54E8AAAD0AEAC7A61DED3CF9A1AC77175574AC06EBD2BFFD53C98AA4F34018A1"
"04 Безопасность приложений\Web — серверная сторона\assets\Pasted image 20260224232416.png","04 Безопасность приложений\05 Серверная безопасность\assets\Pasted image 20260224232416.png","04 Безопасность приложений\05 Серверная безопасность\HTTP request smuggling.md","referenced-by-one-note","B4BA7C86EA4B23D93A8D0E786E1775D13AE2D704EC6C60CC7B66FB5A439D41FC"
"04 Безопасность приложений\Web — серверная сторона\assets\Pasted image 20260224234717.png","04 Безопасность приложений\05 Серверная безопасность\assets\Pasted image 20260224234717.png","04 Безопасность приложений\05 Серверная безопасность\HTTP request smuggling.md","referenced-by-one-note","AB51964E8A89BE2B5FE26E528FFBF2E5694BB5FCB97F512794F25F2AB8391846"
"04 Безопасность приложений\Web — серверная сторона\assets\Pasted image 20260226192910.png","04 Безопасность приложений\05 Серверная безопасность\assets\Pasted image 20260226192910.png","04 Безопасность приложений\05 Серверная безопасность\HTTP request smuggling.md","referenced-by-one-note","48ADD08C2B96AAC0B3B21B27055FE9AB81A1EFB5B2FF04A8B14B54DD6E18211A"
"04 Безопасность приложений\Web — серверная сторона\assets\Pasted image 20260227234938.png","04 Безопасность приложений\05 Серверная безопасность\assets\Pasted image 20260227234938.png","04 Безопасность приложений\05 Серверная безопасность\HTTP request smuggling.md","referenced-by-one-note","90F585AB487E9EDF50E27AB26B402D2368455601AEDD197C6C0B5F3176C0F887"
"04 Безопасность приложений\Web — серверная сторона\assets\Pasted image 20260228143940.png","04 Безопасность приложений\05 Серверная безопасность\assets\Pasted image 20260228143940.png","04 Безопасность приложений\05 Серверная безопасность\HTTP request smuggling.md","referenced-by-one-note","CF11B1E4DF06E901524705F08F0D5F2B1C816FA7A39F7BC15B4BABFEBCBB6FAB"
"04 Безопасность приложений\Web — серверная сторона\assets\Pasted image 20260228144002.png","04 Безопасность приложений\05 Серверная безопасность\assets\Pasted image 20260228144002.png","04 Безопасность приложений\05 Серверная безопасность\HTTP request smuggling.md","referenced-by-one-note","A9F9CC71B774C29CBC3252F95EB19F60392E10C6EC8B7470C607D80AFC4DDCF3"
"04 Безопасность приложений\Web — серверная сторона\assets\Pasted image 20260303210050.png","04 Безопасность приложений\05 Серверная безопасность\assets\Pasted image 20260303210050.png","04 Безопасность приложений\05 Серверная безопасность\HTTP request smuggling.md","referenced-by-one-note","5991D0529554D0ECA1E85E14A9C96DD122C7FADFC042F2F7EA42982BC3D57600"
"04 Безопасность приложений\Web — серверная сторона\assets\Pasted image 20260303210129.png","04 Безопасность приложений\05 Серверная безопасность\assets\Pasted image 20260303210129.png","04 Безопасность приложений\05 Серверная безопасность\HTTP request smuggling.md","referenced-by-one-note","009D8EC64CD15F7BB4B6C42E21EF2245FA3F63174FA58970487835C9F98232C9"
"04 Безопасность приложений\Web — серверная сторона\assets\Pasted image 20260303210151.png","04 Безопасность приложений\05 Серверная безопасность\assets\Pasted image 20260303210151.png","04 Безопасность приложений\05 Серверная безопасность\HTTP request smuggling.md","referenced-by-one-note","148FC6B334DE327114FBFD179064BE9FC36D292DCBD3BA89E631E789B0B52AB7"
"04 Безопасность приложений\Web — серверная сторона\assets\Pasted image 20260303213938.png","04 Безопасность приложений\05 Серверная безопасность\assets\Pasted image 20260303213938.png","04 Безопасность приложений\05 Серверная безопасность\HTTP request smuggling.md","referenced-by-one-note","CB343C2ED09368770841345CFA00AB5D7FA3EEDBC6614E6E5C09E9C6800EDE2E"
"04 Безопасность приложений\Web — серверная сторона\assets\Pasted image 20260303220455.png","04 Безопасность приложений\05 Серверная безопасность\assets\Pasted image 20260303220455.png","04 Безопасность приложений\05 Серверная безопасность\HTTP request smuggling.md","referenced-by-one-note","4BCC3596C5FD1BD2338AA53309072D818D1F7B12DF611078078A4E1CD34D7B30"
"04 Безопасность приложений\Web — серверная сторона\assets\Pasted image 20260303220507.png","04 Безопасность приложений\05 Серверная безопасность\assets\Pasted image 20260303220507.png","04 Безопасность приложений\05 Серверная безопасность\HTTP request smuggling.md","referenced-by-one-note","98DC0BC30D790A9DCF19F4951D30A25F18C15AB744EB08280DFB71948EF35A62"
"04 Безопасность приложений\Web — серверная сторона\assets\Pasted image 20260303225443.png","04 Безопасность приложений\05 Серверная безопасность\assets\Pasted image 20260303225443.png","04 Безопасность приложений\05 Серверная безопасность\HTTP request smuggling.md","referenced-by-one-note","EA4CB9B73955B2BD13D31028FDEDCEEA07D0DBAA7E4BC8B84DA1E10706B8EE7E"
"05 Сетевая безопасность\Атаки в лабораторной среде\Active Directory\assets\Pasted image 20250917180201.png","06 Безопасность систем\Windows\assets\Pasted image 20250917180201.png","06 Безопасность систем\Windows\Исследование и администрирование Windows.md","referenced-by-one-note","079C36EBBACFFEE69BABB22CDA4F2B3F893F4710A51FCBC5B91FB88F498B395E"
"05 Сетевая безопасность\Атаки в лабораторной среде\assets\Pasted image 20240531151613.png","05 Сетевая безопасность\Active Directory\Инструменты\assets\Pasted image 20240531151613.png","05 Сетевая безопасность\Active Directory\Инструменты\Impacket.md","referenced-by-one-note","C53AE8216449666D5536F04A0FBF92F573046B3AFD784F80FEB4589A40AE02C9"
"05 Сетевая безопасность\Атаки в лабораторной среде\assets\Pasted image 20240531152547.png","05 Сетевая безопасность\Active Directory\Инструменты\assets\Pasted image 20240531152547.png","05 Сетевая безопасность\Active Directory\Инструменты\Impacket.md","referenced-by-one-note","0C3C3AB655875A27FAF5B41416A539F6D6C1A94EF768E21E2BF14B8712CFA2B9"
"05 Сетевая безопасность\Атаки в лабораторной среде\assets\Pasted image 20240630092157.png","03 Оценка защищённости\02 Обнаружение поверхности\assets\Pasted image 20240630092157.png","03 Оценка защищённости\02 Обнаружение поверхности\Nmap.md","referenced-by-one-note","8CB7021DD7D06A4195A19D942DE55942F9BE7E3ED775121E95066D9129AC61DC"
"05 Сетевая безопасность\Атаки в лабораторной среде\assets\Pasted image 20240630092204.png","03 Оценка защищённости\02 Обнаружение поверхности\assets\Pasted image 20240630092204.png","03 Оценка защищённости\02 Обнаружение поверхности\Nmap.md","referenced-by-one-note","EEB0418D3A7C3D8493851530368D88D28833E880816A44744939B34C4E57A0D8"
"05 Сетевая безопасность\Атаки в лабораторной среде\assets\Pasted image 20240705220752.png","03 Оценка защищённости\02 Обнаружение поверхности\assets\Pasted image 20240705220752.png","03 Оценка защищённости\02 Обнаружение поверхности\Nmap.md","referenced-by-one-note","B1FF7C4B1D47E24B86B94F94FECF0BB343D02F5CAF7AB7EEC0655D40091B144C"
"05 Сетевая безопасность\Атаки в лабораторной среде\assets\Pasted image 20240705220801.png","03 Оценка защищённости\02 Обнаружение поверхности\assets\Pasted image 20240705220801.png","03 Оценка защищённости\02 Обнаружение поверхности\Nmap.md","referenced-by-one-note","544E2473D2A725FC4CDFB5499AEA0E0030E67E84E70AEA000E1E547E5B15FB78"
"05 Сетевая безопасность\Атаки в лабораторной среде\Альтернативы Nmap\assets\Pasted image 20240705221414.png","03 Оценка защищённости\02 Обнаружение поверхности\Альтернативы Nmap\assets\Pasted image 20240705221414.png","03 Оценка защищённости\02 Обнаружение поверхности\Альтернативы Nmap\Angry IP Scanner.md","referenced-by-one-note","D35C75E6E14AD77FD1FBF27802BEF5CEBA26927C9F7EEF642CE65A1B63A2E3DF"
"05 Сетевая безопасность\Атаки в лабораторной среде\Альтернативы Nmap\assets\Pasted image 20240705221523.png","03 Оценка защищённости\02 Обнаружение поверхности\Альтернативы Nmap\assets\Pasted image 20240705221523.png","03 Оценка защищённости\02 Обнаружение поверхности\Альтернативы Nmap\Advanced IP Scanner.md","referenced-by-one-note","491AAE90615ECC08C1E45EA10836924D1F81DE73B64412987A8A5B5CD7991846"
"05 Сетевая безопасность\Атаки в лабораторной среде\Альтернативы Nmap\assets\Pasted image 20240705221558.png","03 Оценка защищённости\02 Обнаружение поверхности\Альтернативы Nmap\assets\Pasted image 20240705221558.png","03 Оценка защищённости\02 Обнаружение поверхности\Альтернативы Nmap\Zenmap.md","referenced-by-one-note","3B208C13FCE67D74AB62B7553AAFB105CE37B75BA79BA54256641CB65117FD23"
"05 Сетевая безопасность\Атаки в лабораторной среде\Альтернативы Nmap\assets\Pasted image 20240705221633.png","03 Оценка защищённости\02 Обнаружение поверхности\Альтернативы Nmap\assets\Pasted image 20240705221633.png","03 Оценка защищённости\02 Обнаружение поверхности\Альтернативы Nmap\SoftPerfect Network Scanner.md","referenced-by-one-note","54233D1FF8C13EF76CEE229E766BAA1595D3C5B3D7FAB7BFA0DC482018287105"
"05 Сетевая безопасность\Атаки в лабораторной среде\Альтернативы Nmap\assets\Pasted image 20240705221731.png","03 Оценка защищённости\02 Обнаружение поверхности\Альтернативы Nmap\assets\Pasted image 20240705221731.png","03 Оценка защищённости\02 Обнаружение поверхности\Альтернативы Nmap\RustScan.md","referenced-by-one-note","6DDC7A712D1523205A5A07F201C28F4069CD3F7A4EE75B35CA92AC051FAEA5C6"
"07 Анализ и исследование\Анализ сетевого трафика\tcpdump.pdf","05 Сетевая безопасность\Анализ трафика\assets\tcpdump.pdf","05 Сетевая безопасность\Анализ трафика\tcpdump.md","referenced-by-one-note","B4B4A6237300125A95C94223B47C034136F885361D89A66F4536143E2A9B705B"
"08 Человеческий фактор\Фишинг и OSINT-сценарии\assets\Pasted image 20250428134904.png","08 Человеческий фактор\90 Рискованные исходные сценарии\assets\Pasted image 20250428134904.png","08 Человеческий фактор\90 Рискованные исходные сценарии\Фишинговый деанон VK.md","referenced-by-one-note","26854F1804ADAA20F75DC9D7611A562831779BDB2CE7A78870739B3AF8837601"
"08 Человеческий фактор\Фишинг и OSINT-сценарии\assets\Pasted image 20250428135101.png","08 Человеческий фактор\90 Рискованные исходные сценарии\assets\Pasted image 20250428135101.png","08 Человеческий фактор\90 Рискованные исходные сценарии\Фишинговый деанон VK.md","referenced-by-one-note","C4D5955F3DA93F38B6C8EB72285B8E931F68E0064BFCB99B26B50891026A5913"
"08 Человеческий фактор\Фишинг и OSINT-сценарии\assets\Pasted image 20250428135132.png","08 Человеческий фактор\90 Рискованные исходные сценарии\assets\Pasted image 20250428135132.png","08 Человеческий фактор\90 Рискованные исходные сценарии\Фишинговый деанон VK.md","referenced-by-one-note","14518C0690C0EDEC8673894C2B6B0941DB49E015990472FF98BDC0CB23EC58F9"
"90 Вложения\Общие\CSP директивы.png","04 Безопасность приложений\04 Клиентская безопасность\assets\CSP директивы.png","04 Безопасность приложений\04 Клиентская безопасность\XSS — техники и шпаргалки.md","referenced-by-one-note","7D3BE7EDADF04EEED6414987A15E21376671305D50DA0F98C8D9F7B40B515EC5"
"90 Вложения\Общие\etc-passwd.png","01 Основы\Linux\assets\etc-passwd.png","01 Основы\Linux\Конфигурация Linux.md","referenced-by-one-note","809B5C516F24DC7599A495D5F9D14B7CE2EED31B20E8C4BAE028F4FACF59D563"
"90 Вложения\Общие\HOST_DISCOVERY.png","03 Оценка защищённости\02 Обнаружение поверхности\assets\HOST_DISCOVERY.png","03 Оценка защищённости\02 Обнаружение поверхности\Nmap.md","referenced-by-one-note","D21B1B595AB92F85076F1A48D0DFADDF56AD54F1F1E1B04CB381524A25856D3C"
"90 Вложения\Общие\Nucle консоль.png","03 Оценка защищённости\03 Сканеры уязвимостей\Автоматизация\assets\Nucle консоль.png","03 Оценка защищённости\03 Сканеры уязвимостей\Автоматизация\Nuclei.md","referenced-by-one-note","9380BBABACCFC3CF4EF900FC76CE14A5EE0F1872F6C5709E48384946C0B450FD"
"90 Вложения\Общие\Nuclei шаблон.png","03 Оценка защищённости\03 Сканеры уязвимостей\Автоматизация\assets\Nuclei шаблон.png","03 Оценка защищённости\03 Сканеры уязвимостей\Автоматизация\Nuclei.md","referenced-by-one-note","CF8D9B005E1B36E3888E55B483941B698B01AC6AF66A3F2DAE92235780CF6581"
"90 Вложения\Общие\OpenPuff.png","07 Анализ и исследование\assets\OpenPuff.png","07 Анализ и исследование\Стеганография.md","referenced-by-one-note","96F68628B8CDC755F9B1A29609A6C29C08153E57D4E779DE0B29288E7410CDF6"
"90 Вложения\Общие\OpenStego.png","07 Анализ и исследование\assets\OpenStego.png","07 Анализ и исследование\Стеганография.md","referenced-by-one-note","F99B8CB9BD1E599FD3A7A322B0EC72B44DAABFDC9880315FFD61D9BF2929366D"
"90 Вложения\Общие\Pasted image 20251224184455.png","04 Безопасность приложений\05 Серверная безопасность\Кэширование\assets\Pasted image 20251224184455.png","04 Безопасность приложений\05 Серверная безопасность\Кэширование\Web cache deception.md","referenced-by-one-note","67920615472B2953C1E62E1A4308669844E234180CDE17E44B48B5D14C3356AF"
"90 Вложения\Общие\Pasted image 20251225122200.png","04 Безопасность приложений\02 Web-платформа\assets\Pasted image 20251225122200.png","04 Безопасность приложений\02 Web-платформа\Безопасность WebSocket.md","referenced-by-one-note","C97A8667D46928196C3D3BBB59B1AD9C51931C86F9742AD3E6592380066E2147"
"90 Вложения\Общие\Pasted image 20260223011718.png","04 Безопасность приложений\05 Серверная безопасность\assets\Pasted image 20260223011718.png","04 Безопасность приложений\05 Серверная безопасность\HTTP request smuggling.md","referenced-by-one-note","7F3E2923F973BA67F4736F8ABE0504A556E0DFFD5C821D08B094A546F2D65503"
"90 Вложения\Общие\SameSite strict.png","04 Безопасность приложений\03 Аутентификация и сессии\assets\SameSite strict.png","04 Безопасность приложений\03 Аутентификация и сессии\CSRF.md","referenced-by-one-note","A79C2446F4086585D1490933C71004CC55E76C7E23384D14AD798A22F95EE30D"
"90 Вложения\Общие\SameSite ограничения.png","04 Безопасность приложений\03 Аутентификация и сессии\assets\SameSite ограничения.png","04 Безопасность приложений\03 Аутентификация и сессии\CSRF.md","referenced-by-one-note","A0DB715DCF291869C51A93C289E516750C854274B8D175A1A7871FA514366EDE"
"90 Вложения\Общие\SCAN_TECHNIQUES.png","03 Оценка защищённости\02 Обнаружение поверхности\assets\SCAN_TECHNIQUES.png","03 Оценка защищённости\02 Обнаружение поверхности\Nmap.md","referenced-by-one-note","E089572C5DA6479569A57E2348672DA17A5771A5A4F79DAB0C525ADDA6730475"
"90 Вложения\Общие\План сканирвоания.png","03 Оценка защищённости\02 Обнаружение поверхности\assets\План сканирвоания.png","03 Оценка защищённости\02 Обнаружение поверхности\Основы сетевого сканирования.md","referenced-by-one-note","F3B08E6CC2B8C49612DE949EE77F67EFEE931B05D3CB84519B3904AB66FF5669"
"90 Вложения\Общие\Список скриптов nmap.png","03 Оценка защищённости\02 Обнаружение поверхности\assets\Список скриптов nmap.png","03 Оценка защищённости\02 Обнаружение поверхности\Nmap.md","referenced-by-one-note","B508B0BE3BC518277D8E35B36B0BBA2AF77E4A2A4FE145760971A7A03A6D3741"
"90 Вложения\Общие\Типы сканирований и протоколы.png","03 Оценка защищённости\02 Обнаружение поверхности\assets\Типы сканирований и протоколы.png","03 Оценка защищённости\02 Обнаружение поверхности\Основы сетевого сканирования.md","referenced-by-one-note","3F7AD8F23DBE925F8AFB43FE5095030EAB63223617BCBEC87883470D57E00C3D"
