"SourcePath","DestinationPath","CurrentPaths","Bytes","SHA256"
"Другие источники для хакинга.md","10 Справочники\Внешние источники.md","10 Справочники\Внешние источники.md","988","20C240BFDE7D7A731D669F7A77F35DA411F42D0DBF879D5FEB0AA2740D33826E"
"Инструментарий.md","10 Справочники\Каталог инструментов.md","10 Справочники\Каталог инструментов.md","29248","D2A8DEB67AFE4D327A8A0984F1023AEF0E7E02102E035F67F2A208FEBEC1E29C"
"assets\CSP директивы.png","90 Вложения\Общие\CSP директивы.png","04 Безопасность приложений\04 Клиентская безопасность\assets\CSP директивы.png","667122","7D3BE7EDADF04EEED6414987A15E21376671305D50DA0F98C8D9F7B40B515EC5"
"assets\etc-passwd.png","90 Вложения\Общие\etc-passwd.png","01 Основы\Linux\assets\etc-passwd.png","53911","809B5C516F24DC7599A495D5F9D14B7CE2EED31B20E8C4BAE028F4FACF59D563"
"assets\HOST_DISCOVERY.png","90 Вложения\Общие\HOST_DISCOVERY.png","03 Оценка защищённости\02 Обнаружение поверхности\assets\HOST_DISCOVERY.png","1027647","D21B1B595AB92F85076F1A48D0DFADDF56AD54F1F1E1B04CB381524A25856D3C"
"assets\Nucle консоль.png","90 Вложения\Общие\Nucle консоль.png","03 Оценка защищённости\03 Сканеры уязвимостей\Автоматизация\assets\Nucle консоль.png","690641","9380BBABACCFC3CF4EF900FC76CE14A5EE0F1872F6C5709E48384946C0B450FD"
"assets\Nuclei шаблон.png","90 Вложения\Общие\Nuclei шаблон.png","03 Оценка защищённости\03 Сканеры уязвимостей\Автоматизация\assets\Nuclei шаблон.png","525282","CF8D9B005E1B36E3888E55B483941B698B01AC6AF66A3F2DAE92235780CF6581"
"assets\OpenPuff.png","90 Вложения\Общие\OpenPuff.png","07 Анализ и исследование\assets\OpenPuff.png","286767","96F68628B8CDC755F9B1A29609A6C29C08153E57D4E779DE0B29288E7410CDF6"
"assets\OpenStego.png","90 Вложения\Общие\OpenStego.png","07 Анализ и исследование\assets\OpenStego.png","178438","F99B8CB9BD1E599FD3A7A322B0EC72B44DAABFDC9880315FFD61D9BF2929366D"
"assets\Pasted image 20251224184455.png","90 Вложения\Общие\Pasted image 20251224184455.png","04 Безопасность приложений\05 Серверная безопасность\Кэширование\assets\Pasted image 20251224184455.png","48965","67920615472B2953C1E62E1A4308669844E234180CDE17E44B48B5D14C3356AF"
"assets\Pasted image 20251225122200.png","90 Вложения\Общие\Pasted image 20251225122200.png","04 Безопасность приложений\02 Web-платформа\assets\Pasted image 20251225122200.png","55102","C97A8667D46928196C3D3BBB59B1AD9C51931C86F9742AD3E6592380066E2147"
"assets\Pasted image 20260223011718.png","90 Вложения\Общие\Pasted image 20260223011718.png","04 Безопасность приложений\05 Серверная безопасность\assets\Pasted image 20260223011718.png","90411","7F3E2923F973BA67F4736F8ABE0504A556E0DFFD5C821D08B094A546F2D65503"
"assets\SameSite strict.png","90 Вложения\Общие\SameSite strict.png","04 Безопасность приложений\03 Аутентификация и сессии\assets\SameSite strict.png","441677","A79C2446F4086585D1490933C71004CC55E76C7E23384D14AD798A22F95EE30D"
"assets\SameSite ограничения.png","90 Вложения\Общие\SameSite ограничения.png","04 Безопасность приложений\03 Аутентификация и сессии\assets\SameSite ограничения.png","857202","A0DB715DCF291869C51A93C289E516750C854274B8D175A1A7871FA514366EDE"
"assets\SCAN_TECHNIQUES.png","90 Вложения\Общие\SCAN_TECHNIQUES.png","03 Оценка защищённости\02 Обнаружение поверхности\assets\SCAN_TECHNIQUES.png","629681","E089572C5DA6479569A57E2348672DA17A5771A5A4F79DAB0C525ADDA6730475"
"assets\План сканирвоания.png","90 Вложения\Общие\План сканирвоания.png","03 Оценка защищённости\02 Обнаружение поверхности\assets\План сканирвоания.png","47441","F3B08E6CC2B8C49612DE949EE77F67EFEE931B05D3CB84519B3904AB66FF5669"
"assets\Список скриптов nmap.png","90 Вложения\Общие\Список скриптов nmap.png","03 Оценка защищённости\02 Обнаружение поверхности\assets\Список скриптов nmap.png","2009736","B508B0BE3BC518277D8E35B36B0BBA2AF77E4A2A4FE145760971A7A03A6D3741"
"assets\Типы сканирований и протоколы.png","90 Вложения\Общие\Типы сканирований и протоколы.png","03 Оценка защищённости\02 Обнаружение поверхности\assets\Типы сканирований и протоколы.png","198933","3F7AD8F23DBE925F8AFB43FE5095030EAB63223617BCBEC87883470D57E00C3D"
"CS - client side\Clickjacking (UI redressing).md","04 Безопасность приложений\Web — клиентская сторона\Clickjacking (UI redressing).md","04 Безопасность приложений\04 Клиентская безопасность\Clickjacking.md","3890","AE693E96C94556CF9E9BE6C53338785649D12297855FC33F9D91C6DDE2D83B6D"
"CS - client side\Cross-origin resource sharing (CORS).md","04 Безопасность приложений\Web — клиентская сторона\Cross-origin resource sharing (CORS).md","04 Безопасность приложений\02 Web-платформа\Same-origin policy и CORS.md","30155","5212CDBD7FE4D684A61A29B64333A53321F5C998CB73504832125F2DCDD99931"
"CS - client side\CSRF.md","04 Безопасность приложений\Web — клиентская сторона\CSRF.md","04 Безопасность приложений\03 Аутентификация и сессии\CSRF.md","85632","8BDC5D8E116BA312E6C9D0DB87D1BAE37B4CDF3DFA1D8EF212ECF21B213B5D75"
"CS - client side\DOM_XSS.md","04 Безопасность приложений\Web — клиентская сторона\DOM_XSS.md","04 Безопасность приложений\04 Клиентская безопасность\DOM-based XSS.md","2359","6FED9ED32CB64F5B06A9724DE854A9B42E22A859CDD0710488F1E104B662B107"
"CS - client side\Web-cach deception.md","04 Безопасность приложений\Web — клиентская сторона\Web-cach deception.md","04 Безопасность приложений\05 Серверная безопасность\Кэширование\Web cache deception.md","52110","77D252ECB53A82BF38B1746A8649866578EFE60B7435C345349A93BD6BCB7D13"
"CS - client side\WebSockets vulnerabilities.md","04 Безопасность приложений\Web — клиентская сторона\WebSockets vulnerabilities.md","04 Безопасность приложений\02 Web-платформа\Безопасность WebSocket.md","22118","FAD02C73A33FF04FD3614B090B2B61AB272751C671B7C46B6E7F6FA3C850A830"
"CS - client side\XSS.md","04 Безопасность приложений\Web — клиентская сторона\XSS.md","04 Безопасность приложений\04 Клиентская безопасность\XSS — техники и шпаргалки.md","12264","7344821B0E306223EA9B812438951954FE78C81EAFAACA9CA76D5484CDC6C3F4"
"CS - client side\assets\Pasted image 20250113212910.png","04 Безопасность приложений\Web — клиентская сторона\assets\Pasted image 20250113212910.png","04 Безопасность приложений\03 Аутентификация и сессии\assets\Pasted image 20250113212910.png","475531","7591B9B2F2713373C3913966F0EC5A5295FA2C5C7F94B86812824A7F9925FACF"
"CS - client side\assets\Pasted image 20250114182435.png","04 Безопасность приложений\Web — клиентская сторона\assets\Pasted image 20250114182435.png","04 Безопасность приложений\03 Аутентификация и сессии\assets\Pasted image 20250114182435.png","414913","B35FE3A1961659F1A3446D1AF92B45A6B87BFF4FD6A995F4ECA6884AC9C72D70"
"CS - client side\assets\Pasted image 20260121121558.png","04 Безопасность приложений\Web — клиентская сторона\assets\Pasted image 20260121121558.png","04 Безопасность приложений\02 Web-платформа\assets\Pasted image 20260121121558.png","453191","387071782E43B7CA6DF24D9E3C59360EBCA52450B6C4A423C0B4F02CE53229F8"
"CS - client side\assets\Pasted image 20260123162000.png","04 Безопасность приложений\Web — клиентская сторона\assets\Pasted image 20260123162000.png","04 Безопасность приложений\03 Аутентификация и сессии\assets\Pasted image 20260123162000.png","60402","02DF1D0EDB03A0975696D2CC9B8E68AEEC5CE0A83688948186708763A6820451"
"CS - client side\assets\Pasted image 20260123173112.png","04 Безопасность приложений\Web — клиентская сторона\assets\Pasted image 20260123173112.png","04 Безопасность приложений\03 Аутентификация и сессии\assets\Pasted image 20260123173112.png","19282","A1F93D5B010A2F3E7D9AE1CF58DDC3812E9C6E8C193C2FD6AAA493696537079F"
"DevOps\Docker.md","01 Основы\Контейнеры и инфраструктура\DevOps и администрирование\Docker.md","01 Основы\Контейнеры и инфраструктура\Docker — краткая шпаргалка.md","446","5B74B1A4AC57E2A2EF461C2F79D64C5F18EECFD9CD6BF299CFFD7A2A15F7A1C6"
"DevOps\iptables & fail2ban.md","01 Основы\Контейнеры и инфраструктура\DevOps и администрирование\iptables & fail2ban.md","06 Безопасность систем\Защитная настройка\iptables.md | 06 Безопасность систем\Защитная настройка\Fail2ban.md","28415","4AF67FE8938FC8DB2BE054CB602B4D4B4581204E843D9DDA23D7277181C2A2A4"
"DevOps\Linux utilits.md","01 Основы\Контейнеры и инфраструктура\DevOps и администрирование\Linux utilits.md","10 Справочники\Команды\Утилиты Linux.md","7259","1E9323194A3F3F76D4CF1B2E7976EB46BACE2C8009185B0B6D735E80E00FA09E"
"DevOps\update shell && create server && create connect.md","01 Основы\Контейнеры и инфраструктура\DevOps и администрирование\update shell && create server && create connect.md","05 Сетевая безопасность\Атаки в лабораторной среде\Обратные оболочки.md | 10 Справочники\Команды\Временный HTTP-сервер.md | 05 Сетевая безопасность\Атаки в лабораторной среде\Улучшение интерактивной оболочки.md | 05 Сетевая безопасность\Атаки в лабораторной среде\Веб-шеллы.md","4705","8CCF7E254FAD64CAC1A200DCBAE68828D0A273ED7AAFC43D6881E85DADCEB010"
"DevOps\Web-сервисы.md","01 Основы\Контейнеры и инфраструктура\DevOps и администрирование\Web-сервисы.md","01 Основы\Web и HTTP\Веб-серверы Apache и Nginx.md","14910","3F1D68AB1C7439858DD738C3B24A4AE79BF53F5253CBF555F6CEA08A82989CE1"
"DevOps\Администрирование Linux.md","01 Основы\Контейнеры и инфраструктура\DevOps и администрирование\Администрирование Linux.md","01 Основы\Linux\Пользователи, группы и права.md | 01 Основы\Linux\Конфигурация Linux.md | 01 Основы\Linux\Мониторинг Linux.md | 01 Основы\Linux\Журналирование Linux.md | 01 Основы\Linux\Планировщик cron.md | 01 Основы\Linux\Файловые системы Linux.md","66631","3EFA2C83A2EFC95CEBE51AA0EF2667C684132FE7833A64941D4C892A3EECAE17"
"DevOps\Передача файлов.md","01 Основы\Контейнеры и инфраструктура\DevOps и администрирование\Передача файлов.md","01 Основы\Linux\Передача файлов\SSH-сервер.md | 01 Основы\Linux\Передача файлов\SFTP.md | 01 Основы\Windows\Передача файлов\WinSCP.md | 01 Основы\Сети\Передача файлов\Samba.md | 01 Основы\Windows\Передача файлов\FileZilla.md","38993","B39AF3EB33E65A06006F502DFFC28665C7761A96807109720DF90D48833B3484"
"DevOps\Работа с сервисами.md","01 Основы\Контейнеры и инфраструктура\DevOps и администрирование\Работа с сервисами.md","01 Основы\Linux\Управление сервисами systemd.md","10621","05E2D9297728FD3A89D3D9EB08568C30B60F06980C2F41574643E2A5EAC2CCFD"
"DevOps\assets\Docker_Command_Cheat_Sheet.pdf","01 Основы\Контейнеры и инфраструктура\DevOps и администрирование\assets\Docker_Command_Cheat_Sheet.pdf","01 Основы\Контейнеры и инфраструктура\assets\Docker_Command_Cheat_Sheet.pdf","279294","69BC86AA77E80B679616626CD08BACFA999C122C8F0DA1349040A8CD730F0C97"
"DevOps\assets\Pasted image 20240602175745.png","01 Основы\Контейнеры и инфраструктура\DevOps и администрирование\assets\Pasted image 20240602175745.png","01 Основы\Контейнеры и инфраструктура\assets\Pasted image 20240602175745.png","767591","32D8601D06C3B2D2E6B1ECC6C4BE87F4A166F45D3F52276ABAD6456B9C6E0F33"
"DevOps\assets\Pasted image 20240714131049.png","01 Основы\Контейнеры и инфраструктура\DevOps и администрирование\assets\Pasted image 20240714131049.png","01 Основы\Linux\assets\Pasted image 20240714131049.png","125221","418037411AA1CD3CEFD237B9BDBC682D7B073BA9042787B4EFC7F7CF6C3E76B1"
"DevOps\assets\Pasted image 20240714132121.png","01 Основы\Контейнеры и инфраструктура\DevOps и администрирование\assets\Pasted image 20240714132121.png","01 Основы\Linux\assets\Pasted image 20240714132121.png","229996","907C0AE4F2047CCA2E2C7FA69F3CB46D5392FA6EB608B398D1FFFF640CE30F8F"
"DevOps\assets\Pasted image 20240714134115.png","01 Основы\Контейнеры и инфраструктура\DevOps и администрирование\assets\Pasted image 20240714134115.png","01 Основы\Linux\assets\Pasted image 20240714134115.png","145960","2653D8DBDE27BBD8B02DC3709C13A125321AA888BBA52D8EC93828AE4C3968BA"
"DevOps\assets\Pasted image 20240714134318.png","01 Основы\Контейнеры и инфраструктура\DevOps и администрирование\assets\Pasted image 20240714134318.png","01 Основы\Linux\assets\Pasted image 20240714134318.png","375730","48DED4C4B9F830D4BE9CD9C835CEB2643D2BAE42ACE26C36C9AE4533FB590FAF"
"DevOps\assets\Pasted image 20240714135738.png","01 Основы\Контейнеры и инфраструктура\DevOps и администрирование\assets\Pasted image 20240714135738.png","01 Основы\Linux\assets\Pasted image 20240714135738.png","575784","11AAE470F31EC17799DA360A2E8B815463557A4A1164B8CDDCFC4EE85266FED2"
"DevOps\assets\Pasted image 20240714135806.png","01 Основы\Контейнеры и инфраструктура\DevOps и администрирование\assets\Pasted image 20240714135806.png","01 Основы\Linux\assets\Pasted image 20240714135806.png","213862","A76CC22453406C735014729227E3DEBF9E3BC70B8E4AB5D06CB4DD59F2B2FE7D"
"DevOps\assets\Pasted image 20240714141746.png","01 Основы\Контейнеры и инфраструктура\DevOps и администрирование\assets\Pasted image 20240714141746.png","01 Основы\Linux\assets\Pasted image 20240714141746.png","435682","9B537361447C481FAEBD7299388FC1555E668EF08CC673FAA5E175E0FA655566"
"DevOps\assets\Pasted image 20240714154406.png","01 Основы\Контейнеры и инфраструктура\DevOps и администрирование\assets\Pasted image 20240714154406.png","01 Основы\Linux\assets\Pasted image 20240714154406.png","810694","367E10DA1F4A1FDD5BB12A61E60BDC7A2DC11469FEF7F79FF9A2CD7E5DF043BD"
"DevOps\assets\Pasted image 20240714155031.png","01 Основы\Контейнеры и инфраструктура\DevOps и администрирование\assets\Pasted image 20240714155031.png","01 Основы\Linux\assets\Pasted image 20240714155031.png","890896","E41804D1B5D1955B85EE9D34091BA0E5F52BBE760A2F4B362056FDB6409E15AE"
"DevOps\assets\Pasted image 20240714155107.png","01 Основы\Контейнеры и инфраструктура\DevOps и администрирование\assets\Pasted image 20240714155107.png","01 Основы\Linux\assets\Pasted image 20240714155107.png","720832","9C8F347718A7E04C7354F6CBFACFC2946F60FC475A54505E89D917458127ECEB"
"DevOps\assets\Pasted image 20240714155202.png","01 Основы\Контейнеры и инфраструктура\DevOps и администрирование\assets\Pasted image 20240714155202.png","01 Основы\Linux\assets\Pasted image 20240714155202.png","1004792","84363D7B06F53753E7A7BE1FC77F2E1B96E675A05A173F734E2222D9F0F10D68"
"DevOps\assets\Pasted image 20240714221210.png","01 Основы\Контейнеры и инфраструктура\DevOps и администрирование\assets\Pasted image 20240714221210.png","01 Основы\Linux\assets\Pasted image 20240714221210.png","191069","48ABE4E6CFAC1480DD14C512E7517A17B4532D3FD7E4E35F0692B0F9908EB89D"
"DevOps\assets\Pasted image 20240714221221.png","01 Основы\Контейнеры и инфраструктура\DevOps и администрирование\assets\Pasted image 20240714221221.png","01 Основы\Linux\assets\Pasted image 20240714221221.png","218393","B286F02F742690319E8B2BBBF4D4BFF73648EDC852AA00A33AB45C8551A29E1A"
"DevOps\assets\Pasted image 20240714221248.png","01 Основы\Контейнеры и инфраструктура\DevOps и администрирование\assets\Pasted image 20240714221248.png","01 Основы\Linux\assets\Pasted image 20240714221248.png","183288","5FD39CBE6848829B5A909C43C369AEA72830629685E971C87EC88F0622464F62"
"DevOps\assets\Pasted image 20240714221320.png","01 Основы\Контейнеры и инфраструктура\DevOps и администрирование\assets\Pasted image 20240714221320.png","01 Основы\Linux\assets\Pasted image 20240714221320.png","206053","C27CCAA02C81963003EF2CC8A564B273F3498F1AA9F64BA79199FED731690F56"
"DevOps\assets\Pasted image 20240714221539.png","01 Основы\Контейнеры и инфраструктура\DevOps и администрирование\assets\Pasted image 20240714221539.png","01 Основы\Linux\assets\Pasted image 20240714221539.png","207577","427E2CEEE22BDF46A13FAFBD845ABAE0DA93D88D3015398B5A5D2DBA352CCF76"
"DevOps\assets\Pasted image 20240714221636.png","01 Основы\Контейнеры и инфраструктура\DevOps и администрирование\assets\Pasted image 20240714221636.png","01 Основы\Linux\assets\Pasted image 20240714221636.png","507736","67A211AFD2482FF2983934878AC33F296F8DB13AA547D2DB7A2F0A846E33B4C1"
"DevOps\assets\Pasted image 20240714221658.png","01 Основы\Контейнеры и инфраструктура\DevOps и администрирование\assets\Pasted image 20240714221658.png","01 Основы\Linux\assets\Pasted image 20240714221658.png","263160","F0015B61B1D5B0D3DE98F4761C2A5CFA7CBE22A614DFEE873C215C48772AD0D4"
"DevOps\assets\Pasted image 20240714221716.png","01 Основы\Контейнеры и инфраструктура\DevOps и администрирование\assets\Pasted image 20240714221716.png","01 Основы\Linux\assets\Pasted image 20240714221716.png","2046109","3F2BF5A8C93BBD8E43C809096D8AF6B17918AB3FFA93BBEEE981652DDF28DDC5"
"DevOps\assets\Pasted image 20240714222103.png","01 Основы\Контейнеры и инфраструктура\DevOps и администрирование\assets\Pasted image 20240714222103.png","01 Основы\Linux\assets\Pasted image 20240714222103.png","177445","6720D1839EA41F55BA93F86A9C3AA2F84C1F0C6A97930CDD57F61ABE4CAC861A"
"DevOps\assets\Pasted image 20240714222135.png","01 Основы\Контейнеры и инфраструктура\DevOps и администрирование\assets\Pasted image 20240714222135.png","01 Основы\Linux\assets\Pasted image 20240714222135.png","192374","73443DD4F952CCE3886ADDB315E7F3847BBD395C24A7461321F1DD14BA6EA3C3"
"DevOps\assets\Pasted image 20240714222203.png","01 Основы\Контейнеры и инфраструктура\DevOps и администрирование\assets\Pasted image 20240714222203.png","01 Основы\Linux\assets\Pasted image 20240714222203.png","910110","30019C088A3CA0D2D37EEF1EB49B5233E99F5A663CFF0164C2C2CDC384A37127"
"DevOps\assets\Pasted image 20240715121408.png","01 Основы\Контейнеры и инфраструктура\DevOps и администрирование\assets\Pasted image 20240715121408.png","01 Основы\Linux\Передача файлов\assets\Pasted image 20240715121408.png","1461194","3CDFFF6CC36EAB116CFEE163BF5FA8DB8C046C34B96D68254951287DC459E30C"
"DevOps\assets\Pasted image 20240715125533.png","01 Основы\Контейнеры и инфраструктура\DevOps и администрирование\assets\Pasted image 20240715125533.png","01 Основы\Linux\Передача файлов\assets\Pasted image 20240715125533.png","179177","C1B83AD84EC54127464690F85887CFEF0DB55F62DDE02BC077F9E5A61C962233"
"DevOps\assets\Pasted image 20240715130400.png","01 Основы\Контейнеры и инфраструктура\DevOps и администрирование\assets\Pasted image 20240715130400.png","01 Основы\Linux\Передача файлов\assets\Pasted image 20240715130400.png","348642","542CCEF71F17E33EAA5C3F6A6075B97416D15A2C9C2C41F4F49491650FF917EC"
"DevOps\assets\Pasted image 20240715130452.png","01 Основы\Контейнеры и инфраструктура\DevOps и администрирование\assets\Pasted image 20240715130452.png","01 Основы\Linux\Передача файлов\assets\Pasted image 20240715130452.png","119060","8EF4DEF4507469F25874AE2C19618F20316AA39C72424CBB6EF6D2C9C0BDE576"
"DevOps\assets\Pasted image 20240715130558.png","01 Основы\Контейнеры и инфраструктура\DevOps и администрирование\assets\Pasted image 20240715130558.png","01 Основы\Linux\Передача файлов\assets\Pasted image 20240715130558.png","188784","99CE94A20DB55800E65C8B4FFC8BE4DADBF34BFE044532D4E2849248E39EFC0C"
"DevOps\assets\Pasted image 20240715131515.png","01 Основы\Контейнеры и инфраструктура\DevOps и администрирование\assets\Pasted image 20240715131515.png","01 Основы\Linux\assets\Pasted image 20240715131515.png","854170","BD088C4FE4A4E7CCFD8B3EE5D72EB7C9DF73ACCB4D37ACBC061E002E05FD3E6A"
"DevOps\assets\Pasted image 20240715131627.png","01 Основы\Контейнеры и инфраструктура\DevOps и администрирование\assets\Pasted image 20240715131627.png","01 Основы\Linux\assets\Pasted image 20240715131627.png","113078","4C776637C6B2025CD2AA0A1D8CD95E84969EADBB4CCFA67CFACA6063F6FBBC22"
"DevOps\assets\Pasted image 20240715131837.png","01 Основы\Контейнеры и инфраструктура\DevOps и администрирование\assets\Pasted image 20240715131837.png","01 Основы\Linux\assets\Pasted image 20240715131837.png","217917","29C1F1E173382471D306F4D090BA231B31D051DBA919CAF70EA584A61EA804EA"
"DevOps\assets\Pasted image 20240715131942.png","01 Основы\Контейнеры и инфраструктура\DevOps и администрирование\assets\Pasted image 20240715131942.png","01 Основы\Linux\assets\Pasted image 20240715131942.png","229962","879DC3B5690DC8CF8135F65FE7ECBE3DF2AE3A1BBE08413679B5A6781F98A184"
"DevOps\assets\Pasted image 20240715133936.png","01 Основы\Контейнеры и инфраструктура\DevOps и администрирование\assets\Pasted image 20240715133936.png","01 Основы\Linux\assets\Pasted image 20240715133936.png","332777","00A674BA6EC36B74CFC30DBD983C6E2D2485CD75F2BA743D6414F2F86F40C505"
"DevOps\assets\Pasted image 20240715134454.png","01 Основы\Контейнеры и инфраструктура\DevOps и администрирование\assets\Pasted image 20240715134454.png","01 Основы\Linux\assets\Pasted image 20240715134454.png","614056","DAA3E046C6CB3725A534A20C33CC9EE1DCB59BF964BC724C2911F8CF79F2F5C8"
"DevOps\assets\Pasted image 20240715134824.png","01 Основы\Контейнеры и инфраструктура\DevOps и администрирование\assets\Pasted image 20240715134824.png","01 Основы\Linux\assets\Pasted image 20240715134824.png","1728120","418D991FAEB689A29EA1FB225BC084D3EFCA4F5DD6E6EF2B4A99394CFA62AF64"
"DevOps\assets\Pasted image 20240715134959.png","01 Основы\Контейнеры и инфраструктура\DevOps и администрирование\assets\Pasted image 20240715134959.png","01 Основы\Linux\assets\Pasted image 20240715134959.png","1497550","8BBCF3D3E79A1754AB55033EDAC63BC1EA77E5BA4EFF7E1E66AF0891E415A7D0"
"DevOps\assets\Pasted image 20240715164053.png","01 Основы\Контейнеры и инфраструктура\DevOps и администрирование\assets\Pasted image 20240715164053.png","01 Основы\Linux\assets\Pasted image 20240715164053.png","1603631","F85BA1A07010C9C6A9946178B487A54821CC93A351716375DA4DA7F68F19DB12"
"DevOps\assets\Pasted image 20240715164313.png","01 Основы\Контейнеры и инфраструктура\DevOps и администрирование\assets\Pasted image 20240715164313.png","01 Основы\Linux\assets\Pasted image 20240715164313.png","745911","CC9892A4C6D1DB01770740F4A882EDC2538A311521472CAA7A61AF9CA3BBB086"
"DevOps\assets\Pasted image 20240716075728.png","01 Основы\Контейнеры и инфраструктура\DevOps и администрирование\assets\Pasted image 20240716075728.png","01 Основы\Linux\assets\Pasted image 20240716075728.png","210427","3770A05EF1733DC56D435AB35471C3F2B5686807158E9D6B1B10D6637791FB6A"
"DevOps\assets\Pasted image 20240716081618.png","01 Основы\Контейнеры и инфраструктура\DevOps и администрирование\assets\Pasted image 20240716081618.png","01 Основы\Windows\Передача файлов\assets\Pasted image 20240716081618.png","198062","C4B7D7354A5E866BAA92496363B01AC3425B0E195C7BD4A65463D4C466CDFF55"
"DevOps\assets\Pasted image 20240716081733.png","01 Основы\Контейнеры и инфраструктура\DevOps и администрирование\assets\Pasted image 20240716081733.png","01 Основы\Windows\Передача файлов\assets\Pasted image 20240716081733.png","297096","D1D1045D6858A2A99DAD7ED36D701FB79195941BBF3A3A6F672A5E5D2A664349"
"DevOps\assets\Pasted image 20240716081748.png","01 Основы\Контейнеры и инфраструктура\DevOps и администрирование\assets\Pasted image 20240716081748.png","01 Основы\Windows\Передача файлов\assets\Pasted image 20240716081748.png","278218","0AE499AD4B98D9165A9B5BE0E569F3C8C7E00734BCC9261D0BDB8C13C8D43B2B"
"DevOps\assets\Pasted image 20240716081807.png","01 Основы\Контейнеры и инфраструктура\DevOps и администрирование\assets\Pasted image 20240716081807.png","01 Основы\Windows\Передача файлов\assets\Pasted image 20240716081807.png","374549","5193001F88DFD90280BDF6A5D78E6F176088B9A7D279A56AE96FE9106ED1B2DD"
"DevOps\assets\Pasted image 20240716081825.png","01 Основы\Контейнеры и инфраструктура\DevOps и администрирование\assets\Pasted image 20240716081825.png","01 Основы\Windows\Передача файлов\assets\Pasted image 20240716081825.png","24850","C16827E898ACB4ACAFAD3BA6DE769B049A8FEF813B66ADBE50441B12702DC484"
"DevOps\assets\Pasted image 20240716082210.png","01 Основы\Контейнеры и инфраструктура\DevOps и администрирование\assets\Pasted image 20240716082210.png","01 Основы\Сети\Передача файлов\assets\Pasted image 20240716082210.png","627553","8DAC29B327508641B08AC3FC7EF137688FB0F778B6387AE716B36F3E96A64E0F"
"DevOps\assets\Pasted image 20240716082454.png","01 Основы\Контейнеры и инфраструктура\DevOps и администрирование\assets\Pasted image 20240716082454.png","01 Основы\Сети\Передача файлов\assets\Pasted image 20240716082454.png","271730","66C07AC57A64AB1F827F2C63070895D978DCCB68F8C109CFCEAF906A9CD38CD4"
"DevOps\assets\Pasted image 20240716083100.png","01 Основы\Контейнеры и инфраструктура\DevOps и администрирование\assets\Pasted image 20240716083100.png","01 Основы\Windows\Передача файлов\assets\Pasted image 20240716083100.png","324699","B918B16A1747D5BC6B2AD78D2E4ED82FE253B42F5F378C72B9255B5C2D10A026"
"DevOps\assets\Pasted image 20240716083207.png","01 Основы\Контейнеры и инфраструктура\DevOps и администрирование\assets\Pasted image 20240716083207.png","01 Основы\Windows\Передача файлов\assets\Pasted image 20240716083207.png","489872","C25E3848A3C9F9C253B0EDA23841151A635A7EC66B94D864C8C9F58ECE8CE2A4"
"DevOps\assets\Pasted image 20240716083408.png","01 Основы\Контейнеры и инфраструктура\DevOps и администрирование\assets\Pasted image 20240716083408.png","01 Основы\Web и HTTP\assets\Pasted image 20240716083408.png","313820","62663B6D1650BC88587A2720D3698A3DCBA7D0916D64232104753C1A0E3B5830"
"DevOps\assets\Pasted image 20240716083428.png","01 Основы\Контейнеры и инфраструктура\DevOps и администрирование\assets\Pasted image 20240716083428.png","01 Основы\Web и HTTP\assets\Pasted image 20240716083428.png","358264","ABF888FE0282677E9A935BA027BF2F73F7C77558AE1602C5AA9D2A06B448C055"
"DevOps\assets\Pasted image 20240716083521.png","01 Основы\Контейнеры и инфраструктура\DevOps и администрирование\assets\Pasted image 20240716083521.png","01 Основы\Web и HTTP\assets\Pasted image 20240716083521.png","202585","49CB6CC0A4D34640321F347D3FE8CEDA4E8516C2725DB1E4D5B856D41A68D288"
"DevOps\assets\Pasted image 20240716083608.png","01 Основы\Контейнеры и инфраструктура\DevOps и администрирование\assets\Pasted image 20240716083608.png","01 Основы\Web и HTTP\assets\Pasted image 20240716083608.png","146871","CC39347B12F249C65E5435D9BD6C0B3FC8EF8CF40C8372C30A2B2D19780332B6"
"DevOps\assets\Pasted image 20240716083640.png","01 Основы\Контейнеры и инфраструктура\DevOps и администрирование\assets\Pasted image 20240716083640.png","01 Основы\Web и HTTP\assets\Pasted image 20240716083640.png","52509","9FFD945EDBBDB1C5F5BD1CECE5FA290C340A3B81D3D01CEB2CC959AC0296FCB3"
"DevOps\assets\Pasted image 20240716083652.png","01 Основы\Контейнеры и инфраструктура\DevOps и администрирование\assets\Pasted image 20240716083652.png","01 Основы\Web и HTTP\assets\Pasted image 20240716083652.png","69971","6CDE9546C546408FDEAC2E13E805D679452372125DF883A492A192D11C3184C9"
"DevOps\assets\Pasted image 20240716083930.png","01 Основы\Контейнеры и инфраструктура\DevOps и администрирование\assets\Pasted image 20240716083930.png","01 Основы\Web и HTTP\assets\Pasted image 20240716083930.png","595214","EDE7A197E9CDB7B4F4B4F44AF07E1A2DA9A5CD6DD8816B2328BAD591904C2BD6"
"DevOps\assets\Pasted image 20240716083952.png","01 Основы\Контейнеры и инфраструктура\DevOps и администрирование\assets\Pasted image 20240716083952.png","01 Основы\Web и HTTP\assets\Pasted image 20240716083952.png","85342","9532F8062F1C77F668A6279604E2B8B4413CFE98F68962D9C6C57E8E034D234F"
"DevOps\assets\Pasted image 20240716084039.png","01 Основы\Контейнеры и инфраструктура\DevOps и администрирование\assets\Pasted image 20240716084039.png","01 Основы\Linux\assets\Pasted image 20240716084039.png","80526","60980D8F00CEFAFB1B7511C0B317C1E7C2A5A533B984919D2588945FCEBEA627"
"DevOps\assets\Pasted image 20240716084048.png","01 Основы\Контейнеры и инфраструктура\DevOps и администрирование\assets\Pasted image 20240716084048.png","01 Основы\Linux\assets\Pasted image 20240716084048.png","68371","7D9EBE563F093AC725AA12BBB0EFF7EA91F29600362151597FC8DCEB4C4929F0"
"DevOps\assets\Pasted image 20240716221048.png","01 Основы\Контейнеры и инфраструктура\DevOps и администрирование\assets\Pasted image 20240716221048.png","01 Основы\Сети\Передача файлов\assets\Pasted image 20240716221048.png","476684","92451A7CD9151219B5BD58914018D6DC054588EEB578A4E75A7ED9C20E656477"
"DevOps\assets\Pasted image 20240716222611.png","01 Основы\Контейнеры и инфраструктура\DevOps и администрирование\assets\Pasted image 20240716222611.png","01 Основы\Сети\Передача файлов\assets\Pasted image 20240716222611.png","227212","1CA5CB164D6252424904B1851C783110F6FFB05B1393ED8ED985E931AE6CB72B"
"DevOps\assets\Pasted image 20240717144947.png","01 Основы\Контейнеры и инфраструктура\DevOps и администрирование\assets\Pasted image 20240717144947.png","06 Безопасность систем\Защитная настройка\assets\Pasted image 20240717144947.png","568034","24F90FC82DE5D5A910C72C008DDA28852CD4907B0A7C64FB3537702EE24173AE"
"DevOps\assets\Pasted image 20240717150045.png","01 Основы\Контейнеры и инфраструктура\DevOps и администрирование\assets\Pasted image 20240717150045.png","06 Безопасность систем\Защитная настройка\assets\Pasted image 20240717150045.png","268063","0D5333B885348DBAF5D777EB0AC3EAAA0B6347AE8F9E4DA6D72D6F924AE407D5"
"DevOps\assets\Pasted image 20240717192948.png","01 Основы\Контейнеры и инфраструктура\DevOps и администрирование\assets\Pasted image 20240717192948.png","01 Основы\Web и HTTP\assets\Pasted image 20240717192948.png","420704","2C340D50E6379B96ED177710109CF087C15C09F7062865392ACF7028AB0D37DB"
"DevOps\assets\Pasted image 20240717193054.png","01 Основы\Контейнеры и инфраструктура\DevOps и администрирование\assets\Pasted image 20240717193054.png","01 Основы\Web и HTTP\assets\Pasted image 20240717193054.png","538853","EBA056660E0531440D2130445AC6D90B6EBEA0E0F5CF236F8732D48F776BB19F"
"DevOps\assets\Pasted image 20240717193235.png","01 Основы\Контейнеры и инфраструктура\DevOps и администрирование\assets\Pasted image 20240717193235.png","01 Основы\Web и HTTP\assets\Pasted image 20240717193235.png","988232","B4756DDFD04AD380784D30D986615D0476269581D2526244FD96690DDB62C50A"
"DevOps\assets\Pasted image 20240717193400.png","01 Основы\Контейнеры и инфраструктура\DevOps и администрирование\assets\Pasted image 20240717193400.png","01 Основы\Web и HTTP\assets\Pasted image 20240717193400.png","564613","EA9D3ECDCBF345F0EBE823F08CE0FE8DBF99D1ACB4AEDE13B6F6193527FA2AE5"
"DevOps\assets\Pasted image 20240717193654.png","01 Основы\Контейнеры и инфраструктура\DevOps и администрирование\assets\Pasted image 20240717193654.png","01 Основы\Web и HTTP\assets\Pasted image 20240717193654.png","517549","FA7794400D3456F2DB553B763D2D07DE58EF3A78CCB40694F9AEAF2A2503DD19"
"DevOps\assets\Pasted image 20240717193725.png","01 Основы\Контейнеры и инфраструктура\DevOps и администрирование\assets\Pasted image 20240717193725.png","01 Основы\Web и HTTP\assets\Pasted image 20240717193725.png","677167","0D87299334DA4445E816BCAF720443E29EA5508A59608255C4DD90D64F901E4A"
"DevOps\assets\Pasted image 20240717193806.png","01 Основы\Контейнеры и инфраструктура\DevOps и администрирование\assets\Pasted image 20240717193806.png","01 Основы\Web и HTTP\assets\Pasted image 20240717193806.png","903636","16A1C4772E462F118EC84526478BA0EA18EA52CF56D93BAE238FBDF090AE0244"
"DevOps\assets\Pasted image 20240718173237.png","01 Основы\Контейнеры и инфраструктура\DevOps и администрирование\assets\Pasted image 20240718173237.png","01 Основы\Linux\assets\Pasted image 20240718173237.png","454535","44B588280001C4DFEBA23F373A90437C77BCB87D5B22D5D499BFA16D78006EEC"
"DevOps\assets\Pasted image 20240718173323.png","01 Основы\Контейнеры и инфраструктура\DevOps и администрирование\assets\Pasted image 20240718173323.png","01 Основы\Linux\assets\Pasted image 20240718173323.png","76683","83ECB8D76A971693FAB56B8BAE7B0DB6EEDCB23490D321EDBBC34E63A892E8F3"
"DevOps\assets\Pasted image 20240718173339.png","01 Основы\Контейнеры и инфраструктура\DevOps и администрирование\assets\Pasted image 20240718173339.png","01 Основы\Linux\assets\Pasted image 20240718173339.png","312059","FFAE61F9AE144CDBA79E2FE722D07557B7FD22C9FE84788397C6C3E39A5AE8B2"
"DevOps\assets\Pasted image 20240718173621.png","01 Основы\Контейнеры и инфраструктура\DevOps и администрирование\assets\Pasted image 20240718173621.png","01 Основы\Linux\assets\Pasted image 20240718173621.png","149309","9999EE946F90C6B8C2D78A23980DB264BF49A574033BA5FE32D55E6EC3850111"
"DevOps\assets\Pasted image 20240718173850.png","01 Основы\Контейнеры и инфраструктура\DevOps и администрирование\assets\Pasted image 20240718173850.png","01 Основы\Linux\assets\Pasted image 20240718173850.png","262637","E59803A2E61C21D7DDA6194CC564026A8A407DBD26B633E9664D064D584B6724"
"DevOps\assets\Pasted image 20240718174219.png","01 Основы\Контейнеры и инфраструктура\DevOps и администрирование\assets\Pasted image 20240718174219.png","01 Основы\Linux\assets\Pasted image 20240718174219.png","170358","384A4B39F6B3C58DCB62AB508453BF3DAFEB612C0ACB93E1893EB6760343E6C6"
"DevOps\assets\Pasted image 20240718174333.png","01 Основы\Контейнеры и инфраструктура\DevOps и администрирование\assets\Pasted image 20240718174333.png","01 Основы\Linux\assets\Pasted image 20240718174333.png","327660","C838CBA343B0AA1FC56A8A4E0B3EA7A894DC15BD8F9A7783156B26419DA2EE5B"
"DevOps\assets\Pasted image 20240718174457.png","01 Основы\Контейнеры и инфраструктура\DevOps и администрирование\assets\Pasted image 20240718174457.png","01 Основы\Linux\assets\Pasted image 20240718174457.png","343993","44858ABC7AD1153F0B693984725FA8895A6E96F2C6008DB9EC4A04F943A143B6"
"DevOps\assets\Pasted image 20240718174906.png","01 Основы\Контейнеры и инфраструктура\DevOps и администрирование\assets\Pasted image 20240718174906.png","01 Основы\Linux\assets\Pasted image 20240718174906.png","217295","01BE5298FA29CB8E822821AF3835510776C1CA1024CF27B32D8F392C9766D2BE"
"DevOps\assets\Pasted image 20240718175018.png","01 Основы\Контейнеры и инфраструктура\DevOps и администрирование\assets\Pasted image 20240718175018.png","01 Основы\Linux\assets\Pasted image 20240718175018.png","571698","18469CB83144EF1E6798C396D242547E3AA3B9A6AAC644064FEBBB7E22763F36"
"DevOps\assets\Pasted image 20240718175100.png","01 Основы\Контейнеры и инфраструктура\DevOps и администрирование\assets\Pasted image 20240718175100.png","01 Основы\Linux\assets\Pasted image 20240718175100.png","449583","FAA5FD632019633A00B56AF688BD887833F5CCBCC882D42E3F59E6E55AA3B7D6"
"DevOps\assets\Pasted image 20240718175256.png","01 Основы\Контейнеры и инфраструктура\DevOps и администрирование\assets\Pasted image 20240718175256.png","01 Основы\Linux\assets\Pasted image 20240718175256.png","162994","EF5D6C25A97CF7D3EA443995964BDEABB57DFF993C01BE6E102AA96ED1E33D41"
"DevOps\assets\Pasted image 20240718175329.png","01 Основы\Контейнеры и инфраструктура\DevOps и администрирование\assets\Pasted image 20240718175329.png","01 Основы\Linux\assets\Pasted image 20240718175329.png","205585","2664360CFB1B2848EF144297AE6004D671035B19976FAD746B65D5FBE2B81C05"
"DevOps\assets\Pasted image 20240718175426.png","01 Основы\Контейнеры и инфраструктура\DevOps и администрирование\assets\Pasted image 20240718175426.png","01 Основы\Linux\assets\Pasted image 20240718175426.png","191700","31C98E38B4717C9E37FF0E37B8B50C88DB33C2F3909930BEDBD8514850C4CA23"
"DevOps\assets\Pasted image 20240718175724.png","01 Основы\Контейнеры и инфраструктура\DevOps и администрирование\assets\Pasted image 20240718175724.png","01 Основы\Linux\assets\Pasted image 20240718175724.png","302367","9E11A6B7BFD0C35256119BB663BEB92CBFCF7EE83EEEB341E307B43E9508827C"
"DevOps\assets\Pasted image 20240718180007.png","01 Основы\Контейнеры и инфраструктура\DevOps и администрирование\assets\Pasted image 20240718180007.png","01 Основы\Linux\assets\Pasted image 20240718180007.png","140780","C8499E659DFCB3BFD9EB80CFC6CCF1CA8D2E1A7BD5C4AB4BE7A212974E86862B"
"DevOps\assets\Pasted image 20240718180048.png","01 Основы\Контейнеры и инфраструктура\DevOps и администрирование\assets\Pasted image 20240718180048.png","01 Основы\Linux\assets\Pasted image 20240718180048.png","664482","394489419A5F60F444B0AE055459B63F12FF98B5EB9458C7B44CFDB5671E7401"
"DevOps\assets\Pasted image 20240718180611.png","01 Основы\Контейнеры и инфраструктура\DevOps и администрирование\assets\Pasted image 20240718180611.png","01 Основы\Linux\assets\Pasted image 20240718180611.png","333026","AFB10D150DE14925A3A0EC683F665D49F7F504F1D252CBEE5D38EA60F1EB85CB"
"DevOps\assets\Pasted image 20240718190631.png","01 Основы\Контейнеры и инфраструктура\DevOps и администрирование\assets\Pasted image 20240718190631.png","01 Основы\Linux\assets\Pasted image 20240718190631.png","2482935","D11F9780F22CEEB3BBB1215D9EDDE629352EF7A61FCB039ACD03CDD26C8C2939"
"DevOps\assets\Pasted image 20240718190729.png","01 Основы\Контейнеры и инфраструктура\DevOps и администрирование\assets\Pasted image 20240718190729.png","01 Основы\Linux\assets\Pasted image 20240718190729.png","325235","41FF1490018079D8882E5F2A7FC0E8BAD76E0C0DBB726861ABD891B066CB079F"
"DevOps\shool_21\Linux_Networking.md","01 Основы\Контейнеры и инфраструктура\DevOps и администрирование\shool_21\Linux_Networking.md","01 Основы\Сети\Практикум Linux Networking.md","28975","3129E9EB4B488202A67ABFB6F7FE2D23EF5940A73997A6778C60CBD6D03324AC"
"DevOps\shool_21\Simple Docker.md","01 Основы\Контейнеры и инфраструктура\DevOps и администрирование\shool_21\Simple Docker.md","01 Основы\Контейнеры и инфраструктура\Практикум Docker.md","22719","4F54AA61C122464462488602BE48B10198318DF222DA1F15D71AEA16D89CC746"
"DevOps\shool_21\Администрирование Ubuntu Server 20.04 LTS.md","01 Основы\Контейнеры и инфраструктура\DevOps и администрирование\shool_21\Администрирование Ubuntu Server 20.04 LTS.md","01 Основы\Linux\Практикум Ubuntu Server 20.04 LTS.md","27663","D4D9C317FBCF70F49ABA6A08038E4D6E4C8D9FDA3B0C74AF80E1316E97AFF97E"
"DevOps\shool_21\assets_D01_Linux-1\Pasted image 20240724172748.png","01 Основы\Linux\assets_D01_Linux-1\Pasted image 20240724172748.png","01 Основы\Linux\assets\Pasted image 20240724172748.png","122071","E0156FE101A0D574962F9732CADA1876E3AFF1253864F90C22310A884A4F953B"
"DevOps\shool_21\assets_D01_Linux-1\Pasted image 20240724173046.png","01 Основы\Linux\assets_D01_Linux-1\Pasted image 20240724173046.png","01 Основы\Linux\assets\Pasted image 20240724173046.png","1784","EBCD22FDB79E75E191B9CEAF6C51AD3A078059833BED91F08A93474AA5B1605F"
"DevOps\shool_21\assets_D01_Linux-1\Pasted image 20240724173350.png","01 Основы\Linux\assets_D01_Linux-1\Pasted image 20240724173350.png","01 Основы\Linux\assets\Pasted image 20240724173350.png","4037","314210FC5EB59AA687279107677D31AD7ED0A9BDBD4C0B6390BCC9FB29EB359F"
"DevOps\shool_21\assets_D01_Linux-1\Pasted image 20240724173846.png","01 Основы\Linux\assets_D01_Linux-1\Pasted image 20240724173846.png","01 Основы\Linux\assets\Pasted image 20240724173846.png","2285","4D85163AC2CE2E27E052A38C570DE264A45F919E5C16D25720A28646FEADE447"
"DevOps\shool_21\assets_D01_Linux-1\Pasted image 20240724174131.png","01 Основы\Linux\assets_D01_Linux-1\Pasted image 20240724174131.png","01 Основы\Linux\assets\Pasted image 20240724174131.png","1710","3868A5A4F4CEEC7B76413B736802FCC9541ADE651202DB66FC13B58B7EE43B67"
"DevOps\shool_21\assets_D01_Linux-1\Pasted image 20240724175319.png","01 Основы\Linux\assets_D01_Linux-1\Pasted image 20240724175319.png","01 Основы\Linux\assets\Pasted image 20240724175319.png","2957","AF27390F79677E3BF51697C3F0624467CA8131D41C9F8E8C8EDBFC2BC9362891"
"DevOps\shool_21\assets_D01_Linux-1\Pasted image 20240724175834.png","01 Основы\Linux\assets_D01_Linux-1\Pasted image 20240724175834.png","01 Основы\Linux\assets\Pasted image 20240724175834.png","10892","94FB8A319725A03102BBF70FCE7547C9A1D6616C3368FC36D2E4F2F268845CC1"
"DevOps\shool_21\assets_D01_Linux-1\Pasted image 20240724180159.png","01 Основы\Linux\assets_D01_Linux-1\Pasted image 20240724180159.png","01 Основы\Linux\assets\Pasted image 20240724180159.png","12066","4F3E9027A631F1EA7BA51666A7A139C44E15C02C63F5CD4674C16604A1B8CE05"
"DevOps\shool_21\assets_D01_Linux-1\Pasted image 20240724181102.png","01 Основы\Linux\assets_D01_Linux-1\Pasted image 20240724181102.png","01 Основы\Linux\assets\Pasted image 20240724181102.png","5922","59C6FAFD46783AD7FA9123867179342AE523C96EC008E3819BCA32CDD9EDDC35"
"DevOps\shool_21\assets_D01_Linux-1\Pasted image 20240724181845.png","01 Основы\Linux\assets_D01_Linux-1\Pasted image 20240724181845.png","01 Основы\Linux\assets\Pasted image 20240724181845.png","5642","CF03C94CD435AA317213286FE5AA77A6532097D59F0DE0CFCD4125CA3ECC7FF6"
"DevOps\shool_21\assets_D01_Linux-1\Pasted image 20240724215532.png","01 Основы\Linux\assets_D01_Linux-1\Pasted image 20240724215532.png","01 Основы\Linux\assets\Pasted image 20240724215532.png","2000","6BFA1854EE88545F3F3A96D38A2C57B347A88C8EF18396DE8582283748A59323"
"DevOps\shool_21\assets_D01_Linux-1\Pasted image 20240724222405.png","01 Основы\Linux\assets_D01_Linux-1\Pasted image 20240724222405.png","01 Основы\Linux\assets\Pasted image 20240724222405.png","8210","45BF4C13ED69F7BB71262C7FE865213B9544E58E8F4050A6A22CDE4FE3047C3A"
"DevOps\shool_21\assets_D01_Linux-1\Pasted image 20240725151511.png","01 Основы\Linux\assets_D01_Linux-1\Pasted image 20240725151511.png","01 Основы\Linux\assets\Pasted image 20240725151511.png","6020","C22CD039305CDD80E626B445842745D043A8AE350A62E077723FF931910D47D6"
"DevOps\shool_21\assets_D01_Linux-1\Pasted image 20240725153114.png","01 Основы\Linux\assets_D01_Linux-1\Pasted image 20240725153114.png","01 Основы\Linux\assets\Pasted image 20240725153114.png","20872","2BFCAA377707AE7A7A928ED2A0808BE03AC37042B5920BCEDAD2645DDF4241F4"
"DevOps\shool_21\assets_D01_Linux-1\Pasted image 20240725153250.png","01 Основы\Linux\assets_D01_Linux-1\Pasted image 20240725153250.png","01 Основы\Linux\assets\Pasted image 20240725153250.png","16475","83E9AD8783D2E56603361615EDD7DD73872332677154F6B257AC537BD06E221B"
"DevOps\shool_21\assets_D01_Linux-1\Pasted image 20240725155015.png","01 Основы\Linux\assets_D01_Linux-1\Pasted image 20240725155015.png","01 Основы\Linux\assets\Pasted image 20240725155015.png","14994","1E983B6A9DF346473B02D4E9019A6185B7E947CF2C1BE9939A95AD23EFF39D5E"
"DevOps\shool_21\assets_D01_Linux-1\Pasted image 20240725164330.png","01 Основы\Linux\assets_D01_Linux-1\Pasted image 20240725164330.png","01 Основы\Linux\assets\Pasted image 20240725164330.png","2441","FAE3B8421EAABF217D67CA247134831EF17EEF11B93F269199F6F3B613D371C6"
"DevOps\shool_21\assets_D01_Linux-1\Pasted image 20240725164727.png","01 Основы\Linux\assets_D01_Linux-1\Pasted image 20240725164727.png","01 Основы\Linux\assets\Pasted image 20240725164727.png","9564","DFCDEC3B37CC9E7838638FD0C1D27E31EE7172DFCED2236F7ABDA28C46541AFE"
"DevOps\shool_21\assets_D01_Linux-1\Pasted image 20240725165618.png","01 Основы\Linux\assets_D01_Linux-1\Pasted image 20240725165618.png","01 Основы\Linux\assets\Pasted image 20240725165618.png","6849","DAC17B1EC5AC8CA34108F6E285840FE67C1BEFE6B8561718AA4960CE1C27CD59"
"DevOps\shool_21\assets_D01_Linux-1\Pasted image 20240725171633.png","01 Основы\Linux\assets_D01_Linux-1\Pasted image 20240725171633.png","01 Основы\Linux\assets\Pasted image 20240725171633.png","8318","E168A64C5394885EF3D6B9FAFCC06A089F748CF64C3E0E37DC36B59A6126DACE"
"DevOps\shool_21\assets_D01_Linux-1\Pasted image 20240725172054.png","01 Основы\Linux\assets_D01_Linux-1\Pasted image 20240725172054.png","01 Основы\Linux\assets\Pasted image 20240725172054.png","7525","6F2E2FC3B49D1CD1F03F8FBB5C5602BD325B216BDD5920FD35E84AD868ADCB76"
"DevOps\shool_21\assets_D01_Linux-1\Pasted image 20240725172522.png","01 Основы\Linux\assets_D01_Linux-1\Pasted image 20240725172522.png","01 Основы\Linux\assets\Pasted image 20240725172522.png","8142","C522C59858ADC3D8E5EFFDF86A31DAD12B329DF75DF3FA8A79305511C87966C0"
"DevOps\shool_21\assets_D01_Linux-1\Pasted image 20240725172821.png","01 Основы\Linux\assets_D01_Linux-1\Pasted image 20240725172821.png","01 Основы\Linux\assets\Pasted image 20240725172821.png","9320","4C55A7F753B411614762F03554BF7B9B3A923881AF5BF1DC7D17FB92ECC8A8E6"
"DevOps\shool_21\assets_D01_Linux-1\Pasted image 20240725173133.png","01 Основы\Linux\assets_D01_Linux-1\Pasted image 20240725173133.png","01 Основы\Linux\assets\Pasted image 20240725173133.png","8704","9A08634CFB471B5C55817EF52C270D38BAE8E2E5DE7C7160D90835FAB5BACC3F"
"DevOps\shool_21\assets_D01_Linux-1\Pasted image 20240725173507.png","01 Основы\Linux\assets_D01_Linux-1\Pasted image 20240725173507.png","01 Основы\Linux\assets\Pasted image 20240725173507.png","9035","28C560C3567926AE833B56C18F4AE721CAA7AB35BA12B65F1FFD67E463F0CE22"
"DevOps\shool_21\assets_D01_Linux-1\Pasted image 20240725173950.png","01 Основы\Linux\assets_D01_Linux-1\Pasted image 20240725173950.png","01 Основы\Linux\assets\Pasted image 20240725173950.png","10391","3C8F53B96901370CD03A045A042E01594F16E99DB1E52C330109B7FD8C6FC3C8"
"DevOps\shool_21\assets_D01_Linux-1\Pasted image 20240725175246.png","01 Основы\Linux\assets_D01_Linux-1\Pasted image 20240725175246.png","01 Основы\Linux\assets\Pasted image 20240725175246.png","7772","2AC7B71868549CF45940419754686FD37AD664A7E20DFD6F0E263742F5304CE2"
"DevOps\shool_21\assets_D01_Linux-1\Pasted image 20240725175307.png","01 Основы\Linux\assets_D01_Linux-1\Pasted image 20240725175307.png","01 Основы\Linux\assets\Pasted image 20240725175307.png","7198","7AE3FF4679E8943885F547EF0E5F68AB2D3DBCE2543340EC0E066B03260A8A73"
"DevOps\shool_21\assets_D01_Linux-1\Pasted image 20240725175524.png","01 Основы\Linux\assets_D01_Linux-1\Pasted image 20240725175524.png","01 Основы\Linux\assets\Pasted image 20240725175524.png","8030","FB24CCC5B8367BDD90F05E4886E067D3B3C0E511FBA036D0961B1C1CDC4C047C"
"DevOps\shool_21\assets_D01_Linux-1\Pasted image 20240725175959.png","01 Основы\Linux\assets_D01_Linux-1\Pasted image 20240725175959.png","01 Основы\Linux\assets\Pasted image 20240725175959.png","9083","CD21963DC221679E4106CC020008299A2D8767D9CFBE0C68D95BABD38F2B8C56"
"DevOps\shool_21\assets_D01_Linux-1\Pasted image 20240725192246.png","01 Основы\Linux\assets_D01_Linux-1\Pasted image 20240725192246.png","01 Основы\Linux\assets\Pasted image 20240725192246.png","13175","03958F64A2CB1775B295CDA9F56D13CD373952147E927DA2BF0FFFC7E39486D0"
"DevOps\shool_21\assets_D01_Linux-1\Pasted image 20240725192928.png","01 Основы\Linux\assets_D01_Linux-1\Pasted image 20240725192928.png","01 Основы\Linux\assets\Pasted image 20240725192928.png","9149","8547B2CE4544667660FCA00A8234C1CC2D2811AE5C21785C3F88D2B45ECC9AD1"
"DevOps\shool_21\assets_D01_Linux-1\Pasted image 20240725193239.png","01 Основы\Linux\assets_D01_Linux-1\Pasted image 20240725193239.png","01 Основы\Linux\assets\Pasted image 20240725193239.png","4127","9215675524626378708B2B100B132500D6AD8FA789338F2B378CB96FB75ABF51"
"DevOps\shool_21\assets_D01_Linux-1\Pasted image 20240725194507.png","01 Основы\Linux\assets_D01_Linux-1\Pasted image 20240725194507.png","01 Основы\Linux\assets\Pasted image 20240725194507.png","6650","C8A5C66EF3C19C65713DF068161459615D68200292853586AB8777F841C43671"
"DevOps\shool_21\assets_D01_Linux-1\Pasted image 20240726153339.png","01 Основы\Linux\assets_D01_Linux-1\Pasted image 20240726153339.png","01 Основы\Linux\assets\Pasted image 20240726153339.png","8687","F79B65F47DDB28BAEACDA3758C8E40EB0E7875A6DD0EE18AA166FE0523688D5A"
"DevOps\shool_21\assets_D01_Linux-1\Pasted image 20240726153425.png","01 Основы\Linux\assets_D01_Linux-1\Pasted image 20240726153425.png","01 Основы\Linux\assets\Pasted image 20240726153425.png","8688","6363A612D7F58B9783D1CB51235FAC6A619A0E3E366B92523FF78D15C68BA8A0"
"DevOps\shool_21\assets_D01_Linux-1\Pasted image 20240726154153.png","01 Основы\Linux\assets_D01_Linux-1\Pasted image 20240726154153.png","01 Основы\Linux\assets\Pasted image 20240726154153.png","8792","DF7814FAE05962D61E1CB01F397459E1FE1950D137A9F800C92189C8AFC3C5CE"
"DevOps\shool_21\assets_D01_Linux-1\Pasted image 20240726154446.png","01 Основы\Linux\assets_D01_Linux-1\Pasted image 20240726154446.png","01 Основы\Linux\assets\Pasted image 20240726154446.png","8302","EE10641474DE3D196E4FE017C483380FC4A44146F73D79C85297163E131A50CB"
"DevOps\shool_21\assets_D01_Linux-1\Pasted image 20240726154625.png","01 Основы\Linux\assets_D01_Linux-1\Pasted image 20240726154625.png","01 Основы\Linux\assets\Pasted image 20240726154625.png","8492","9EE9707B95A754B58ACB8E5361ECB2D35BE4DAFE5B76350AEC8667CAF75397FD"
"DevOps\shool_21\assets_D01_Linux-1\Pasted image 20240726171650.png","01 Основы\Linux\assets_D01_Linux-1\Pasted image 20240726171650.png","01 Основы\Linux\assets\Pasted image 20240726171650.png","7125","CFE47C735421DD3864B5B63AABCC6A931C0A02C779E1D655845E49D4DF73C8C2"
"DevOps\shool_21\assets_D01_Linux-1\Pasted image 20240726195726.png","01 Основы\Linux\assets_D01_Linux-1\Pasted image 20240726195726.png","01 Основы\Linux\assets\Pasted image 20240726195726.png","15639","596B1FB2A955904F2FA0ED773911937C759305994B421167A8653668E34D9222"
"DevOps\shool_21\assets_D01_Linux-1\Pasted image 20240726200041.png","01 Основы\Linux\assets_D01_Linux-1\Pasted image 20240726200041.png","01 Основы\Linux\assets\Pasted image 20240726200041.png","21051","5A153668037912A4475027717891017BDF10F2718AFFDDE47280182DCF47F6CD"
"DevOps\shool_21\assets_D01_Linux-1\Pasted image 20240726200420.png","01 Основы\Linux\assets_D01_Linux-1\Pasted image 20240726200420.png","01 Основы\Linux\assets\Pasted image 20240726200420.png","64830","EBD235FEC907D378C67DCF66D608C0535BA7A75E0D30C3F9513F5C468430EB63"
"DevOps\shool_21\assets_D01_Linux-1\Pasted image 20240726200811.png","01 Основы\Linux\assets_D01_Linux-1\Pasted image 20240726200811.png","01 Основы\Linux\assets\Pasted image 20240726200811.png","65481","0BDC8AC155D591336B8BDE3760C9B26CD79F3991F720BD635A3911139840BAC0"
"DevOps\shool_21\assets_D01_Linux-1\Pasted image 20240726200835.png","01 Основы\Linux\assets_D01_Linux-1\Pasted image 20240726200835.png","01 Основы\Linux\assets\Pasted image 20240726200835.png","64860","868F83385E2C8FAAFF3F6E3FB216316C46E54A1EFFC69729FE531BBB14A53BBC"
"DevOps\shool_21\assets_D01_Linux-1\Pasted image 20240726200852.png","01 Основы\Linux\assets_D01_Linux-1\Pasted image 20240726200852.png","01 Основы\Linux\assets\Pasted image 20240726200852.png","65006","7D54BA1944B882664CBCD543BAB34FFD8FF120D7DB077410C39B9B1A9E457EEE"
"DevOps\shool_21\assets_D01_Linux-1\Pasted image 20240726200917.png","01 Основы\Linux\assets_D01_Linux-1\Pasted image 20240726200917.png","01 Основы\Linux\assets\Pasted image 20240726200917.png","64489","86EF774057338DD4F75BB95950483C6C5DC41A98B968E46F1F76869E7429E1E2"
"DevOps\shool_21\assets_D01_Linux-1\Pasted image 20240726201143.png","01 Основы\Linux\assets_D01_Linux-1\Pasted image 20240726201143.png","01 Основы\Linux\assets\Pasted image 20240726201143.png","11689","55A6F94F78B78B1C83F7DCE917B404CA7DF2D895656A5D002D072A8CCAE20A90"
"DevOps\shool_21\assets_D01_Linux-1\Pasted image 20240726201440.png","01 Основы\Linux\assets_D01_Linux-1\Pasted image 20240726201440.png","01 Основы\Linux\assets\Pasted image 20240726201440.png","65139","82B482F6731A0087ABB862B0E173887CF76ADAB4F661DB52C090134AB9A396CE"
"DevOps\shool_21\assets_D01_Linux-1\Pasted image 20240726202549.png","01 Основы\Linux\assets_D01_Linux-1\Pasted image 20240726202549.png","01 Основы\Linux\assets\Pasted image 20240726202549.png","65937","858F6CDAFC35F7B40AF4B0A3F31E1E10BD40169355655EAD6174593C9A6E9A15"
"DevOps\shool_21\assets_D01_Linux-1\Pasted image 20240726202817.png","01 Основы\Linux\assets_D01_Linux-1\Pasted image 20240726202817.png","01 Основы\Linux\assets\Pasted image 20240726202817.png","14673","DEB4A59996C1ED53807E75DC9D7A21AD19986EFFE19236EABA92B6A0B2E5FA3B"
"DevOps\shool_21\assets_D01_Linux-1\Pasted image 20240726210427.png","01 Основы\Linux\assets_D01_Linux-1\Pasted image 20240726210427.png","01 Основы\Linux\assets\Pasted image 20240726210427.png","2221","98EED3007CD25FC2135173D0ABD121AFD1CCA2F55D37808F2D937A0429BEC755"
"DevOps\shool_21\assets_D01_Linux-1\Pasted image 20240726210705.png","01 Основы\Linux\assets_D01_Linux-1\Pasted image 20240726210705.png","01 Основы\Linux\assets\Pasted image 20240726210705.png","2678","C87306DCF72E9872EBD0321F319FA9397FFE02F0E66243447455BBF3A5E2C893"
"DevOps\shool_21\assets_D01_Linux-1\Pasted image 20240726211345.png","01 Основы\Linux\assets_D01_Linux-1\Pasted image 20240726211345.png","01 Основы\Linux\assets\Pasted image 20240726211345.png","2466","DC3F3C128C46090ECD2EB9D567E50270E39622104D962C238C9FF42630E20A62"
"DevOps\shool_21\assets_D01_Linux-1\Pasted image 20240726212250.png","01 Основы\Linux\assets_D01_Linux-1\Pasted image 20240726212250.png","01 Основы\Linux\assets\Pasted image 20240726212250.png","10216","20CA0F8DBD4712D58DEBFA5F639BDA4FCCC5D3E42EFF07EA90022CD6324C4813"
"DevOps\shool_21\assets_D01_Linux-1\Pasted image 20240726212514.png","01 Основы\Linux\assets_D01_Linux-1\Pasted image 20240726212514.png","01 Основы\Linux\assets\Pasted image 20240726212514.png","7986","BDFC60C23512FC23A4322B71C30C9E22831F719A86904234CEC78D1B14638941"
"DevOps\shool_21\assets_D01_Linux-1\Pasted image 20240726213120.png","01 Основы\Linux\assets_D01_Linux-1\Pasted image 20240726213120.png","01 Основы\Linux\assets\Pasted image 20240726213120.png","1018","627D3BBB8548D5B3D0BB0C2D6EF3F612810BEA26C9533245F717A3077B644C58"
"DevOps\shool_21\assets_D01_Linux-1\Pasted image 20240726220107.png","01 Основы\Linux\assets_D01_Linux-1\Pasted image 20240726220107.png","01 Основы\Linux\assets\Pasted image 20240726220107.png","19407","B95F09F0ECFCCB5387BCE20F2BD71F7E9FD841C427E50DD68553ED6ECF079FF7"
"DevOps\shool_21\assets_D01_Linux-1\Pasted image 20240727143700.png","01 Основы\Linux\assets_D01_Linux-1\Pasted image 20240727143700.png","01 Основы\Linux\assets\Pasted image 20240727143700.png","16413","DC44BCD0D2E65046BE24B8BBA2D1AE053F9D75EF24BD1D51425C76E37C0107CD"
"DevOps\shool_21\assets_D01_Linux-1\Pasted image 20240727143744.png","01 Основы\Linux\assets_D01_Linux-1\Pasted image 20240727143744.png","01 Основы\Linux\assets\Pasted image 20240727143744.png","16461","1F925531ACE8701B86C4CC1DE653556E227A3A4E2BCE4A5B44179A0E54E9C7A1"
"DevOps\shool_21\assets_D01_Linux-1\Pasted image 20240727143833.png","01 Основы\Linux\assets_D01_Linux-1\Pasted image 20240727143833.png","01 Основы\Linux\assets\Pasted image 20240727143833.png","11999","FF6A7D3ABEC6A99AB0B1668B6A8B53C1B01211BD15C291B577B5D90E330AAAE0"
"DevOps\shool_21\assets_D01_Linux-1\Pasted image 20240727144922.png","01 Основы\Linux\assets_D01_Linux-1\Pasted image 20240727144922.png","01 Основы\Linux\assets\Pasted image 20240727144922.png","55983","2725DC701DC7313E60155D19ADA3452CBCCDC9B3FE48C2974B9764C2A52A64A3"
"DevOps\shool_21\assets_D01_Linux-1\Pasted image 20240727145205.png","01 Основы\Linux\assets_D01_Linux-1\Pasted image 20240727145205.png","01 Основы\Linux\assets\Pasted image 20240727145205.png","78366","C95F84821ECE268A0FF84176E7C26BF583831B78D1384C357CEBA3EC7CC2F541"
"DevOps\shool_21\assets_D01_Linux-1\Pasted image 20240727145405.png","01 Основы\Linux\assets_D01_Linux-1\Pasted image 20240727145405.png","01 Основы\Linux\assets\Pasted image 20240727145405.png","82654","2529A676F80F1E0936227383D0215A5581CBB682BB4B5F8BAD61F6E210DC5AFC"
"DevOps\shool_21\assets_D01_Linux-1\Pasted image 20240727150455.png","01 Основы\Linux\assets_D01_Linux-1\Pasted image 20240727150455.png","01 Основы\Linux\assets\Pasted image 20240727150455.png","5561","25558D09728BE3F18AA24C2F2B8C05FFC86BC8B74E14A55C1806850D77677D61"
"DevOps\shool_21\assets_D01_Linux-1\Pasted image 20240727151706.png","01 Основы\Linux\assets_D01_Linux-1\Pasted image 20240727151706.png","01 Основы\Linux\assets\Pasted image 20240727151706.png","6144","E022DCB0197A590A7CE704D08AFDDF4EE45F52E0413BF89AA8B42D353619F132"
"DevOps\shool_21\assets_D01_Linux-1\Pasted image 20240727180714.png","01 Основы\Linux\assets_D01_Linux-1\Pasted image 20240727180714.png","01 Основы\Linux\assets\Pasted image 20240727180714.png","15534","0EF0F702E76E1B8F3D8D420F93DB90BCA995E084FA65D06306A7450BB0D4873B"
"DevOps\shool_21\assets_D01_Linux-1\Pasted image 20240727181435.png","01 Основы\Linux\assets_D01_Linux-1\Pasted image 20240727181435.png","01 Основы\Linux\assets\Pasted image 20240727181435.png","7679","6AABC9FB48E43FFB7D931EC69608F833A1D4E3C08E9EF3F22B20CB21D817E62F"
"DevOps\shool_21\assets_D01_Linux-1\Pasted image 20240727181518.png","01 Основы\Linux\assets_D01_Linux-1\Pasted image 20240727181518.png","01 Основы\Linux\assets\Pasted image 20240727181518.png","14319","935B45AFBE9F622622872093BA99C94E59B1CC12F2164D10F5F59C0F501205A0"
"DevOps\shool_21\assets_D01_Linux-1\Pasted image 20240727181545.png","01 Основы\Linux\assets_D01_Linux-1\Pasted image 20240727181545.png","01 Основы\Linux\assets\Pasted image 20240727181545.png","1740","B0B7BE147224E84B7BFFD5588DD13325C5D1DBCD5DFC4A1AC6657731889EC129"
"DevOps\shool_21\assets_D05_SimpleDocker\Pasted image 20240809101541.png","01 Основы\Контейнеры и инфраструктура\assets_D05_SimpleDocker\Pasted image 20240809101541.png","01 Основы\Контейнеры и инфраструктура\assets\Pasted image 20240809101541.png","51842","E39C28CDAD87AEA214EECA7745D242348DAE297AA5FACF1A30F2D5EB6EBA1950"
"DevOps\shool_21\assets_D05_SimpleDocker\Pasted image 20240809101627.png","01 Основы\Контейнеры и инфраструктура\assets_D05_SimpleDocker\Pasted image 20240809101627.png","01 Основы\Контейнеры и инфраструктура\assets\Pasted image 20240809101627.png","22541","83F81EF7C9904A073429FFE29C7772837372BD54788A9E3C158DCEAF3C1BC875"
"DevOps\shool_21\assets_D05_SimpleDocker\Pasted image 20240809101708.png","01 Основы\Контейнеры и инфраструктура\assets_D05_SimpleDocker\Pasted image 20240809101708.png","01 Основы\Контейнеры и инфраструктура\assets\Pasted image 20240809101708.png","8928","A3DC002351440BF577EB548C4B154652F6E0375CCF70AB83B90273FB6806E4F2"
"DevOps\shool_21\assets_D05_SimpleDocker\Pasted image 20240809101734.png","01 Основы\Контейнеры и инфраструктура\assets_D05_SimpleDocker\Pasted image 20240809101734.png","01 Основы\Контейнеры и инфраструктура\assets\Pasted image 20240809101734.png","12422","FC1DDEBA04B276F4EDC6E74249DD6EBD2C44CCD2E0750C6CFAAEB0179E450AC7"
"DevOps\shool_21\assets_D05_SimpleDocker\Pasted image 20240809103104.png","01 Основы\Контейнеры и инфраструктура\assets_D05_SimpleDocker\Pasted image 20240809103104.png","01 Основы\Контейнеры и инфраструктура\assets\Pasted image 20240809103104.png","194734","33FA2070BC5EF250A38BA2D68AC00DB9A8176155BFC7C68A94529102138D049B"
"DevOps\shool_21\assets_D05_SimpleDocker\Pasted image 20240809103130.png","01 Основы\Контейнеры и инфраструктура\assets_D05_SimpleDocker\Pasted image 20240809103130.png","01 Основы\Контейнеры и инфраструктура\assets\Pasted image 20240809103130.png","155725","7C41B22AC1A55EEF4DA7AE63C926129DCF7E7FF5F493FEDEB5EF6FCACDE091BB"
"DevOps\shool_21\assets_D05_SimpleDocker\Pasted image 20240809103154.png","01 Основы\Контейнеры и инфраструктура\assets_D05_SimpleDocker\Pasted image 20240809103154.png","01 Основы\Контейнеры и инфраструктура\assets\Pasted image 20240809103154.png","191294","B7D066B39AC2A4F1E26DAA62DAAD8DA6BC8C3D45424EFD746AD0E9DA2937E6D5"
"DevOps\shool_21\assets_D05_SimpleDocker\Pasted image 20240809103229.png","01 Основы\Контейнеры и инфраструктура\assets_D05_SimpleDocker\Pasted image 20240809103229.png","01 Основы\Контейнеры и инфраструктура\assets\Pasted image 20240809103229.png","153866","82581A6FC5E1BC3BB42B121653F80DB8361D7724961F9A40754BED54D0F8D570"
"DevOps\shool_21\assets_D05_SimpleDocker\Pasted image 20240809103247.png","01 Основы\Контейнеры и инфраструктура\assets_D05_SimpleDocker\Pasted image 20240809103247.png","01 Основы\Контейнеры и инфраструктура\assets\Pasted image 20240809103247.png","63251","5B4C5C7337FEF32BDF80D37DD0A0697620F9500C54A7D064A441839D9395529C"
"DevOps\shool_21\assets_D05_SimpleDocker\Pasted image 20240809103537.png","01 Основы\Контейнеры и инфраструктура\assets_D05_SimpleDocker\Pasted image 20240809103537.png","01 Основы\Контейнеры и инфраструктура\assets\Pasted image 20240809103537.png","2666","F7DF1AA4427B382C0113B8A9B47AB268B32D4409BE0197C87DDF927BA391ABA7"
"DevOps\shool_21\assets_D05_SimpleDocker\Pasted image 20240809103719.png","01 Основы\Контейнеры и инфраструктура\assets_D05_SimpleDocker\Pasted image 20240809103719.png","01 Основы\Контейнеры и инфраструктура\assets\Pasted image 20240809103719.png","34544","E0264675188FE6C9E84057B4F1FA4C02C5412C2D69E18D6A4CE61B6853963679"
"DevOps\shool_21\assets_D05_SimpleDocker\Pasted image 20240809104345.png","01 Основы\Контейнеры и инфраструктура\assets_D05_SimpleDocker\Pasted image 20240809104345.png","01 Основы\Контейнеры и инфраструктура\assets\Pasted image 20240809104345.png","8187","305161A93D6E71D36BA6A97DE717D705703049B8034FAAB1734A9D7830158E00"
"DevOps\shool_21\assets_D05_SimpleDocker\Pasted image 20240809104528.png","01 Основы\Контейнеры и инфраструктура\assets_D05_SimpleDocker\Pasted image 20240809104528.png","01 Основы\Контейнеры и инфраструктура\assets\Pasted image 20240809104528.png","7824","FE797BDBA11AE38B3A5B541CD034855CE773124426F6BD54DED89F7E63924B2A"
"DevOps\shool_21\assets_D05_SimpleDocker\Pasted image 20240809104539.png","01 Основы\Контейнеры и инфраструктура\assets_D05_SimpleDocker\Pasted image 20240809104539.png","01 Основы\Контейнеры и инфраструктура\assets\Pasted image 20240809104539.png","5373","B65D1C65C91DB8DFAFF205C9F338F3F93CEF31E217838C050DA55E6C7E11AD82"
"DevOps\shool_21\assets_D05_SimpleDocker\Pasted image 20240809104554.png","01 Основы\Контейнеры и инфраструктура\assets_D05_SimpleDocker\Pasted image 20240809104554.png","01 Основы\Контейнеры и инфраструктура\assets\Pasted image 20240809104554.png","12638","E432A993E58D92D3BF57FEDEE0E90009D533E6B2E2A057A2CFF9CC9E740BAA31"
"DevOps\shool_21\assets_D05_SimpleDocker\Pasted image 20240809104700.png","01 Основы\Контейнеры и инфраструктура\assets_D05_SimpleDocker\Pasted image 20240809104700.png","01 Основы\Контейнеры и инфраструктура\assets\Pasted image 20240809104700.png","16099","A302E5FE59F8293718F6E091916AEDA77A7950DCA30053A698C4734148F58B72"
"DevOps\shool_21\assets_D05_SimpleDocker\Pasted image 20240809105059.png","01 Основы\Контейнеры и инфраструктура\assets_D05_SimpleDocker\Pasted image 20240809105059.png","01 Основы\Контейнеры и инфраструктура\assets\Pasted image 20240809105059.png","47131","8C58B06B893938878DC4DB708226A08E2163C797C0938A3C433A55F416C543F5"
"DevOps\shool_21\assets_D05_SimpleDocker\Pasted image 20240809105207.png","01 Основы\Контейнеры и инфраструктура\assets_D05_SimpleDocker\Pasted image 20240809105207.png","01 Основы\Контейнеры и инфраструктура\assets\Pasted image 20240809105207.png","22178","BA28CC4B7C670895575F79F860A191EC83F00F80E8EF10DBCD0CCCDACB018BEC"
"DevOps\shool_21\assets_D05_SimpleDocker\Pasted image 20240810174809.png","01 Основы\Контейнеры и инфраструктура\assets_D05_SimpleDocker\Pasted image 20240810174809.png","01 Основы\Контейнеры и инфраструктура\assets\Pasted image 20240810174809.png","180834","569C006C9BE0D856B1EDBA8233B9AFF9A887E9F5BA4A867A360D96BD1DF9D9C5"
"DevOps\shool_21\assets_D05_SimpleDocker\Pasted image 20240810175454.png","01 Основы\Контейнеры и инфраструктура\assets_D05_SimpleDocker\Pasted image 20240810175454.png","01 Основы\Контейнеры и инфраструктура\assets\Pasted image 20240810175454.png","11180","41F4C8A6C500F0D930FE472C0BA6A7B40A0F2316117F11BF9AD1C3E3717808F7"
"DevOps\shool_21\assets_D05_SimpleDocker\Pasted image 20240810180135.png","01 Основы\Контейнеры и инфраструктура\assets_D05_SimpleDocker\Pasted image 20240810180135.png","01 Основы\Контейнеры и инфраструктура\assets\Pasted image 20240810180135.png","11537","C86270A48990BDB9026AB7D56EA66DED598F830EA4B45D654F8C17CB6F07DBD1"
"DevOps\shool_21\assets_D05_SimpleDocker\Pasted image 20240810180258.png","01 Основы\Контейнеры и инфраструктура\assets_D05_SimpleDocker\Pasted image 20240810180258.png","01 Основы\Контейнеры и инфраструктура\assets\Pasted image 20240810180258.png","41395","BB9D0D15F99893657134AEDC874BBDBDA74333D541B3DF1142A573BA5EF5270C"
"DevOps\shool_21\assets_D05_SimpleDocker\Pasted image 20240810181451.png","01 Основы\Контейнеры и инфраструктура\assets_D05_SimpleDocker\Pasted image 20240810181451.png","01 Основы\Контейнеры и инфраструктура\assets\Pasted image 20240810181451.png","22613","338C45EF21C5425FC8081F85D26B28B05DEC3DC73F392796BBC089A63F7E1FAD"
"DevOps\shool_21\assets_D05_SimpleDocker\Pasted image 20240810181706.png","01 Основы\Контейнеры и инфраструктура\assets_D05_SimpleDocker\Pasted image 20240810181706.png","01 Основы\Контейнеры и инфраструктура\assets\Pasted image 20240810181706.png","15224","406CB8302F1A840546D3FEAE297B77FEB3A0100C9DD0C64AECD53008389CE65D"
"DevOps\shool_21\assets_D05_SimpleDocker\Pasted image 20240810181803.png","01 Основы\Контейнеры и инфраструктура\assets_D05_SimpleDocker\Pasted image 20240810181803.png","01 Основы\Контейнеры и инфраструктура\assets\Pasted image 20240810181803.png","5285","C64BB2EBE4B11A1E23AF61E965E6D2E5EF3DD5AA0E39D2DEC29A063AF6EE6438"
"DevOps\shool_21\assets_D05_SimpleDocker\Pasted image 20240810182103.png","01 Основы\Контейнеры и инфраструктура\assets_D05_SimpleDocker\Pasted image 20240810182103.png","01 Основы\Контейнеры и инфраструктура\assets\Pasted image 20240810182103.png","49017","79A5C2EBD18C51729F436DAC6A3C66F4A05F817ABFFADA0226B1D800D8606AD3"
"DevOps\shool_21\assets_D05_SimpleDocker\Pasted image 20240810182332.png","01 Основы\Контейнеры и инфраструктура\assets_D05_SimpleDocker\Pasted image 20240810182332.png","01 Основы\Контейнеры и инфраструктура\assets\Pasted image 20240810182332.png","7210","9EE3C00554D48AC58F02CA2E9B24655AC8347C740D255757528A0F015D0FCE60"
"DevOps\shool_21\assets_D05_SimpleDocker\Pasted image 20240810182548.png","01 Основы\Контейнеры и инфраструктура\assets_D05_SimpleDocker\Pasted image 20240810182548.png","01 Основы\Контейнеры и инфраструктура\assets\Pasted image 20240810182548.png","12236","D34945500C8ED6EE99142E04A03AA7731DCD282CE2C70B0E85A9D55C18E66935"
"DevOps\shool_21\assets_D05_SimpleDocker\Pasted image 20240810185705.png","01 Основы\Контейнеры и инфраструктура\assets_D05_SimpleDocker\Pasted image 20240810185705.png","01 Основы\Контейнеры и инфраструктура\assets\Pasted image 20240810185705.png","23654","CEF9D852E918A9437A55F3AEE4DBC029A36EB855C592C4F86C9E2393824F00CE"
"DevOps\shool_21\assets_D05_SimpleDocker\Pasted image 20240810185725.png","01 Основы\Контейнеры и инфраструктура\assets_D05_SimpleDocker\Pasted image 20240810185725.png","01 Основы\Контейнеры и инфраструктура\assets\Pasted image 20240810185725.png","24707","8C20E60A8DD9FB0F850320FF0811573981635AE8465B5CCBE5D24DE08707A867"
"DevOps\shool_21\assets_D05_SimpleDocker\Pasted image 20240811222502.png","01 Основы\Контейнеры и инфраструктура\assets_D05_SimpleDocker\Pasted image 20240811222502.png","01 Основы\Контейнеры и инфраструктура\assets\Pasted image 20240811222502.png","20478","511ADD162B5E063C2BB58BFD26CD595231D8A9A3343FE243D910F0E567D3A4D5"
"DevOps\shool_21\assets_D05_SimpleDocker\Pasted image 20240811222550.png","01 Основы\Контейнеры и инфраструктура\assets_D05_SimpleDocker\Pasted image 20240811222550.png","01 Основы\Контейнеры и инфраструктура\assets\Pasted image 20240811222550.png","10162","A9767D13EFA7E6C1CD617F212847F5D3DB82C9538A10ED1E2DCACD5EF2E61FCB"
"DevOps\shool_21\assets_D05_SimpleDocker\Pasted image 20240811222612.png","01 Основы\Контейнеры и инфраструктура\assets_D05_SimpleDocker\Pasted image 20240811222612.png","01 Основы\Контейнеры и инфраструктура\assets\Pasted image 20240811222612.png","12026","38C2AA2CAC413B03AE2C10BCBBCF4869B89AAFB818B2E53A7D321CFD8CC6BA87"
"DevOps\shool_21\assets_D05_SimpleDocker\Pasted image 20240811222639.png","01 Основы\Контейнеры и инфраструктура\assets_D05_SimpleDocker\Pasted image 20240811222639.png","01 Основы\Контейнеры и инфраструктура\assets\Pasted image 20240811222639.png","17212","81070D5170A55B8D1E8A48D43CA0A87A588BE895BDB8810BCB1AC7D5B2D04F20"
"DevOps\shool_21\assets_D05_SimpleDocker\Pasted image 20240901120653.png","01 Основы\Контейнеры и инфраструктура\assets_D05_SimpleDocker\Pasted image 20240901120653.png","01 Основы\Контейнеры и инфраструктура\assets\Pasted image 20240901120653.png","277279","B4011D0338FA63B24644A61DD5CF7A5A9ED32822B451F30D22478041CBE7FA2C"
"DevOps\shool_21\assets_D05_SimpleDocker\Pasted image 20240901120900.png","01 Основы\Контейнеры и инфраструктура\assets_D05_SimpleDocker\Pasted image 20240901120900.png","01 Основы\Контейнеры и инфраструктура\assets\Pasted image 20240901120900.png","16807","F1A1EA4678B0B0148A714E4ACA9E8C72456136B05210EE652541950B07EF7210"
"DevOps\shool_21\assets_D05_SimpleDocker\Pasted image 20240907144931.png","01 Основы\Контейнеры и инфраструктура\assets_D05_SimpleDocker\Pasted image 20240907144931.png","01 Основы\Контейнеры и инфраструктура\assets\Pasted image 20240907144931.png","230526","5E122273AA5E95CD65075A67E81EEE18EABDD3068AEA121FE6F4E0C0D02AB62E"
"DevOps\shool_21\assets_D05_SimpleDocker\Pasted image 20240907172833.png","01 Основы\Контейнеры и инфраструктура\assets_D05_SimpleDocker\Pasted image 20240907172833.png","01 Основы\Контейнеры и инфраструктура\assets\Pasted image 20240907172833.png","166967","3BF11F55BE7C42F7865914D7B230570EB2E96C4B24E31EF327D1F4F056C7D7FD"
"DevOps\shool_21\assets_D05_SimpleDocker\Pasted image 20240909162317.png","01 Основы\Контейнеры и инфраструктура\assets_D05_SimpleDocker\Pasted image 20240909162317.png","01 Основы\Контейнеры и инфраструктура\assets\Pasted image 20240909162317.png","281069","DCE079E887276EF758E8718A078C711289BB51056AA8AA5B8399EBEC3773FB60"
"DevOps\shool_21\assets_DO2_LinuxNetwork-1\Pasted image 20240729023711.png","01 Основы\Сети\assets_DO2_LinuxNetwork-1\Pasted image 20240729023711.png","01 Основы\Сети\assets\Pasted image 20240729023711.png","7325","8E4ADFD2A96C1048EDB006A6B12FB5BDF2F4CB52225B5F14EC0CE7ABB13BA44B"
"DevOps\shool_21\assets_DO2_LinuxNetwork-1\Pasted image 20240729023832.png","01 Основы\Сети\assets_DO2_LinuxNetwork-1\Pasted image 20240729023832.png","01 Основы\Сети\assets\Pasted image 20240729023832.png","6556","89E94C23EF40D7F81CC137EC4A297717EEC5F42607EEA10FF3F37AC2A9F01465"
"DevOps\shool_21\assets_DO2_LinuxNetwork-1\Pasted image 20240729024042.png","01 Основы\Сети\assets_DO2_LinuxNetwork-1\Pasted image 20240729024042.png","01 Основы\Сети\assets\Pasted image 20240729024042.png","6045","8889B4E05BC6D4347AA209CB5453EDC14672ACABFE5726ADE2E3DBEDB220A43A"
"DevOps\shool_21\assets_DO2_LinuxNetwork-1\Pasted image 20240729024327.png","01 Основы\Сети\assets_DO2_LinuxNetwork-1\Pasted image 20240729024327.png","01 Основы\Сети\assets\Pasted image 20240729024327.png","6010","A1180DC2D9B35EE165A67EBA753C21E5A138F68AD407A9D11D3B0E8A53B290C1"
"DevOps\shool_21\assets_DO2_LinuxNetwork-1\Pasted image 20240729024439.png","01 Основы\Сети\assets_DO2_LinuxNetwork-1\Pasted image 20240729024439.png","01 Основы\Сети\assets\Pasted image 20240729024439.png","6869","EC388FCF887701BA059115CA0310D02D88C768A9B32734BACDEF8B16A7FE8EB0"
"DevOps\shool_21\assets_DO2_LinuxNetwork-1\Pasted image 20240729024516.png","01 Основы\Сети\assets_DO2_LinuxNetwork-1\Pasted image 20240729024516.png","01 Основы\Сети\assets\Pasted image 20240729024516.png","7223","E5ABB25D946F725AB0308A0F7E65D13758E419FBCC2CB250ACB3B118CF671060"
"DevOps\shool_21\assets_DO2_LinuxNetwork-1\Pasted image 20240729024630.png","01 Основы\Сети\assets_DO2_LinuxNetwork-1\Pasted image 20240729024630.png","01 Основы\Сети\assets\Pasted image 20240729024630.png","7448","14E9689CF022FA2078E062A3E3F2AB41DB0B3C86B0F59AF9038387B5C5D4387D"
"DevOps\shool_21\assets_DO2_LinuxNetwork-1\Pasted image 20240729024711.png","01 Основы\Сети\assets_DO2_LinuxNetwork-1\Pasted image 20240729024711.png","01 Основы\Сети\assets\Pasted image 20240729024711.png","6971","07A428C1EF03119A3A6D816AA03E4EB70EFA01C9488FB1E2FD87F8ABF59076D6"
"DevOps\shool_21\assets_DO2_LinuxNetwork-1\Pasted image 20240729164929.png","01 Основы\Сети\assets_DO2_LinuxNetwork-1\Pasted image 20240729164929.png","01 Основы\Сети\assets\Pasted image 20240729164929.png","13119","B76872F87A009996C5E2AFE86130830533EA33F129145BE3919056CD2608EFCA"
"DevOps\shool_21\assets_DO2_LinuxNetwork-1\Pasted image 20240729165026.png","01 Основы\Сети\assets_DO2_LinuxNetwork-1\Pasted image 20240729165026.png","01 Основы\Сети\assets\Pasted image 20240729165026.png","12834","0D6E4ED866B6759C1BBE1FAAAE694FCF244AC6AC2323F430DBA3021F15B8974B"
"DevOps\shool_21\assets_DO2_LinuxNetwork-1\Pasted image 20240729173813.png","01 Основы\Сети\assets_DO2_LinuxNetwork-1\Pasted image 20240729173813.png","01 Основы\Сети\assets\Pasted image 20240729173813.png","1867","1DE34471DA28F5F677FD0422A7B4A1E906D91C744AD02924FD7BEEE180F5B34E"
"DevOps\shool_21\assets_DO2_LinuxNetwork-1\Pasted image 20240729173855.png","01 Основы\Сети\assets_DO2_LinuxNetwork-1\Pasted image 20240729173855.png","01 Основы\Сети\assets\Pasted image 20240729173855.png","2081","2519B1D3F00FDAFD5C71F2687CEC1698CB082A24178B0B8E62C465B0CF9A3110"
"DevOps\shool_21\assets_DO2_LinuxNetwork-1\Pasted image 20240729201531.png","01 Основы\Сети\assets_DO2_LinuxNetwork-1\Pasted image 20240729201531.png","01 Основы\Сети\assets\Pasted image 20240729201531.png","5039","7FCE2A6384CFDB778955A2F986751CF27B5DA9A4D8505EC7C4B1024D88CA75FC"
"DevOps\shool_21\assets_DO2_LinuxNetwork-1\Pasted image 20240729201601.png","01 Основы\Сети\assets_DO2_LinuxNetwork-1\Pasted image 20240729201601.png","01 Основы\Сети\assets\Pasted image 20240729201601.png","5159","9EB5CB2768D52AD33D7B979322E82329095C6DA391465330C30614638C092CE2"
"DevOps\shool_21\assets_DO2_LinuxNetwork-1\Pasted image 20240729202939.png","01 Основы\Сети\assets_DO2_LinuxNetwork-1\Pasted image 20240729202939.png","01 Основы\Сети\assets\Pasted image 20240729202939.png","18360","2AFE42D453545AF52C609AC2EAE7000F6201C150F515B688B84F29DEC66D3C5C"
"DevOps\shool_21\assets_DO2_LinuxNetwork-1\Pasted image 20240729203117.png","01 Основы\Сети\assets_DO2_LinuxNetwork-1\Pasted image 20240729203117.png","01 Основы\Сети\assets\Pasted image 20240729203117.png","18832","5E4F501516E2DE0B1A393F8C9907D33CB8C3F5AE1DFF8559124AB3F53BC94DF5"
"DevOps\shool_21\assets_DO2_LinuxNetwork-1\Pasted image 20240729204348.png","01 Основы\Сети\assets_DO2_LinuxNetwork-1\Pasted image 20240729204348.png","01 Основы\Сети\assets\Pasted image 20240729204348.png","11589","40BA0B120D29C39CE2F2AFACB0E316E81568EC7569706615265B50FC63474907"
"DevOps\shool_21\assets_DO2_LinuxNetwork-1\Pasted image 20240729204520.png","01 Основы\Сети\assets_DO2_LinuxNetwork-1\Pasted image 20240729204520.png","01 Основы\Сети\assets\Pasted image 20240729204520.png","11721","94D3E8843A243980BB89C5C2F7DEBF4EFEADCED0082085BBB27426A4561FE8D5"
"DevOps\shool_21\assets_DO2_LinuxNetwork-1\Pasted image 20240729204657.png","01 Основы\Сети\assets_DO2_LinuxNetwork-1\Pasted image 20240729204657.png","01 Основы\Сети\assets\Pasted image 20240729204657.png","8642","0BC5DA46084C06BE978156AE27DCFDD9AE66A6F3FD8F2252D00F5AD0F655D9FA"
"DevOps\shool_21\assets_DO2_LinuxNetwork-1\Pasted image 20240729204741.png","01 Основы\Сети\assets_DO2_LinuxNetwork-1\Pasted image 20240729204741.png","01 Основы\Сети\assets\Pasted image 20240729204741.png","7254","CB5FC2E3B68C881D5CFFFECCDBDFF16C83558986C51CC2EDDC1E9DE2D70F750E"
"DevOps\shool_21\assets_DO2_LinuxNetwork-1\Pasted image 20240730135852.png","01 Основы\Сети\assets_DO2_LinuxNetwork-1\Pasted image 20240730135852.png","01 Основы\Сети\assets\Pasted image 20240730135852.png","17070","06FC84F99641ACE2B97C75529B81DFA87593D91097E974A0491F506326195711"
"DevOps\shool_21\assets_DO2_LinuxNetwork-1\Pasted image 20240730135926.png","01 Основы\Сети\assets_DO2_LinuxNetwork-1\Pasted image 20240730135926.png","01 Основы\Сети\assets\Pasted image 20240730135926.png","14467","6F70ADF7B2BECA00D0F57CE970F2053DE63A6DFEE736A4BC921188D8D75D4B05"
"DevOps\shool_21\assets_DO2_LinuxNetwork-1\Pasted image 20240730191249.png","01 Основы\Сети\assets_DO2_LinuxNetwork-1\Pasted image 20240730191249.png","01 Основы\Сети\assets\Pasted image 20240730191249.png","6714","D61DF605ED721BA9CEFFDA022A0AE969C69736A65BFAB274BF1F9A04C8731D2B"
"DevOps\shool_21\assets_DO2_LinuxNetwork-1\Pasted image 20240730191414.png","01 Основы\Сети\assets_DO2_LinuxNetwork-1\Pasted image 20240730191414.png","01 Основы\Сети\assets\Pasted image 20240730191414.png","4089","6C8400B2F52820C87CB9D8A5526964D73F3250C739F4363066FF662E33469682"
"DevOps\shool_21\assets_DO2_LinuxNetwork-1\Pasted image 20240730212607.png","01 Основы\Сети\assets_DO2_LinuxNetwork-1\Pasted image 20240730212607.png","01 Основы\Сети\assets\Pasted image 20240730212607.png","12830","19E0AD8F7B509783600884A0D6B0E4005385D448DD0D10C3784C8E9651FDAE53"
"DevOps\shool_21\assets_DO2_LinuxNetwork-1\Pasted image 20240730212636.png","01 Основы\Сети\assets_DO2_LinuxNetwork-1\Pasted image 20240730212636.png","01 Основы\Сети\assets\Pasted image 20240730212636.png","13253","76C475DF3176B281BB8AAA3FE129EAE265B73526B8FA5CCCFECEC7314625A727"
"DevOps\shool_21\assets_DO2_LinuxNetwork-1\Pasted image 20240730214303.png","01 Основы\Сети\assets_DO2_LinuxNetwork-1\Pasted image 20240730214303.png","01 Основы\Сети\assets\Pasted image 20240730214303.png","4032","66C68F6E298C22126824507582C43607991DD7D2B37486E731B51C5878CBFB3B"
"DevOps\shool_21\assets_DO2_LinuxNetwork-1\Pasted image 20240730214406.png","01 Основы\Сети\assets_DO2_LinuxNetwork-1\Pasted image 20240730214406.png","01 Основы\Сети\assets\Pasted image 20240730214406.png","28846","57722C0D3F9088BB0E52C1D449F0AF1C91B5A0550CB1F1C2B9819A056771DBEA"
"DevOps\shool_21\assets_DO2_LinuxNetwork-1\Pasted image 20240730214454.png","01 Основы\Сети\assets_DO2_LinuxNetwork-1\Pasted image 20240730214454.png","01 Основы\Сети\assets\Pasted image 20240730214454.png","6306","5BD10706EA96E79A72EAAED16EBF3A70A8151127216F51C4E307456F959E25CA"
"DevOps\shool_21\assets_DO2_LinuxNetwork-1\Pasted image 20240730215330.png","01 Основы\Сети\assets_DO2_LinuxNetwork-1\Pasted image 20240730215330.png","01 Основы\Сети\assets\Pasted image 20240730215330.png","31519","90BC3C9EDCC0BB4AD6668080994A60B6BCF1180EF4698CB64AE8CB051EEBDFBF"
"DevOps\shool_21\assets_DO2_LinuxNetwork-1\Pasted image 20240730215501.png","01 Основы\Сети\assets_DO2_LinuxNetwork-1\Pasted image 20240730215501.png","01 Основы\Сети\assets\Pasted image 20240730215501.png","8194","74723D1C4A92934A14FB911EE4F033B13EAC3A10632A0174043AAD9FABCB894B"
"DevOps\shool_21\assets_DO2_LinuxNetwork-1\Pasted image 20240730220555.png","01 Основы\Сети\assets_DO2_LinuxNetwork-1\Pasted image 20240730220555.png","01 Основы\Сети\assets\Pasted image 20240730220555.png","14746","D74543DB52D7DF927E48DE906465A9BBD149C65CBB1FF35636EC9E688B392559"
"DevOps\shool_21\assets_DO2_LinuxNetwork-1\Pasted image 20240730221130.png","01 Основы\Сети\assets_DO2_LinuxNetwork-1\Pasted image 20240730221130.png","01 Основы\Сети\assets\Pasted image 20240730221130.png","29177","962CD3FE15FC1EC49786CA01C954C6457BE835961483DD2993D251D98255EC7F"
"DevOps\shool_21\assets_DO2_LinuxNetwork-1\Pasted image 20240801162724.png","01 Основы\Сети\assets_DO2_LinuxNetwork-1\Pasted image 20240801162724.png","01 Основы\Сети\assets\Pasted image 20240801162724.png","200867","F653F11E02B65BFCA69799319C656529C6FFB1125618550E48D6F817E84F16FD"
"DevOps\shool_21\assets_DO2_LinuxNetwork-1\Pasted image 20240801162904.png","01 Основы\Сети\assets_DO2_LinuxNetwork-1\Pasted image 20240801162904.png","01 Основы\Сети\assets\Pasted image 20240801162904.png","3473","398B13666A4338C5335CEE013F61018AC79B52D8B21B0A6918C7477F4BC94AAC"
"DevOps\shool_21\assets_DO2_LinuxNetwork-1\Pasted image 20240801162928.png","01 Основы\Сети\assets_DO2_LinuxNetwork-1\Pasted image 20240801162928.png","01 Основы\Сети\assets\Pasted image 20240801162928.png","3481","6B41438A658090E670423DB1767694C0B7FCA72B076E9E63D546C1D84EB3DD3B"
"DevOps\shool_21\assets_DO2_LinuxNetwork-1\Pasted image 20240801162948.png","01 Основы\Сети\assets_DO2_LinuxNetwork-1\Pasted image 20240801162948.png","01 Основы\Сети\assets\Pasted image 20240801162948.png","3475","D8D33DED217F44936375F6C0DEE271A8B07294DA15C5C94D549CDB061B6EF14F"
"DevOps\shool_21\assets_DO2_LinuxNetwork-1\Pasted image 20240801163145.png","01 Основы\Сети\assets_DO2_LinuxNetwork-1\Pasted image 20240801163145.png","01 Основы\Сети\assets\Pasted image 20240801163145.png","40274","709FB9BE28369DD73F7847C44CBD97F6C3D9A8158CE0951A7D246E083E38DE1E"
"DevOps\shool_21\assets_DO2_LinuxNetwork-1\Pasted image 20240801181341.png","01 Основы\Сети\assets_DO2_LinuxNetwork-1\Pasted image 20240801181341.png","01 Основы\Сети\assets\Pasted image 20240801181341.png","103777","FC928508CB8983C1D5C591B615D5ECAF492F436082080BF39134235A02A6D931"
"DevOps\shool_21\assets_DO2_LinuxNetwork-1\Pasted image 20240801181355.png","01 Основы\Сети\assets_DO2_LinuxNetwork-1\Pasted image 20240801181355.png","01 Основы\Сети\assets\Pasted image 20240801181355.png","106155","6B56774AF0FBF44CBD137B961DAE2F36C68870131776E2211C29BDE6B5A39D6A"
"DevOps\shool_21\assets_DO2_LinuxNetwork-1\Pasted image 20240801181615.png","01 Основы\Сети\assets_DO2_LinuxNetwork-1\Pasted image 20240801181615.png","01 Основы\Сети\assets\Pasted image 20240801181615.png","30444","4B4D9F2C07E05DE0268896E9B9342CD425E66143650BC57247D19E425664FB04"
"DevOps\shool_21\assets_DO2_LinuxNetwork-1\Pasted image 20240801181803.png","01 Основы\Сети\assets_DO2_LinuxNetwork-1\Pasted image 20240801181803.png","01 Основы\Сети\assets\Pasted image 20240801181803.png","31770","1F6C3B47608910B176336CA46E54B1B4E2865FC60D88A4F4350FC41CD4672190"
"DevOps\shool_21\assets_DO2_LinuxNetwork-1\Pasted image 20240801181855.png","01 Основы\Сети\assets_DO2_LinuxNetwork-1\Pasted image 20240801181855.png","01 Основы\Сети\assets\Pasted image 20240801181855.png","21712","82F7129834844AE20E6B8B5C03A1EC45889EA93F009859792F3B2AFE30DE5B42"
"DevOps\shool_21\assets_DO2_LinuxNetwork-1\Pasted image 20240801183729.png","01 Основы\Сети\assets_DO2_LinuxNetwork-1\Pasted image 20240801183729.png","01 Основы\Сети\assets\Pasted image 20240801183729.png","22550","19F3E72116C4B4BBADC18C32F339F1A0CA67449A7BE9A5D3AA968BFB2D33B7A7"
"DevOps\shool_21\assets_DO2_LinuxNetwork-1\Pasted image 20240801184229.png","01 Основы\Сети\assets_DO2_LinuxNetwork-1\Pasted image 20240801184229.png","01 Основы\Сети\assets\Pasted image 20240801184229.png","15101","D5600EECD72EB88DE9BC45BB6B29EE5E6E2D899A57DFD38764E9B042FBE4C696"
"DevOps\shool_21\assets_DO2_LinuxNetwork-1\Pasted image 20240801195408.png","01 Основы\Сети\assets_DO2_LinuxNetwork-1\Pasted image 20240801195408.png","01 Основы\Сети\assets\Pasted image 20240801195408.png","4114","11A89E660B1B22447933BD54D80BA3CC2FB50E5502E4F3302F2284449AFF790F"
"DevOps\shool_21\assets_DO2_LinuxNetwork-1\Pasted image 20240801203226.png","01 Основы\Сети\assets_DO2_LinuxNetwork-1\Pasted image 20240801203226.png","01 Основы\Сети\assets\Pasted image 20240801203226.png","68482","DCA603A12D4D59BE0B3288185FCB763E2AD1BCC39F430D994DF8E6953E4B7F41"
"DevOps\shool_21\assets_DO2_LinuxNetwork-1\Pasted image 20240801203422.png","01 Основы\Сети\assets_DO2_LinuxNetwork-1\Pasted image 20240801203422.png","01 Основы\Сети\assets\Pasted image 20240801203422.png","24794","C02CCFFD910493CDA8EFDC4A169355C64C018C1E4EED370EECDF7EA456B19F2E"
"DevOps\shool_21\assets_DO2_LinuxNetwork-1\Pasted image 20240801203556.png","01 Основы\Сети\assets_DO2_LinuxNetwork-1\Pasted image 20240801203556.png","01 Основы\Сети\assets\Pasted image 20240801203556.png","3204","4C7BF708EBD3BF8AA1C79F73A13C50B73EAB41C5F24C6880E972089AB3EFEF58"
"DevOps\shool_21\assets_DO2_LinuxNetwork-1\Pasted image 20240801210302.png","01 Основы\Сети\assets_DO2_LinuxNetwork-1\Pasted image 20240801210302.png","01 Основы\Сети\assets\Pasted image 20240801210302.png","10946","35861E82A9055E98F8ECDF9DBA86B77D54146FD66701C0CCC79CA979EEFE91C0"
"DevOps\shool_21\assets_DO2_LinuxNetwork-1\Pasted image 20240801211537.png","01 Основы\Сети\assets_DO2_LinuxNetwork-1\Pasted image 20240801211537.png","01 Основы\Сети\assets\Pasted image 20240801211537.png","37990","FAD73E94135726F937DC12721379B6953580E0BED2FF2D908BE45D8047FE8DA7"
"DevOps\shool_21\assets_DO2_LinuxNetwork-1\Pasted image 20240801212307.png","01 Основы\Сети\assets_DO2_LinuxNetwork-1\Pasted image 20240801212307.png","01 Основы\Сети\assets\Pasted image 20240801212307.png","43739","150BFC131CC6EAAE0C5AEC45EAC8592DF6BAF99E5D9D04AF7B9059FEA9E32743"
"DevOps\shool_21\assets_DO2_LinuxNetwork-1\Pasted image 20240801212608.png","01 Основы\Сети\assets_DO2_LinuxNetwork-1\Pasted image 20240801212608.png","01 Основы\Сети\assets\Pasted image 20240801212608.png","34807","332F4DFC47FF0E05417A28C3FDCA052C22C906ABFC6EDEAE62A1410849393D1E"
"DevOps\shool_21\assets_DO2_LinuxNetwork-1\Pasted image 20240804152152.png","01 Основы\Сети\assets_DO2_LinuxNetwork-1\Pasted image 20240804152152.png","01 Основы\Сети\assets\Pasted image 20240804152152.png","9454","4ED3363EA8DD8E89772C01F6C34FCF13F1004D9265F3579710E34E997A6A0A31"
"DevOps\shool_21\assets_DO2_LinuxNetwork-1\Pasted image 20240804155654.png","01 Основы\Сети\assets_DO2_LinuxNetwork-1\Pasted image 20240804155654.png","01 Основы\Сети\assets\Pasted image 20240804155654.png","15165","A315122D05BE140FCDD6046E1740FF3CE9E7DB8832E7BD7A88F92DB06AD15662"
"DevOps\shool_21\assets_DO2_LinuxNetwork-1\Pasted image 20240804160729.png","01 Основы\Сети\assets_DO2_LinuxNetwork-1\Pasted image 20240804160729.png","01 Основы\Сети\assets\Pasted image 20240804160729.png","1305","73CA1192E8140F509E77FCE25BC32255EAEB22437588E90052EBFC758F23A4E8"
"DevOps\shool_21\assets_DO2_LinuxNetwork-1\Pasted image 20240804161405.png","01 Основы\Сети\assets_DO2_LinuxNetwork-1\Pasted image 20240804161405.png","01 Основы\Сети\assets\Pasted image 20240804161405.png","10894","35B2C9BC77E8662B2C900FC9C0D2ADA7DCD34C931EA1B1DD082AE3F99CDB019C"
"DevOps\shool_21\assets_DO2_LinuxNetwork-1\Pasted image 20240804161646.png","01 Основы\Сети\assets_DO2_LinuxNetwork-1\Pasted image 20240804161646.png","01 Основы\Сети\assets\Pasted image 20240804161646.png","30948","4A42383240DB5AAB8D759EAC736615E5C0BDC16E6AF178C67B483FC833F343FD"
"DevOps\shool_21\assets_DO2_LinuxNetwork-1\Pasted image 20240804162127.png","01 Основы\Сети\assets_DO2_LinuxNetwork-1\Pasted image 20240804162127.png","01 Основы\Сети\assets\Pasted image 20240804162127.png","3008","7BCA2BD16D9460357EC244068C617A4A8F77FE2A0B59A5C214CE43CFF51DCDAA"
"DevOps\shool_21\assets_DO2_LinuxNetwork-1\Pasted image 20240804173118.png","01 Основы\Сети\assets_DO2_LinuxNetwork-1\Pasted image 20240804173118.png","01 Основы\Сети\assets\Pasted image 20240804173118.png","20735","8BE3C44066DB80883E17E6EB6505B3C7ADCC06DDA381F5DAB46336867DA7ADB0"
"DevOps\shool_21\assets_DO2_LinuxNetwork-1\Pasted image 20240804173408.png","01 Основы\Сети\assets_DO2_LinuxNetwork-1\Pasted image 20240804173408.png","01 Основы\Сети\assets\Pasted image 20240804173408.png","18835","7156C5137FEA8C6BFB1A1CD5D8D18A65832268BC44482B01ADD54B3DA05636B9"
"DevOps\shool_21\assets_DO2_LinuxNetwork-1\Pasted image 20240804180212.png","01 Основы\Сети\assets_DO2_LinuxNetwork-1\Pasted image 20240804180212.png","01 Основы\Сети\assets\Pasted image 20240804180212.png","4475","324F751E42C08024AFDF747A2F01EE53BC7E9B2757B46D987D143A6FC81CCEA8"
"DevOps\shool_21\assets_DO2_LinuxNetwork-1\Pasted image 20240805031325.png","01 Основы\Сети\assets_DO2_LinuxNetwork-1\Pasted image 20240805031325.png","01 Основы\Сети\assets\Pasted image 20240805031325.png","8031","B2F708E3B7436B22359807D89D5417F03A60F3E3A8A9DFE6C98BD78E30FA17EF"
"DevOps\shool_21\assets_DO2_LinuxNetwork-1\Pasted image 20240805192822.png","01 Основы\Сети\assets_DO2_LinuxNetwork-1\Pasted image 20240805192822.png","01 Основы\Сети\assets\Pasted image 20240805192822.png","12857","116FA457F3032CBF199E1D67164D89B782AF348872D60C2FB622A780A35D6068"
"DevOps\shool_21\assets_DO2_LinuxNetwork-1\Pasted image 20240805200053.png","01 Основы\Сети\assets_DO2_LinuxNetwork-1\Pasted image 20240805200053.png","01 Основы\Сети\assets\Pasted image 20240805200053.png","14946","62FD57C228E2A50DCB708EAFCAA149E04B5766288740A861A99337B983A6E550"
"DevOps\shool_21\assets_DO2_LinuxNetwork-1\Pasted image 20240805200258.png","01 Основы\Сети\assets_DO2_LinuxNetwork-1\Pasted image 20240805200258.png","01 Основы\Сети\assets\Pasted image 20240805200258.png","7444","4B1734230881611F3B64ECC78D65A27C26D27443E380B4C94196AEAF02EC3B46"
"DevOps\shool_21\assets_DO2_LinuxNetwork-1\Pasted image 20240805201211.png","01 Основы\Сети\assets_DO2_LinuxNetwork-1\Pasted image 20240805201211.png","01 Основы\Сети\assets\Pasted image 20240805201211.png","9258","57D5DDACB539523FC0CF988CAD0C9426A60B072A6BBE6E864E05F70ACEBCB446"
"DevOps\shool_21\assets_DO2_LinuxNetwork-1\Pasted image 20240805201500.png","01 Основы\Сети\assets_DO2_LinuxNetwork-1\Pasted image 20240805201500.png","01 Основы\Сети\assets\Pasted image 20240805201500.png","16419","D5C69C631C70EF1494B7B7DFFFF5046E8FCA2537002068623CA024B68F707859"
"DevOps\shool_21\assets_DO2_LinuxNetwork-1\Pasted image 20240805202132.png","01 Основы\Сети\assets_DO2_LinuxNetwork-1\Pasted image 20240805202132.png","01 Основы\Сети\assets\Pasted image 20240805202132.png","1947","AE300DBBC45A64817205A4757EE4AAE10EA53456F14FEF5F9F19082BECF84926"
"DevOps\shool_21\assets_DO2_LinuxNetwork-1\Pasted image 20240805202224.png","01 Основы\Сети\assets_DO2_LinuxNetwork-1\Pasted image 20240805202224.png","01 Основы\Сети\assets\Pasted image 20240805202224.png","24474","0A37963DE6D3378D75EEC53E3AD007A5AA39D48577E1168BDA838FB8812918A7"
"DevOps\shool_21\assets_DO2_LinuxNetwork-1\Pasted image 20240807155841.png","01 Основы\Сети\assets_DO2_LinuxNetwork-1\Pasted image 20240807155841.png","01 Основы\Сети\assets\Pasted image 20240807155841.png","2606","C68F461F29BDF46FBF42D412ADF48D2E13ECA90585C1CDD0A0D8C265296E5094"
"DevOps\shool_21\assets_DO2_LinuxNetwork-1\Pasted image 20240807160442.png","01 Основы\Сети\assets_DO2_LinuxNetwork-1\Pasted image 20240807160442.png","01 Основы\Сети\assets\Pasted image 20240807160442.png","16569","9945C3199C52F699513491DB4272079C0462668AFD8E18245F52AFA8B381511C"
"DevOps\shool_21\assets_DO2_LinuxNetwork-1\Pasted image 20240807161845.png","01 Основы\Сети\assets_DO2_LinuxNetwork-1\Pasted image 20240807161845.png","01 Основы\Сети\assets\Pasted image 20240807161845.png","24536","46E4B007A60DAE22BCFA1DD85A3D4DB5B994E2B4D14D492D64EA3F5CB4BB0354"
"DevOps\shool_21\assets_DO2_LinuxNetwork-1\Pasted image 20240807183647.png","01 Основы\Сети\assets_DO2_LinuxNetwork-1\Pasted image 20240807183647.png","01 Основы\Сети\assets\Pasted image 20240807183647.png","1938","53475DD842D7E35CA881801C6E75BE8492340F6C2AF7CB53A98BCC735E3C97F2"
"DevOps\shool_21\assets_DO2_LinuxNetwork-1\Pasted image 20240807183738.png","01 Основы\Сети\assets_DO2_LinuxNetwork-1\Pasted image 20240807183738.png","01 Основы\Сети\assets\Pasted image 20240807183738.png","1998","5DCB8130A852CB7B423C84E1FCD80719C40C34062CA5BB6015D1366A1A79CD06"
"DevOps\shool_21\assets_DO2_LinuxNetwork-1\Pasted image 20240807183911.png","01 Основы\Сети\assets_DO2_LinuxNetwork-1\Pasted image 20240807183911.png","01 Основы\Сети\assets\Pasted image 20240807183911.png","7732","97465A420E1E0C61354678E2D1BA3AF28EDFC0DD420AC163D2FBF42F7E76BBF1"
"DevOps\shool_21\assets_DO2_LinuxNetwork-1\Pasted image 20240807183931.png","01 Основы\Сети\assets_DO2_LinuxNetwork-1\Pasted image 20240807183931.png","01 Основы\Сети\assets\Pasted image 20240807183931.png","7592","8A357D4E8F34402AFC8B77BD577F156DF40BC9C8E07B80B8E0074360E032337E"
"DevOps\shool_21\assets_DO2_LinuxNetwork-1\Pasted image 20240807191959.png","01 Основы\Сети\assets_DO2_LinuxNetwork-1\Pasted image 20240807191959.png","01 Основы\Сети\assets\Pasted image 20240807191959.png","15692","CF1A314BB5B6B6E6058D8AAFFA6C534BC1B1B9FF0D701C1E61FCABFD1BB7E3C2"
"DevOps\shool_21\assets_DO2_LinuxNetwork-1\Pasted image 20240807192510.png","01 Основы\Сети\assets_DO2_LinuxNetwork-1\Pasted image 20240807192510.png","01 Основы\Сети\assets\Pasted image 20240807192510.png","23749","417689C5D74B72EC01B7D8BAC48D71FA9209F524800E5CC0707624D740317802"
"SS - server side\API Testing.md","04 Безопасность приложений\Web — серверная сторона\API Testing.md","04 Безопасность приложений\06 API\Тестирование безопасности API.md","34228","F5E4D8F5B20827B04175683BD04BA953737C74310C17D76A53A2FDCDA38BDA80"
"SS - server side\Authentication vulnerabilities.md","04 Безопасность приложений\Web — серверная сторона\Authentication vulnerabilities.md","04 Безопасность приложений\03 Аутентификация и сессии\Уязвимости аутентификации.md","26932","4A36DC5B3E85B20FAC17B9A4B568A6C0551944D1DA358F8F27AB3BE27A1D9CB2"
"SS - server side\File upload.md","04 Безопасность приложений\Web — серверная сторона\File upload.md","04 Безопасность приложений\05 Серверная безопасность\Загрузка файлов.md","43310","B57A0F6F3F214BA67B2F34F84530A4AC4FA0401579635144FD92D1F4608946FD"
"SS - server side\GraphQL.md","04 Безопасность приложений\Web — серверная сторона\GraphQL.md","04 Безопасность приложений\06 API\Безопасность GraphQL.md","36423","AB7373E04E2BFE26F6F1742F674A9058EA01D8B2E83B6651B2F6DAC96037782C"
"SS - server side\HTTP request smuggling.md","04 Безопасность приложений\Web — серверная сторона\HTTP request smuggling.md","04 Безопасность приложений\05 Серверная безопасность\HTTP request smuggling.md","132040","01BCA541503DBF65C6F3F77BF7F52AA8391DD2EF7602DF7AA8F69A4C242688FD"
"SS - server side\JWT.md","04 Безопасность приложений\Web — серверная сторона\JWT.md","04 Безопасность приложений\03 Аутентификация и сессии\Безопасность JWT.md","94840","8B97ACE02FB632BC8F5262658B19B3525B56C8287D747FF732D85082EA7D6CDD"
"SS - server side\OAuth 2.0.md","04 Безопасность приложений\Web — серверная сторона\OAuth 2.0.md","04 Безопасность приложений\03 Аутентификация и сессии\OAuth 2.0 и OpenID Connect.md","96624","938022DF2CA5D7DD3CDF7F47617B9913260683E075AD21488D55FFEB8D64ADEA"
"SS - server side\Path Traversal, LFI, RFI.md","04 Безопасность приложений\Web — серверная сторона\Path Traversal, LFI, RFI.md","04 Безопасность приложений\05 Серверная безопасность\Path traversal и file inclusion.md","2721","686994B9A07360592BB52594218E1CAD68609A647332F8933FDC7B5BCA4C4776"
"SS - server side\Race conditions.md","04 Безопасность приложений\Web — серверная сторона\Race conditions.md","04 Безопасность приложений\05 Серверная безопасность\Race conditions.md","71950","60DC89EEC83D09D89DB3FAC3618A1F164E6D9CBECA28D8AABAE168339AE401B8"
"SS - server side\SSRF.md","04 Безопасность приложений\Web — серверная сторона\SSRF.md","04 Безопасность приложений\05 Серверная безопасность\SSRF.md","4445","489F4D4E1B5CF6030FD8BCAB227B1F716EB03EE92307546EE7AE0C8154915779"
"SS - server side\SSTI.md","04 Безопасность приложений\Web — серверная сторона\SSTI.md","04 Безопасность приложений\05 Серверная безопасность\SSTI.md","2240","19E0CCD92CA9069B6238113E10BF5506FEFD97C66EA173A87FA7472E52F5A621"
"SS - server side\Введение в Server-side vulnerabilities.md","04 Безопасность приложений\Web — серверная сторона\Введение в Server-side vulnerabilities.md","04 Безопасность приложений\05 Серверная безопасность\Контроль доступа и command injection — введение.md","12060","2B3DE17F7FB81DE22B3991DE62E7925F49982FAD661CB044CDD7F71D974D2C17"
"SS - server side\assets\Pasted image 20240614194130.png","04 Безопасность приложений\Web — серверная сторона\assets\Pasted image 20240614194130.png","04 Безопасность приложений\06 API\assets\Pasted image 20240614194130.png","470435","1B12529D5FB1E3A281F9F87F6DF1E333224B6FBE5021F8E3C1A9275E35428645"
"SS - server side\assets\Pasted image 20240614194212.png","04 Безопасность приложений\Web — серверная сторона\assets\Pasted image 20240614194212.png","04 Безопасность приложений\06 API\assets\Pasted image 20240614194212.png","381672","620288A5144CF67C03DC817DD31778E99C724A86D2D0DCFB863B0E77A759EFB6"
"SS - server side\assets\Pasted image 20240614194324.png","04 Безопасность приложений\Web — серверная сторона\assets\Pasted image 20240614194324.png","04 Безопасность приложений\06 API\assets\Pasted image 20240614194324.png","474245","6A5595A794E395BB0803EC9D13F0B373C91047EFB17EE78E05D578072EDED9E4"
"SS - server side\assets\Pasted image 20240614194420.png","04 Безопасность приложений\Web — серверная сторона\assets\Pasted image 20240614194420.png","04 Безопасность приложений\06 API\assets\Pasted image 20240614194420.png","727729","CC67C4306F6CF351208F846DCD2D9F42EC385ACBD509809A7E6572BBAC6A96FB"
"SS - server side\assets\Pasted image 20240614194429.png","04 Безопасность приложений\Web — серверная сторона\assets\Pasted image 20240614194429.png","04 Безопасность приложений\06 API\assets\Pasted image 20240614194429.png","734488","91236FEA44ED1E54043F97B3858173FFE3D26D7287A36C44EB9684080A98000B"
"SS - server side\assets\Pasted image 20240614194509.png","04 Безопасность приложений\Web — серверная сторона\assets\Pasted image 20240614194509.png","04 Безопасность приложений\06 API\assets\Pasted image 20240614194509.png","677861","5BCAAEDA7642C90DCA2C1DEBB230B264D12D8FDE84E736361B13CD4E6FE7FF43"
"SS - server side\assets\Pasted image 20240614194621.png","04 Безопасность приложений\Web — серверная сторона\assets\Pasted image 20240614194621.png","04 Безопасность приложений\06 API\assets\Pasted image 20240614194621.png","461921","878D97B32BBBE1F9B8D1E71F4AE87B5AE4A52BEE617AAF84D9991A61B1B08F28"
"SS - server side\assets\Pasted image 20240614194931.png","04 Безопасность приложений\Web — серверная сторона\assets\Pasted image 20240614194931.png","04 Безопасность приложений\06 API\assets\Pasted image 20240614194931.png","466053","27F34E266CABA42692B409EB016A973A622A6DF8455F90902A688EA9A320919E"
"SS - server side\assets\Pasted image 20240614194936.png","04 Безопасность приложений\Web — серверная сторона\assets\Pasted image 20240614194936.png","04 Безопасность приложений\06 API\assets\Pasted image 20240614194936.png","380122","43C4D8D3FD017A51DADB00CEA3BF768ED3D0AAEA6766ECD2E3F14992278D9C9C"
"SS - server side\assets\Pasted image 20240614195220.png","04 Безопасность приложений\Web — серверная сторона\assets\Pasted image 20240614195220.png","04 Безопасность приложений\06 API\assets\Pasted image 20240614195220.png","388693","283090B3A86E962826F6E5466ACA8E62E715294C37AFD5C3A44945D6FED03141"
"SS - server side\assets\Pasted image 20240614195248.png","04 Безопасность приложений\Web — серверная сторона\assets\Pasted image 20240614195248.png","04 Безопасность приложений\06 API\assets\Pasted image 20240614195248.png","243370","67ED692FECDDA6AA46A7B0BC7F16571BFC928E1D3D03E64622D35BDBED350BA5"
"SS - server side\assets\Pasted image 20240614195315.png","04 Безопасность приложений\Web — серверная сторона\assets\Pasted image 20240614195315.png","04 Безопасность приложений\06 API\assets\Pasted image 20240614195315.png","106681","41B9122118D37D7FDC85762530763CAE51C4060E41E647CEBAF83483CFA956ED"
"SS - server side\assets\Pasted image 20240614195318.png","04 Безопасность приложений\Web — серверная сторона\assets\Pasted image 20240614195318.png","04 Безопасность приложений\06 API\assets\Pasted image 20240614195318.png","209233","2B63C5D44D91C938F7676DA071CA90367F9578A1145C5ABE7CF855A972E20CE4"
"SS - server side\assets\Pasted image 20240614195333.png","04 Безопасность приложений\Web — серверная сторона\assets\Pasted image 20240614195333.png","04 Безопасность приложений\06 API\assets\Pasted image 20240614195333.png","260684","11AAC3BF0DCF1F1D87B1F0C2BF783131E9C624331BC21EA2B159533DAE6E26D5"
"SS - server side\assets\Pasted image 20240614195358.png","04 Безопасность приложений\Web — серверная сторона\assets\Pasted image 20240614195358.png","04 Безопасность приложений\06 API\assets\Pasted image 20240614195358.png","397821","98B6EC0C2F92760904B9F8A21BA1E8F7F41FCAE0E774D36BDC1A4DAD79639943"
"SS - server side\assets\Pasted image 20240614195744.png","04 Безопасность приложений\Web — серверная сторона\assets\Pasted image 20240614195744.png","04 Безопасность приложений\06 API\assets\Pasted image 20240614195744.png","223244","8E7259DEB1404684C2B1DD78008138AF5A5B26847FC58F79755E741B497C19B1"
"SS - server side\assets\Pasted image 20240614201757.png","04 Безопасность приложений\Web — серверная сторона\assets\Pasted image 20240614201757.png","04 Безопасность приложений\06 API\assets\Pasted image 20240614201757.png","740960","8C114190FFED1D6C0A04CF561B9D6783D025F66F6E4781947CF807966603F7DD"
"SS - server side\assets\Pasted image 20240614201827.png","04 Безопасность приложений\Web — серверная сторона\assets\Pasted image 20240614201827.png","04 Безопасность приложений\06 API\assets\Pasted image 20240614201827.png","491563","CAF3332DC1E9506B4C36A879248AE58F3D67AC17F4993A1CF198C2CCB7C5DDE6"
"SS - server side\assets\Pasted image 20240614201909.png","04 Безопасность приложений\Web — серверная сторона\assets\Pasted image 20240614201909.png","04 Безопасность приложений\06 API\assets\Pasted image 20240614201909.png","669847","C4FA29530C0F4F1B5BCCEFBA69C48D98E0A844A454AC3F5761F9481F39B4C46D"
"SS - server side\assets\Pasted image 20240614201918.png","04 Безопасность приложений\Web — серверная сторона\assets\Pasted image 20240614201918.png","04 Безопасность приложений\06 API\assets\Pasted image 20240614201918.png","1642975","C6E8D04608C8D0DBF4E32D0178DAB6E924A97A6C79D88E53417D12C267FD9DBA"
"SS - server side\assets\Pasted image 20240614202005.png","04 Безопасность приложений\Web — серверная сторона\assets\Pasted image 20240614202005.png","04 Безопасность приложений\06 API\assets\Pasted image 20240614202005.png","406944","75FC28FA6EC250AB4AE66142ED18ED30BA5EE17CE0B044033F04F16BF9EDDA41"
"SS - server side\assets\Pasted image 20240614202113.png","04 Безопасность приложений\Web — серверная сторона\assets\Pasted image 20240614202113.png","04 Безопасность приложений\06 API\assets\Pasted image 20240614202113.png","196686","458D3D5AFF3AAA9B255A76DB0BA966BCC13807A110DADFE44474CE10B550334F"
"SS - server side\assets\Pasted image 20240614202241.png","04 Безопасность приложений\Web — серверная сторона\assets\Pasted image 20240614202241.png","04 Безопасность приложений\06 API\assets\Pasted image 20240614202241.png","522439","793EE081C823D3624DFD1B083D785C75020B031E2AF3F3B2AE13F677AF1EA99E"
"SS - server side\assets\Pasted image 20240614202303.png","04 Безопасность приложений\Web — серверная сторона\assets\Pasted image 20240614202303.png","04 Безопасность приложений\06 API\assets\Pasted image 20240614202303.png","811143","E282994F7465036BDD4133D0530170C189C1614149A6C1A794631C8DDE9E39EE"
"SS - server side\assets\Pasted image 20240624020213.png","04 Безопасность приложений\Web — серверная сторона\assets\Pasted image 20240624020213.png","04 Безопасность приложений\05 Серверная безопасность\assets\Pasted image 20240624020213.png","186877","415C75C1ABC3910468D9284D9DEA0262E973A6790FE29241E453D54553A124BF"
"SS - server side\assets\Pasted image 20241209180532.png","04 Безопасность приложений\Web — серверная сторона\assets\Pasted image 20241209180532.png","04 Безопасность приложений\05 Серверная безопасность\assets\Pasted image 20241209180532.png","320433","69CB1023A0920154471D84006005FE3B887433BE2AF7E2A34F6C2D5AA709CFF1"
"SS - server side\assets\Pasted image 20250920180801.png","04 Безопасность приложений\Web — серверная сторона\assets\Pasted image 20250920180801.png","04 Безопасность приложений\07 SQL и NoSQL\assets\Pasted image 20250920180801.png","60715","4BA5415317F73A91DB3BF59581A91738084345381C005FCEF03980D259B418FD"
"SS - server side\assets\Pasted image 20250920182449.png","04 Безопасность приложений\Web — серверная сторона\assets\Pasted image 20250920182449.png","04 Безопасность приложений\07 SQL и NoSQL\assets\Pasted image 20250920182449.png","116611","D5C19754A805805790AC29523F09854E7AF830E036256CABA7346D1FC39D314A"
"SS - server side\assets\Pasted image 20250920182625.png","04 Безопасность приложений\Web — серверная сторона\assets\Pasted image 20250920182625.png","04 Безопасность приложений\07 SQL и NoSQL\assets\Pasted image 20250920182625.png","123192","19B19BB55C06E087F01B46849F52EDC09E7593A5F5488EF3119004F15833F910"
"SS - server side\assets\Pasted image 20250920185954.png","04 Безопасность приложений\Web — серверная сторона\assets\Pasted image 20250920185954.png","04 Безопасность приложений\07 SQL и NoSQL\assets\Pasted image 20250920185954.png","48252","E6A9546D92765ACD5A26D24FC66173D932F127B6CEAAC6495059BDCD24E678BA"
"SS - server side\assets\Pasted image 20250920190033.png","04 Безопасность приложений\Web — серверная сторона\assets\Pasted image 20250920190033.png","04 Безопасность приложений\07 SQL и NoSQL\assets\Pasted image 20250920190033.png","34114","E962396E6CA99979113CF734CE56BC14E2E7CBDD08039430638F65997C74B18D"
"SS - server side\assets\Pasted image 20250920190231.png","04 Безопасность приложений\Web — серверная сторона\assets\Pasted image 20250920190231.png","04 Безопасность приложений\07 SQL и NoSQL\assets\Pasted image 20250920190231.png","57064","3A191D88AD4CAA73B8F1B4F8655163BE6DBBE4833DB6C09149B943C9446E1405"
"SS - server side\assets\Pasted image 20250920190256.png","04 Безопасность приложений\Web — серверная сторона\assets\Pasted image 20250920190256.png","04 Безопасность приложений\07 SQL и NoSQL\assets\Pasted image 20250920190256.png","46363","1D6B74816415BD5FEB55DD786BBF5077BE1BEFEC6260560739A97E499C666420"
"SS - server side\assets\Pasted image 20250920190418.png","04 Безопасность приложений\Web — серверная сторона\assets\Pasted image 20250920190418.png","04 Безопасность приложений\07 SQL и NoSQL\assets\Pasted image 20250920190418.png","46363","1D6B74816415BD5FEB55DD786BBF5077BE1BEFEC6260560739A97E499C666420"
"SS - server side\assets\Pasted image 20250920190824.png","04 Безопасность приложений\Web — серверная сторона\assets\Pasted image 20250920190824.png","04 Безопасность приложений\07 SQL и NoSQL\assets\Pasted image 20250920190824.png","79873","CC1E0EA3A5F1D57966768994B23CCFF1D1FF4AA5939BF047CE5899831E0ED00D"
"SS - server side\assets\Pasted image 20250920192022.png","04 Безопасность приложений\Web — серверная сторона\assets\Pasted image 20250920192022.png","04 Безопасность приложений\07 SQL и NoSQL\assets\Pasted image 20250920192022.png","79873","CC1E0EA3A5F1D57966768994B23CCFF1D1FF4AA5939BF047CE5899831E0ED00D"
"SS - server side\assets\Pasted image 20250920192816.png","04 Безопасность приложений\Web — серверная сторона\assets\Pasted image 20250920192816.png","04 Безопасность приложений\07 SQL и NoSQL\assets\Pasted image 20250920192816.png","81930","5D49F429DBDADB017E86E559997B618EC6DAF91E2D2C65C0E95E6C011FF09B4C"
"SS - server side\assets\Pasted image 20250920193008.png","04 Безопасность приложений\Web — серверная сторона\assets\Pasted image 20250920193008.png","04 Безопасность приложений\07 SQL и NoSQL\assets\Pasted image 20250920193008.png","32689","29CB5AE009591BAA69F63B17CE689007A5DD00B6FE9B2F6D335685E360489042"
"SS - server side\assets\Pasted image 20250920193441.png","04 Безопасность приложений\Web — серверная сторона\assets\Pasted image 20250920193441.png","04 Безопасность приложений\07 SQL и NoSQL\assets\Pasted image 20250920193441.png","108624","A7933A8C36F4487B8D4FE07CC69796B6D899B5FE57EEDE55D7DA723CE106317C"
"SS - server side\assets\Pasted image 20250920193914.png","04 Безопасность приложений\Web — серверная сторона\assets\Pasted image 20250920193914.png","04 Безопасность приложений\07 SQL и NoSQL\assets\Pasted image 20250920193914.png","89979","A9C3353257CE14A8E656415498CB1E2986AD691370A8E0F952B1F4A2EFE848DB"
"SS - server side\assets\Pasted image 20250920194218.png","04 Безопасность приложений\Web — серверная сторона\assets\Pasted image 20250920194218.png","04 Безопасность приложений\07 SQL и NoSQL\assets\Pasted image 20250920194218.png","99445","25EAE14C6C17DDAD732CBE2693AFFF04CA689494A319FD278FD3C95670E0A533"
"SS - server side\assets\Pasted image 20250920204702.png","04 Безопасность приложений\Web — серверная сторона\assets\Pasted image 20250920204702.png","04 Безопасность приложений\07 SQL и NoSQL\assets\Pasted image 20250920204702.png","33263","F06C0E5BABB03B74678F08D6B239862A080D08E9A001817B7BCCBC3133CED6F5"
"SS - server side\assets\Pasted image 20250920204850.png","04 Безопасность приложений\Web — серверная сторона\assets\Pasted image 20250920204850.png","04 Безопасность приложений\07 SQL и NoSQL\assets\Pasted image 20250920204850.png","30674","334CF21225E4565F59850C6F91361F62A748BED5AD8938D4B1F324A893A79DD4"
"SS - server side\assets\Pasted image 20250920205002.png","04 Безопасность приложений\Web — серверная сторона\assets\Pasted image 20250920205002.png","04 Безопасность приложений\07 SQL и NoSQL\assets\Pasted image 20250920205002.png","94497","AFD88213AB6848315B2E20AE9290D03EBB1CE05B273FA7A21FFC63AF8858EAC1"
"SS - server side\assets\Pasted image 20250920205113.png","04 Безопасность приложений\Web — серверная сторона\assets\Pasted image 20250920205113.png","04 Безопасность приложений\07 SQL и NoSQL\assets\Pasted image 20250920205113.png","175127","EA1BC30892A9DB0778EBBC354DB5FB1180354EA1BB7EF248F8C9D1A8EFE28910"
"SS - server side\assets\Pasted image 20250920205227.png","04 Безопасность приложений\Web — серверная сторона\assets\Pasted image 20250920205227.png","04 Безопасность приложений\07 SQL и NoSQL\assets\Pasted image 20250920205227.png","111135","6F5984920852D70DF2A191BB0DF770143A1192F1645A9A29867C2C961327D0F8"
"SS - server side\assets\Pasted image 20250920205237.png","04 Безопасность приложений\Web — серверная сторона\assets\Pasted image 20250920205237.png","04 Безопасность приложений\07 SQL и NoSQL\assets\Pasted image 20250920205237.png","104121","5118E9ACE4DCA9BC1175A2BC7E5963BF5A2CA126546669406C6E80C1EB868FAD"
"SS - server side\assets\Pasted image 20250920210913.png","04 Безопасность приложений\Web — серверная сторона\assets\Pasted image 20250920210913.png","04 Безопасность приложений\07 SQL и NoSQL\assets\Pasted image 20250920210913.png","33755","0685A12423E88CB763CE9769068B8766D7D31312C3B43E504D730A3BE83556B4"
"SS - server side\assets\Pasted image 20250920211755.png","04 Безопасность приложений\Web — серверная сторона\assets\Pasted image 20250920211755.png","04 Безопасность приложений\07 SQL и NoSQL\assets\Pasted image 20250920211755.png","34984","666DD5DE10236B7296B086A5FD51050EECFE64ABD184C08CA049364F20C58C8E"
"SS - server side\assets\Pasted image 20250920211832.png","04 Безопасность приложений\Web — серверная сторона\assets\Pasted image 20250920211832.png","04 Безопасность приложений\07 SQL и NoSQL\assets\Pasted image 20250920211832.png","10382","51D5B5C4CC783BF3C8B2535729929CD17B29C2BDD253F00763382905B3B2EF59"
"SS - server side\assets\Pasted image 20250920211925.png","04 Безопасность приложений\Web — серверная сторона\assets\Pasted image 20250920211925.png","04 Безопасность приложений\07 SQL и NoSQL\assets\Pasted image 20250920211925.png","48515","A1235B6C18394735726749F2546983E665DF6B49717AEF8CD5329C58F74C1FEC"
"SS - server side\assets\Pasted image 20250920212142.png","04 Безопасность приложений\Web — серверная сторона\assets\Pasted image 20250920212142.png","04 Безопасность приложений\07 SQL и NoSQL\assets\Pasted image 20250920212142.png","25813","15606880D47A87C65C6ECC10ADE9AE7F88F9B98B514E2AA200C359954280BBE4"
"SS - server side\assets\Pasted image 20260127202120.png","04 Безопасность приложений\Web — серверная сторона\assets\Pasted image 20260127202120.png","04 Безопасность приложений\05 Серверная безопасность\assets\Pasted image 20260127202120.png","17599","EE4E1EE9FE359E09CD2B831EBCE211E714C41F27B9F0DEB63E69F5AF657BAA59"
"SS - server side\assets\Pasted image 20260128153514.png","04 Безопасность приложений\Web — серверная сторона\assets\Pasted image 20260128153514.png","04 Безопасность приложений\05 Серверная безопасность\assets\Pasted image 20260128153514.png","75162","E18B242E297EA31B326CEDAA3B0387222301267717B5E28E634AD9D8084E7AD7"
"SS - server side\assets\Pasted image 20260128154931.png","04 Безопасность приложений\Web — серверная сторона\assets\Pasted image 20260128154931.png","04 Безопасность приложений\05 Серверная безопасность\assets\Pasted image 20260128154931.png","26955","C94829E571A3BD59BE7F26B4D1521B6097175C5962B5D4AF2E3C93C956288A0D"
"SS - server side\assets\Pasted image 20260128163616.png","04 Безопасность приложений\Web — серверная сторона\assets\Pasted image 20260128163616.png","04 Безопасность приложений\05 Серверная безопасность\assets\Pasted image 20260128163616.png","232705","24476F5383F3C0C4FB44A1B955FE1DB5E2219FC878885D8D9DAE14DC6F9D3163"
"SS - server side\assets\Pasted image 20260128163648.png","04 Безопасность приложений\Web — серверная сторона\assets\Pasted image 20260128163648.png","04 Безопасность приложений\05 Серверная безопасность\assets\Pasted image 20260128163648.png","173536","32FBEB495A47E01C1D11968AA773AC605C775AD2755357CD4C3BEB6723127E40"
"SS - server side\assets\Pasted image 20260128163726.png","04 Безопасность приложений\Web — серверная сторона\assets\Pasted image 20260128163726.png","04 Безопасность приложений\05 Серверная безопасность\assets\Pasted image 20260128163726.png","243893","9C60A116B0660BFF1444A4ABF71DE599AF58B5EA842BE5E1D76F642BECED55A7"
"SS - server side\assets\Pasted image 20260128165301.png","04 Безопасность приложений\Web — серверная сторона\assets\Pasted image 20260128165301.png","04 Безопасность приложений\05 Серверная безопасность\assets\Pasted image 20260128165301.png","16247","089BD5387778417D500EB4D884DF8E706715B98E3F9046D2C7AF10EA12414AAE"
"SS - server side\assets\Pasted image 20260128200446.png","04 Безопасность приложений\Web — серверная сторона\assets\Pasted image 20260128200446.png","04 Безопасность приложений\05 Серверная безопасность\assets\Pasted image 20260128200446.png","25779","B8F35317E090EDF9C7539C37197D9FC7B843BD6D494F85FFB3F5D9B550BDBDB8"
"SS - server side\assets\Pasted image 20260131194819.png","04 Безопасность приложений\Web — серверная сторона\assets\Pasted image 20260131194819.png","04 Безопасность приложений\03 Аутентификация и сессии\assets\Pasted image 20260131194819.png","861743","00A46AEFC9646B711307772F664C7D57DE2535968DF32E942CD390E79817D55B"
"SS - server side\assets\Pasted image 20260131202051.png","04 Безопасность приложений\Web — серверная сторона\assets\Pasted image 20260131202051.png","04 Безопасность приложений\03 Аутентификация и сессии\assets\Pasted image 20260131202051.png","634351","86CABE52BCEE2C4549C61F250AB6BDEE901F479B7A3CBCEE3C4AAFC11F023982"
"SS - server side\assets\Pasted image 20260202171948.png","04 Безопасность приложений\Web — серверная сторона\assets\Pasted image 20260202171948.png","04 Безопасность приложений\03 Аутентификация и сессии\assets\Pasted image 20260202171948.png","85835","93E880179B0CC2C39A7571D1332BE8A326A37CE49D5F46E9AAFCF147E898E8FF"
"SS - server side\assets\Pasted image 20260206140335.png","04 Безопасность приложений\Web — серверная сторона\assets\Pasted image 20260206140335.png","04 Безопасность приложений\03 Аутентификация и сессии\assets\Pasted image 20260206140335.png","66331","FF4702F4E5F33755AADC4F3FB4CFA8E53244DA06E3B05A6CA646A09EFEEB19AD"
"SS - server side\assets\Pasted image 20260206140359.png","04 Безопасность приложений\Web — серверная сторона\assets\Pasted image 20260206140359.png","04 Безопасность приложений\03 Аутентификация и сессии\assets\Pasted image 20260206140359.png","99107","69CDE8ECC1795FAE7C9324DF80C8E84C9F5EEE5B728B318197D721A5EAA5F981"
"SS - server side\assets\Pasted image 20260206140536.png","04 Безопасность приложений\Web — серверная сторона\assets\Pasted image 20260206140536.png","04 Безопасность приложений\03 Аутентификация и сессии\assets\Pasted image 20260206140536.png","118984","973C4689ABFD09C6720F3C20153524F5BE24151AC270EE8AF66B216EC185DEEE"
"SS - server side\assets\Pasted image 20260206140623.png","04 Безопасность приложений\Web — серверная сторона\assets\Pasted image 20260206140623.png","04 Безопасность приложений\03 Аутентификация и сессии\assets\Pasted image 20260206140623.png","142150","55A8689EAE498E2D0D00298FDC2F396E2059D3A07D3754EC3820F685E96DCEB5"
"SS - server side\assets\Pasted image 20260206141233.png","04 Безопасность приложений\Web — серверная сторона\assets\Pasted image 20260206141233.png","04 Безопасность приложений\03 Аутентификация и сессии\assets\Pasted image 20260206141233.png","19108","BE4A4A84F43516E712C37C1E29650FD81E048118BE8B8B9F1F6776404E12829E"
"SS - server side\assets\Pasted image 20260206141329.png","04 Безопасность приложений\Web — серверная сторона\assets\Pasted image 20260206141329.png","04 Безопасность приложений\03 Аутентификация и сессии\assets\Pasted image 20260206141329.png","15336","CC621C89250FB3FE5CACB7ED3D55007CCE2494A29AA1626DED09E08DEE297B78"
"SS - server side\assets\Pasted image 20260206141831.png","04 Безопасность приложений\Web — серверная сторона\assets\Pasted image 20260206141831.png","04 Безопасность приложений\03 Аутентификация и сессии\assets\Pasted image 20260206141831.png","155928","B1DE5291ABADF67933BC283BD308B9E3AA23C9D1119CB52E9EA058E7F878C034"
"SS - server side\assets\Pasted image 20260206142001.png","04 Безопасность приложений\Web — серверная сторона\assets\Pasted image 20260206142001.png","04 Безопасность приложений\03 Аутентификация и сессии\assets\Pasted image 20260206142001.png","89972","A1ECAF85FD4F31E3D91689A80D479EF872B44B6968C00350FD790F40390FE31B"
"SS - server side\assets\Pasted image 20260206142024.png","04 Безопасность приложений\Web — серверная сторона\assets\Pasted image 20260206142024.png","04 Безопасность приложений\03 Аутентификация и сессии\assets\Pasted image 20260206142024.png","51032","AEFA2FA4690A96C135CDC6991365FD0CDF7DC1ED2A1BA072AE1E77C7349B258D"
"SS - server side\assets\Pasted image 20260206142606.png","04 Безопасность приложений\Web — серверная сторона\assets\Pasted image 20260206142606.png","04 Безопасность приложений\03 Аутентификация и сессии\assets\Pasted image 20260206142606.png","145852","E6FF50E9080FB177BFED3C625EC0AEF45EDF341482070B6AF31A2875297D9EFB"
"SS - server side\assets\Pasted image 20260217163351.png","04 Безопасность приложений\Web — серверная сторона\assets\Pasted image 20260217163351.png","04 Безопасность приложений\03 Аутентификация и сессии\assets\Pasted image 20260217163351.png","92821","8FF930F84C53266DB40E45E4B98ABCD57CC9030854129480FF818DBEAA2D9F5F"
"SS - server side\assets\Pasted image 20260217163457.png","04 Безопасность приложений\Web — серверная сторона\assets\Pasted image 20260217163457.png","04 Безопасность приложений\03 Аутентификация и сессии\assets\Pasted image 20260217163457.png","111244","B1052F0F2929322DB9DC20CF673FEABAE008CFEE834FA2860C79B93ECC68E9E6"
"SS - server side\assets\Pasted image 20260222171037.png","04 Безопасность приложений\Web — серверная сторона\assets\Pasted image 20260222171037.png","04 Безопасность приложений\05 Серверная безопасность\assets\Pasted image 20260222171037.png","30765","8C58F3D6AA64626240E01584C5F2239B4D8C081C52241C278A1C595D1204E94E"
"SS - server side\assets\Pasted image 20260222171102.png","04 Безопасность приложений\Web — серверная сторона\assets\Pasted image 20260222171102.png","04 Безопасность приложений\05 Серверная безопасность\assets\Pasted image 20260222171102.png","37358","CB80A4485DF3B56F97D5ED0362F051DCF6E4EDC063063386A784F8DCFFC7E16F"
"SS - server side\assets\Pasted image 20260223001037.png","04 Безопасность приложений\Web — серверная сторона\assets\Pasted image 20260223001037.png","04 Безопасность приложений\05 Серверная безопасность\assets\Pasted image 20260223001037.png","722462","714D749616D139E6FB7A17EEAC4C9A59CBA2AF4476046991A13F128E112B0D84"
"SS - server side\assets\Pasted image 20260223005542.png","04 Безопасность приложений\Web — серверная сторона\assets\Pasted image 20260223005542.png","04 Безопасность приложений\05 Серверная безопасность\assets\Pasted image 20260223005542.png","72736","FE25C52935A896D1EBDBCC487F30B4B57D99C7EB07ADD39BF4A66B5C852CC420"
"SS - server side\assets\Pasted image 20260224225557.png","04 Безопасность приложений\Web — серверная сторона\assets\Pasted image 20260224225557.png","04 Безопасность приложений\05 Серверная безопасность\assets\Pasted image 20260224225557.png","38553","54E8AAAD0AEAC7A61DED3CF9A1AC77175574AC06EBD2BFFD53C98AA4F34018A1"
"SS - server side\assets\Pasted image 20260224232416.png","04 Безопасность приложений\Web — серверная сторона\assets\Pasted image 20260224232416.png","04 Безопасность приложений\05 Серверная безопасность\assets\Pasted image 20260224232416.png","20303","B4BA7C86EA4B23D93A8D0E786E1775D13AE2D704EC6C60CC7B66FB5A439D41FC"
"SS - server side\assets\Pasted image 20260224234717.png","04 Безопасность приложений\Web — серверная сторона\assets\Pasted image 20260224234717.png","04 Безопасность приложений\05 Серверная безопасность\assets\Pasted image 20260224234717.png","80766","AB51964E8A89BE2B5FE26E528FFBF2E5694BB5FCB97F512794F25F2AB8391846"
"SS - server side\assets\Pasted image 20260226192910.png","04 Безопасность приложений\Web — серверная сторона\assets\Pasted image 20260226192910.png","04 Безопасность приложений\05 Серверная безопасность\assets\Pasted image 20260226192910.png","20360","48ADD08C2B96AAC0B3B21B27055FE9AB81A1EFB5B2FF04A8B14B54DD6E18211A"
"SS - server side\assets\Pasted image 20260227234938.png","04 Безопасность приложений\Web — серверная сторона\assets\Pasted image 20260227234938.png","04 Безопасность приложений\05 Серверная безопасность\assets\Pasted image 20260227234938.png","278400","90F585AB487E9EDF50E27AB26B402D2368455601AEDD197C6C0B5F3176C0F887"
"SS - server side\assets\Pasted image 20260228143940.png","04 Безопасность приложений\Web — серверная сторона\assets\Pasted image 20260228143940.png","04 Безопасность приложений\05 Серверная безопасность\assets\Pasted image 20260228143940.png","104786","CF11B1E4DF06E901524705F08F0D5F2B1C816FA7A39F7BC15B4BABFEBCBB6FAB"
"SS - server side\assets\Pasted image 20260228144002.png","04 Безопасность приложений\Web — серверная сторона\assets\Pasted image 20260228144002.png","04 Безопасность приложений\05 Серверная безопасность\assets\Pasted image 20260228144002.png","154917","A9F9CC71B774C29CBC3252F95EB19F60392E10C6EC8B7470C607D80AFC4DDCF3"
"SS - server side\assets\Pasted image 20260303210050.png","04 Безопасность приложений\Web — серверная сторона\assets\Pasted image 20260303210050.png","04 Безопасность приложений\05 Серверная безопасность\assets\Pasted image 20260303210050.png","21590","5991D0529554D0ECA1E85E14A9C96DD122C7FADFC042F2F7EA42982BC3D57600"
"SS - server side\assets\Pasted image 20260303210129.png","04 Безопасность приложений\Web — серверная сторона\assets\Pasted image 20260303210129.png","04 Безопасность приложений\05 Серверная безопасность\assets\Pasted image 20260303210129.png","92459","009D8EC64CD15F7BB4B6C42E21EF2245FA3F63174FA58970487835C9F98232C9"
"SS - server side\assets\Pasted image 20260303210151.png","04 Безопасность приложений\Web — серверная сторона\assets\Pasted image 20260303210151.png","04 Безопасность приложений\05 Серверная безопасность\assets\Pasted image 20260303210151.png","333209","148FC6B334DE327114FBFD179064BE9FC36D292DCBD3BA89E631E789B0B52AB7"
"SS - server side\assets\Pasted image 20260303213938.png","04 Безопасность приложений\Web — серверная сторона\assets\Pasted image 20260303213938.png","04 Безопасность приложений\05 Серверная безопасность\assets\Pasted image 20260303213938.png","113316","CB343C2ED09368770841345CFA00AB5D7FA3EEDBC6614E6E5C09E9C6800EDE2E"
"SS - server side\assets\Pasted image 20260303220455.png","04 Безопасность приложений\Web — серверная сторона\assets\Pasted image 20260303220455.png","04 Безопасность приложений\05 Серверная безопасность\assets\Pasted image 20260303220455.png","69152","4BCC3596C5FD1BD2338AA53309072D818D1F7B12DF611078078A4E1CD34D7B30"
"SS - server side\assets\Pasted image 20260303220507.png","04 Безопасность приложений\Web — серверная сторона\assets\Pasted image 20260303220507.png","04 Безопасность приложений\05 Серверная безопасность\assets\Pasted image 20260303220507.png","93377","98DC0BC30D790A9DCF19F4951D30A25F18C15AB744EB08280DFB71948EF35A62"
"SS - server side\assets\Pasted image 20260303225443.png","04 Безопасность приложений\Web — серверная сторона\assets\Pasted image 20260303225443.png","04 Безопасность приложений\05 Серверная безопасность\assets\Pasted image 20260303225443.png","85734","EA4CB9B73955B2BD13D31028FDEDCEEA07D0DBAA7E4BC8B84DA1E10706B8EE7E"
"SS - server side\SQL\1. Введение в SQL.md","04 Безопасность приложений\Web — серверная сторона\SQL\1. Введение в SQL.md","04 Безопасность приложений\07 SQL и NoSQL\01 Основы SQL.md","19497","5D121CD26BE6ED9275742F2D5035EB1744AEA0CE9894342C7DF4422CB63D21E7"
"SS - server side\SQL\2. Введение в SQL injection.md","04 Безопасность приложений\Web — серверная сторона\SQL\2. Введение в SQL injection.md","04 Безопасность приложений\07 SQL и NoSQL\02 Основы SQL injection.md","52827","03671EAF19D179871FA96A3CFCFDCD5E4B966B67881E3F71B991FB953FEB9FA0"
"SS - server side\SQL\3. PortSwigger SQL injection.md","04 Безопасность приложений\Web — серверная сторона\SQL\3. PortSwigger SQL injection.md","04 Безопасность приложений\07 SQL и NoSQL\03 Практика SQL injection.md","42218","6000E2D80766CA92AACEB7DB5CB4759A44BDB39C51AC2D9FDD49C3A6A3863945"
"SS - server side\SQL\4. PortSwigger NoSQL injection.md","04 Безопасность приложений\Web — серверная сторона\SQL\4. PortSwigger NoSQL injection.md","04 Безопасность приложений\07 SQL и NoSQL\04 NoSQL injection.md","36194","C558A5E2A234589B8F37650F7371E5910D562B1232D41D293B5D808C1D27BE2C"
"SS - server side\SQL\5. SQLMap for SQL injections.md","04 Безопасность приложений\Web — серверная сторона\SQL\5. SQLMap for SQL injections.md","04 Безопасность приложений\07 SQL и NoSQL\05 SQLMap.md","12847","DE53835DC979DD17C6C883E6532098E6654308535AB4725024EF1DB3BD229F19"
"WiFi\Deauth атака.md","05 Сетевая безопасность\Wi-Fi\Deauth атака.md","05 Сетевая безопасность\Wi-Fi\Deauth атака.md","4974","A5755D1A785E61296F126B7B6C6A71AB95637813A3C15F36EF0FD4E0F712FEED"
"WiFi\Вводная теория.md","05 Сетевая безопасность\Wi-Fi\Вводная теория.md","05 Сетевая безопасность\Wi-Fi\Вводная теория.md","10273","275A671E25D99A57A1083CFD7578CEF4C8CBA0E1AD425F16848A2706E7FD2F23"
"WiFi\Инструментарий.md","05 Сетевая безопасность\Wi-Fi\Инструментарий.md","05 Сетевая безопасность\Wi-Fi\Инструментарий.md","322","DD107B3466482242F3F84852F23CB90577DE04E1F370EDC835FB29D7D3BF7264"
"WiFi\assets\Аутентификация в сети.png","05 Сетевая безопасность\Wi-Fi\assets\Аутентификация в сети.png","05 Сетевая безопасность\Wi-Fi\assets\Аутентификация в сети.png","428305","45D068DD54C3267BE77D0B2DE2DA7F872A4DB52DE7AC4805A1D2229339B4689C"
"WiFi\assets\Аутентификация на основе четырёхстороннего рукопожатия.png","05 Сетевая безопасность\Wi-Fi\assets\Аутентификация на основе четырёхстороннего рукопожатия.png","05 Сетевая безопасность\Wi-Fi\assets\Аутентификация на основе четырёхстороннего рукопожатия.png","608821","076786FE893B70F2DFDFCDB80B1525AA4D82A6282212CBE747F04D2C8DC8752F"
"WiFi\Атаки на протоколы шифрования\WEP.md","05 Сетевая безопасность\Wi-Fi\Атаки на протоколы шифрования\WEP.md","05 Сетевая безопасность\Wi-Fi\Атаки на протоколы шифрования\WEP.md","5875","62CFD6B79E85B9A6FFBD5F0867F5A9EA9F53D19997F69C456D5D09D943391A5C"
"WiFi\Атаки на протоколы шифрования\WPA & WPA2.md","05 Сетевая безопасность\Wi-Fi\Атаки на протоколы шифрования\WPA & WPA2.md","05 Сетевая безопасность\Wi-Fi\Атаки на протоколы шифрования\WPA & WPA2.md","7159","4C1034C4CB4A6F48487163957B8CF766CE63B6FE3D4941C9BA37CBDAD2C445B5"
"Анализ\BEC.md","07 Анализ и исследование\BEC.md","08 Человеческий фактор\03 Business Email Compromise\BEC.md","59","E0E893B8E626D12F33E45F8F366F5237FA0502EF7A7F9B5BC91C1418600C9D6E"
"Анализ\Стеганография.md","07 Анализ и исследование\Стеганография.md","07 Анализ и исследование\Стеганография.md","1149","9AFD28E67BD0A14E6FCBBB60356F58A93FBCC809303BB6FB87F421E754687AD3"
"Анализ\Reverse инженеринг + PWN\Введение.md","07 Анализ и исследование\Reverse инженеринг + PWN\Введение.md","07 Анализ и исследование\Reverse инженеринг + PWN\Введение.md","49501","5A044D0B5BBB43BDE83DF9F37D7B5CAF015A65A4414CB623C0CF196283099983"
"Анализ\Reverse инженеринг + PWN\Инструментарий.md","07 Анализ и исследование\Reverse инженеринг + PWN\Инструментарий.md","07 Анализ и исследование\Reverse инженеринг + PWN\Инструментарий.md","6491","022B5A2FEE90375844E691CBF9F2C4767EF2E23D920D0D0C3653734AE7490512"
"Анализ\Reverse инженеринг + PWN\assets\Pasted image 20240613151003.png","07 Анализ и исследование\Reverse инженеринг + PWN\assets\Pasted image 20240613151003.png","07 Анализ и исследование\Reverse инженеринг + PWN\assets\Pasted image 20240613151003.png","303802","921D38B6A62DE6711A2E3F0914895D9E2DBCC66CE2939B75A0A6A146EDFE42D2"
"Анализ\Reverse инженеринг + PWN\assets\Pasted image 20240613151121.png","07 Анализ и исследование\Reverse инженеринг + PWN\assets\Pasted image 20240613151121.png","07 Анализ и исследование\Reverse инженеринг + PWN\assets\Pasted image 20240613151121.png","606877","6BF747AA25EAA08AA7F37028CCE0398F7DC19EDA9400A0156B2BF47FC0ABA5F2"
"Анализ\Reverse инженеринг + PWN\assets\Pasted image 20240613151203.png","07 Анализ и исследование\Reverse инженеринг + PWN\assets\Pasted image 20240613151203.png","07 Анализ и исследование\Reverse инженеринг + PWN\assets\Pasted image 20240613151203.png","297295","B22E5814DCEF7F45713D903CA2CADE6CFF6A2B219740C4D80FA49F6D6980FD92"
"Анализ\Reverse инженеринг + PWN\assets\Pasted image 20240613151236.png","07 Анализ и исследование\Reverse инженеринг + PWN\assets\Pasted image 20240613151236.png","07 Анализ и исследование\Reverse инженеринг + PWN\assets\Pasted image 20240613151236.png","609972","AE0E17F54F24D131CAC45CF50404E738BE68B696ADBB670A89CF9EC359287D28"
"Анализ\Reverse инженеринг + PWN\assets\Pasted image 20240613151256.png","07 Анализ и исследование\Reverse инженеринг + PWN\assets\Pasted image 20240613151256.png","07 Анализ и исследование\Reverse инженеринг + PWN\assets\Pasted image 20240613151256.png","459071","513129A80BF759353E78D1DB27D3A0E94ED5E1177CE25699CABC0F15C4A8F322"
"Анализ\Reverse инженеринг + PWN\assets\Pasted image 20240613151313.png","07 Анализ и исследование\Reverse инженеринг + PWN\assets\Pasted image 20240613151313.png","07 Анализ и исследование\Reverse инженеринг + PWN\assets\Pasted image 20240613151313.png","750147","2FB1BC77EA027C2D668970BEF13CC4ADB293D8676BCE609A4349590D23F53911"
"Анализ\Reverse инженеринг + PWN\assets\Pasted image 20240613151340.png","07 Анализ и исследование\Reverse инженеринг + PWN\assets\Pasted image 20240613151340.png","07 Анализ и исследование\Reverse инженеринг + PWN\assets\Pasted image 20240613151340.png","53700","D8BFDB73410613BD323F7A67F417EAC2B3F6EA1804E7CACDFA28B34EF10CDBD1"
"Анализ\Reverse инженеринг + PWN\assets\Pasted image 20240613151634.png","07 Анализ и исследование\Reverse инженеринг + PWN\assets\Pasted image 20240613151634.png","07 Анализ и исследование\Reverse инженеринг + PWN\assets\Pasted image 20240613151634.png","30260","809009E814ADE030462C8CABCD7E45397ACAE29D5A49D96B32F36FC1204FC069"
"Анализ\Reverse инженеринг + PWN\assets\Pasted image 20240613151717.png","07 Анализ и исследование\Reverse инженеринг + PWN\assets\Pasted image 20240613151717.png","07 Анализ и исследование\Reverse инженеринг + PWN\assets\Pasted image 20240613151717.png","21420","FFB4E12400775815360616E51786A097D06D0C5C06BA6586DC24AE1011DB3E5A"
"Анализ\Reverse инженеринг + PWN\assets\Pasted image 20240613151730.png","07 Анализ и исследование\Reverse инженеринг + PWN\assets\Pasted image 20240613151730.png","07 Анализ и исследование\Reverse инженеринг + PWN\assets\Pasted image 20240613151730.png","20729","AF4E95C852FA5B15DBBEA55BECC6D9EB84C9478AE6F4C8565A67FD9633138B4B"
"Анализ\Reverse инженеринг + PWN\assets\Pasted image 20240613151742.png","07 Анализ и исследование\Reverse инженеринг + PWN\assets\Pasted image 20240613151742.png","07 Анализ и исследование\Reverse инженеринг + PWN\assets\Pasted image 20240613151742.png","366976","033D5ACC1D752E93EA0920829991BB9F93011C783DB017EACD44D402A5681134"
"Анализ\Reverse инженеринг + PWN\assets\Pasted image 20240613151804.png","07 Анализ и исследование\Reverse инженеринг + PWN\assets\Pasted image 20240613151804.png","07 Анализ и исследование\Reverse инженеринг + PWN\assets\Pasted image 20240613151804.png","21572","4DEC8A079D5E56EBDC4520505150EA8781DA471CDFE7A47E0F5E312A18CD188C"
"Анализ\Reverse инженеринг + PWN\assets\Pasted image 20240613151816.png","07 Анализ и исследование\Reverse инженеринг + PWN\assets\Pasted image 20240613151816.png","07 Анализ и исследование\Reverse инженеринг + PWN\assets\Pasted image 20240613151816.png","14248","C6F6E418B814F1B72346EE0312F43081BD9A26D23EB792520D8D2665F5DED07F"
"Анализ\Reverse инженеринг + PWN\assets\Pasted image 20240613151830.png","07 Анализ и исследование\Reverse инженеринг + PWN\assets\Pasted image 20240613151830.png","07 Анализ и исследование\Reverse инженеринг + PWN\assets\Pasted image 20240613151830.png","22507","D71EFD93E9FA45731379CA031F5477CF2A284CF824BF17B8CA56446BF025764E"
"Анализ\Reverse инженеринг + PWN\assets\Pasted image 20240613151844.png","07 Анализ и исследование\Reverse инженеринг + PWN\assets\Pasted image 20240613151844.png","07 Анализ и исследование\Reverse инженеринг + PWN\assets\Pasted image 20240613151844.png","23754","19DCED87B7CCF879B5E17BD1557B8F7E5335624DB275C6BD582D07FDA947C39C"
"Анализ\Reverse инженеринг + PWN\assets\Pasted image 20240613151924.png","07 Анализ и исследование\Reverse инженеринг + PWN\assets\Pasted image 20240613151924.png","07 Анализ и исследование\Reverse инженеринг + PWN\assets\Pasted image 20240613151924.png","47112","1EC49B5A7C5DAF5C5E4C1A292699663E03BCFFAF2F0BB78133C805BE730307BC"
"Анализ\Reverse инженеринг + PWN\assets\Pasted image 20240613151934.png","07 Анализ и исследование\Reverse инженеринг + PWN\assets\Pasted image 20240613151934.png","07 Анализ и исследование\Reverse инженеринг + PWN\assets\Pasted image 20240613151934.png","15996","BCEB642782C117A731BE684FC67A1B097F5A15B656E0EE77286755F855B5D1F4"
"Анализ\Reverse инженеринг + PWN\assets\Pasted image 20240613151955.png","07 Анализ и исследование\Reverse инженеринг + PWN\assets\Pasted image 20240613151955.png","07 Анализ и исследование\Reverse инженеринг + PWN\assets\Pasted image 20240613151955.png","92541","F53907CDE93F25C66ABB040257F529BA9EF5BAFBBBF12FF29A25707C16AA4C1C"
"Анализ\Reverse инженеринг + PWN\assets\Pasted image 20240613152056.png","07 Анализ и исследование\Reverse инженеринг + PWN\assets\Pasted image 20240613152056.png","07 Анализ и исследование\Reverse инженеринг + PWN\assets\Pasted image 20240613152056.png","88252","6AC73B51F29950450B7219E541DFEA137AE59A76D03C61EBF7F7B03E255E177F"
"Анализ\Reverse инженеринг + PWN\assets\Pasted image 20240613152111.png","07 Анализ и исследование\Reverse инженеринг + PWN\assets\Pasted image 20240613152111.png","07 Анализ и исследование\Reverse инженеринг + PWN\assets\Pasted image 20240613152111.png","117302","AEEAD0448ADE205D21B022307BB6111962885715DE11CDF5B4F33D1A55A8584F"
"Анализ\Reverse инженеринг + PWN\assets\Pasted image 20240613152141.png","07 Анализ и исследование\Reverse инженеринг + PWN\assets\Pasted image 20240613152141.png","07 Анализ и исследование\Reverse инженеринг + PWN\assets\Pasted image 20240613152141.png","23476","074A4056ED66222E5A8E3FC72AC08EEC95ADCE8F8BE7D914011FFF0042979F83"
"Анализ\Анализ сетевого трафика\TCPdump.md","07 Анализ и исследование\Анализ сетевого трафика\TCPdump.md","05 Сетевая безопасность\Анализ трафика\tcpdump.md","721","3AA7C9121E634D2A5394895F629561C167282026E7B03A2CC42D3D424FE285CB"
"Анализ\Анализ сетевого трафика\tcpdump.pdf","07 Анализ и исследование\Анализ сетевого трафика\tcpdump.pdf","05 Сетевая безопасность\Анализ трафика\assets\tcpdump.pdf","38195","B4B4A6237300125A95C94223B47C034136F885361D89A66F4536143E2A9B705B"
"Повышение привелегий\Алгоритм действий.md","06 Безопасность систем\Повышение привилегий\Алгоритм действий.md","06 Безопасность систем\Повышение привилегий\Алгоритм действий.md","2744","FAF0BE4A2EBFD4B4DDD5269BE3CCE304C368C0F3C0E3E4369FB250C79E3B71FE"
"Повышение привелегий\assets\Pasted image 20240625220640.png","06 Безопасность систем\Повышение привилегий\assets\Pasted image 20240625220640.png","06 Безопасность систем\Повышение привилегий\assets\Pasted image 20240625220640.png","29038","9293CEA34EEF0CE8D13E687273FD86D24858FBD29369411FBD60559D5305DD26"
"Пробив_docksing\Взлом устройства человека.md","08 Человеческий фактор\Фишинг и OSINT-сценарии\Взлом устройства человека.md","08 Человеческий фактор\90 Рискованные исходные сценарии\Инструменты захвата данных с устройства.md","5187","9801AA4375920908F36AF3FA6033414173D9A73D4F72632FECA84735786D1823"
"Пробив_docksing\Деанон пользователя VK с помощью фишинга.md","08 Человеческий фактор\Фишинг и OSINT-сценарии\Деанон пользователя VK с помощью фишинга.md","08 Человеческий фактор\90 Рискованные исходные сценарии\Фишинговый деанон VK.md","9374","828EE6FB7A88518ADDFE52D67674E565E3D2E1562C09A398AE69FDE2885CF6BA"
"Пробив_docksing\Фишинг.md","08 Человеческий фактор\Фишинг и OSINT-сценарии\Фишинг.md","08 Человеческий фактор\02 Фишинговые симуляции\Планирование учебной фишинговой кампании.md","3363","82E1085C3CA41FD01173FB958B66B556A4676A9646A023E5C433242C60F91FB8"
"Пробив_docksing\assets\Pasted image 20250428134904.png","08 Человеческий фактор\Фишинг и OSINT-сценарии\assets\Pasted image 20250428134904.png","08 Человеческий фактор\90 Рискованные исходные сценарии\assets\Pasted image 20250428134904.png","70150","26854F1804ADAA20F75DC9D7611A562831779BDB2CE7A78870739B3AF8837601"
"Пробив_docksing\assets\Pasted image 20250428135101.png","08 Человеческий фактор\Фишинг и OSINT-сценарии\assets\Pasted image 20250428135101.png","08 Человеческий фактор\90 Рискованные исходные сценарии\assets\Pasted image 20250428135101.png","116587","C4D5955F3DA93F38B6C8EB72285B8E931F68E0064BFCB99B26B50891026A5913"
"Пробив_docksing\assets\Pasted image 20250428135132.png","08 Человеческий фактор\Фишинг и OSINT-сценарии\assets\Pasted image 20250428135132.png","08 Человеческий фактор\90 Рискованные исходные сценарии\assets\Pasted image 20250428135132.png","22272","14518C0690C0EDEC8673894C2B6B0941DB49E015990472FF98BDC0CB23EC58F9"
"Сетевые атаки\impacket.md","05 Сетевая безопасность\Атаки в лабораторной среде\impacket.md","05 Сетевая безопасность\Active Directory\Инструменты\Impacket.md","5568","EE24C76179E83ABFBF861351A816E10922E2FD538C342AABBEA99E302F1417A7"
"Сетевые атаки\Metasploit && msfvenom.md","05 Сетевая безопасность\Атаки в лабораторной среде\Metasploit && msfvenom.md","05 Сетевая безопасность\Атаки в лабораторной среде\Metasploit && msfvenom.md","8248","90FE7BAF57B1EA4265A333A7188B41AD3D9AABC317BD84667BD5E5ACBF15A1BB"
"Сетевые атаки\mitm6.md","05 Сетевая безопасность\Атаки в лабораторной среде\mitm6.md","05 Сетевая безопасность\Атаки в лабораторной среде\mitm6.md","747","57CCED85A6EC427F15680CF84198618717E7C118731321B21AEEB2B77464AC84"
"Сетевые атаки\Nmap.md","05 Сетевая безопасность\Атаки в лабораторной среде\Nmap.md","03 Оценка защищённости\02 Обнаружение поверхности\Nmap.md","51909","28C8F855C1A1ABA6AD2542228E0723146865B3824861C10F0B2A5CCC96E2C610"
"Сетевые атаки\Responder.md","05 Сетевая безопасность\Атаки в лабораторной среде\Responder.md","05 Сетевая безопасность\Атаки в лабораторной среде\Responder.md","1861","FB0BEC5BA96C0E3B1F77ED7D16014565649CFC5EE9CE7C3F7D7F1A446F966D92"
"Сетевые атаки\xfreedp.md","05 Сетевая безопасность\Атаки в лабораторной среде\xfreedp.md","10 Справочники\Команды\xfreerdp.md","166","7F9A5EA4007ED8544ADF70003F6417BB3394D03358816C1CAEAAAC06ACE27BF1"
"Сетевые атаки\Active Directory\1. Исследование Windows.md","05 Сетевая безопасность\Атаки в лабораторной среде\Active Directory\1. Исследование Windows.md","06 Безопасность систем\Windows\Исследование и администрирование Windows.md","47967","AAD84DEE6CD8D2C0B68EE2606A6F76DC7DCFDB4FE05A83D3333747BAA50AA3F5"
"Сетевые атаки\Active Directory\bloodhound.md","05 Сетевая безопасность\Атаки в лабораторной среде\Active Directory\bloodhound.md","05 Сетевая безопасность\Active Directory\Инструменты\BloodHound.md","2427","58678B8E04732382621D8D0FA4386DA06D02E9B9C447453AA8714097E293CF06"
"Сетевые атаки\Active Directory\Crackmapexec.md","05 Сетевая безопасность\Атаки в лабораторной среде\Active Directory\Crackmapexec.md","05 Сетевая безопасность\Active Directory\Инструменты\CrackMapExec.md","2009","34009B0FE2E5A170BADD5DD2779B558A9CE1BE29EE7F0EB3D70E31670B62454C"
"Сетевые атаки\Active Directory\Invoke-ADEnum.md","05 Сетевая безопасность\Атаки в лабораторной среде\Active Directory\Invoke-ADEnum.md","05 Сетевая безопасность\Active Directory\Инструменты\Invoke-ADEnum.md","3381","33DB5E26292761EE26B6CDE4BF3D2DBA67CE20DD8E812FE9EC17811DC63FFA95"
"Сетевые атаки\Active Directory\kerbrute.md","05 Сетевая безопасность\Атаки в лабораторной среде\Active Directory\kerbrute.md","05 Сетевая безопасность\Active Directory\Инструменты\Kerbrute.md","444","F42901719E69882D9FCB6E1CC00A2F5F41CCE54B61F76221184244D61BBD82D9"
"Сетевые атаки\Active Directory\Leaked Wallpaper (повышение привелегий).md","05 Сетевая безопасность\Атаки в лабораторной среде\Active Directory\Leaked Wallpaper (повышение привелегий).md","06 Безопасность систем\Windows\Повышение привилегий\Leaked Wallpaper.md","974","F3930C9DA9ADB900DE40D57253BE568B997AA134AA63BD576B7FE9BFA16A2626"
"Сетевые атаки\Active Directory\assets\Pasted image 20250917180201.png","05 Сетевая безопасность\Атаки в лабораторной среде\Active Directory\assets\Pasted image 20250917180201.png","06 Безопасность систем\Windows\assets\Pasted image 20250917180201.png","18723","079C36EBBACFFEE69BABB22CDA4F2B3F893F4710A51FCBC5B91FB88F498B395E"
"Сетевые атаки\assets\Pasted image 20240531151613.png","05 Сетевая безопасность\Атаки в лабораторной среде\assets\Pasted image 20240531151613.png","05 Сетевая безопасность\Active Directory\Инструменты\assets\Pasted image 20240531151613.png","47415","C53AE8216449666D5536F04A0FBF92F573046B3AFD784F80FEB4589A40AE02C9"
"Сетевые атаки\assets\Pasted image 20240531152547.png","05 Сетевая безопасность\Атаки в лабораторной среде\assets\Pasted image 20240531152547.png","05 Сетевая безопасность\Active Directory\Инструменты\assets\Pasted image 20240531152547.png","110601","0C3C3AB655875A27FAF5B41416A539F6D6C1A94EF768E21E2BF14B8712CFA2B9"
"Сетевые атаки\assets\Pasted image 20240630092157.png","05 Сетевая безопасность\Атаки в лабораторной среде\assets\Pasted image 20240630092157.png","03 Оценка защищённости\02 Обнаружение поверхности\assets\Pasted image 20240630092157.png","158189","8CB7021DD7D06A4195A19D942DE55942F9BE7E3ED775121E95066D9129AC61DC"
"Сетевые атаки\assets\Pasted image 20240630092204.png","05 Сетевая безопасность\Атаки в лабораторной среде\assets\Pasted image 20240630092204.png","03 Оценка защищённости\02 Обнаружение поверхности\assets\Pasted image 20240630092204.png","151001","EEB0418D3A7C3D8493851530368D88D28833E880816A44744939B34C4E57A0D8"
"Сетевые атаки\assets\Pasted image 20240705220752.png","05 Сетевая безопасность\Атаки в лабораторной среде\assets\Pasted image 20240705220752.png","03 Оценка защищённости\02 Обнаружение поверхности\assets\Pasted image 20240705220752.png","134555","B1FF7C4B1D47E24B86B94F94FECF0BB343D02F5CAF7AB7EEC0655D40091B144C"
"Сетевые атаки\assets\Pasted image 20240705220801.png","05 Сетевая безопасность\Атаки в лабораторной среде\assets\Pasted image 20240705220801.png","03 Оценка защищённости\02 Обнаружение поверхности\assets\Pasted image 20240705220801.png","250363","544E2473D2A725FC4CDFB5499AEA0E0030E67E84E70AEA000E1E547E5B15FB78"
"Сетевые атаки\Альтернативы Nmap\Advanced-ip-scanner.md","05 Сетевая безопасность\Атаки в лабораторной среде\Альтернативы Nmap\Advanced-ip-scanner.md","03 Оценка защищённости\02 Обнаружение поверхности\Альтернативы Nmap\Advanced IP Scanner.md","311","F1F49E38903EFE76F507B5D408BBAFD37D1DB752BD85B1517468E00F69BC30FC"
"Сетевые атаки\Альтернативы Nmap\Angry IP Scanner.md","05 Сетевая безопасность\Атаки в лабораторной среде\Альтернативы Nmap\Angry IP Scanner.md","03 Оценка защищённости\02 Обнаружение поверхности\Альтернативы Nmap\Angry IP Scanner.md","716","8EE3CA4C3F595126C3BF6EF3867967A9BCC559F67A738B9015B349E0F5350F45"
"Сетевые атаки\Альтернативы Nmap\RustScan.md","05 Сетевая безопасность\Атаки в лабораторной среде\Альтернативы Nmap\RustScan.md","03 Оценка защищённости\02 Обнаружение поверхности\Альтернативы Nmap\RustScan.md","955","55C0335C19554FEDE365CD12F13D7F95723DE6EF846699EAFC6A16C67FF31DD6"
"Сетевые атаки\Альтернативы Nmap\SoftPerfect Network Scanner.md","05 Сетевая безопасность\Атаки в лабораторной среде\Альтернативы Nmap\SoftPerfect Network Scanner.md","03 Оценка защищённости\02 Обнаружение поверхности\Альтернативы Nmap\SoftPerfect Network Scanner.md","1082","35399419E67A4A4C9F25957F0570D2937286E7D450AA215E99EFCC32386932AE"
"Сетевые атаки\Альтернативы Nmap\Zenmap.md","05 Сетевая безопасность\Атаки в лабораторной среде\Альтернативы Nmap\Zenmap.md","03 Оценка защищённости\02 Обнаружение поверхности\Альтернативы Nmap\Zenmap.md","577","5EEDC7ADE476C111B93DF82B9C5E0A3DB0BA7250BD58EDEB51D7D36CAEAAF520"
"Сетевые атаки\Альтернативы Nmap\assets\Pasted image 20240705221414.png","05 Сетевая безопасность\Атаки в лабораторной среде\Альтернативы Nmap\assets\Pasted image 20240705221414.png","03 Оценка защищённости\02 Обнаружение поверхности\Альтернативы Nmap\assets\Pasted image 20240705221414.png","290923","D35C75E6E14AD77FD1FBF27802BEF5CEBA26927C9F7EEF642CE65A1B63A2E3DF"
"Сетевые атаки\Альтернативы Nmap\assets\Pasted image 20240705221523.png","05 Сетевая безопасность\Атаки в лабораторной среде\Альтернативы Nmap\assets\Pasted image 20240705221523.png","03 Оценка защищённости\02 Обнаружение поверхности\Альтернативы Nmap\assets\Pasted image 20240705221523.png","272148","491AAE90615ECC08C1E45EA10836924D1F81DE73B64412987A8A5B5CD7991846"
"Сетевые атаки\Альтернативы Nmap\assets\Pasted image 20240705221558.png","05 Сетевая безопасность\Атаки в лабораторной среде\Альтернативы Nmap\assets\Pasted image 20240705221558.png","03 Оценка защищённости\02 Обнаружение поверхности\Альтернативы Nmap\assets\Pasted image 20240705221558.png","159124","3B208C13FCE67D74AB62B7553AAFB105CE37B75BA79BA54256641CB65117FD23"
"Сетевые атаки\Альтернативы Nmap\assets\Pasted image 20240705221633.png","05 Сетевая безопасность\Атаки в лабораторной среде\Альтернативы Nmap\assets\Pasted image 20240705221633.png","03 Оценка защищённости\02 Обнаружение поверхности\Альтернативы Nmap\assets\Pasted image 20240705221633.png","135574","54233D1FF8C13EF76CEE229E766BAA1595D3C5B3D7FAB7BFA0DC482018287105"
"Сетевые атаки\Альтернативы Nmap\assets\Pasted image 20240705221731.png","05 Сетевая безопасность\Атаки в лабораторной среде\Альтернативы Nmap\assets\Pasted image 20240705221731.png","03 Оценка защищённости\02 Обнаружение поверхности\Альтернативы Nmap\assets\Pasted image 20240705221731.png","187556","6DDC7A712D1523205A5A07F201C28F4069CD3F7A4EE75B35CA92AC051FAEA5C6"
"Сканирование сети\Подделка пакетов\Scapy.md","05 Сетевая безопасность\Атаки в лабораторной среде\Подделка пакетов\Scapy.md","05 Сетевая безопасность\Атаки в лабораторной среде\Подделка пакетов\Scapy.md","1882","7F2D08244B7E51B4A3E9D2C569EB8C0B08F91755EE33337860B0B898A30C2272"
"Сканирование сети\Разведка\FOCA.md","02 Разведка и моделирование угроз\FOCA.md","02 Разведка и моделирование угроз\03 Метаданные и документы\FOCA.md","5331","087A4497C240F26978B70F7A5020AA59EB761FCA9939313093F96BB9DBD274F7"
"Сканирование сети\Разведка\GitHub & GitLab поиск по почте.md","02 Разведка и моделирование угроз\GitHub & GitLab поиск по почте.md","02 Разведка и моделирование угроз\04 OSINT по идентификаторам\Поиск email в GitHub и GitLab.md","1119","54E3866E6B515988544E1FB484AC0C96AAD87379A13DE71405827A65C2C889F4"
"Сканирование сети\Разведка\GoogleID && YandexID.md","02 Разведка и моделирование угроз\GoogleID && YandexID.md","02 Разведка и моделирование угроз\04 OSINT по идентификаторам\Google ID и Yandex ID.md","2818","03CA05AA49DFA9BF38BCAAC17989A95D429BBB750B6889325855BA3092850C0F"
"Сканирование сети\Разведка\nslookup.md","02 Разведка и моделирование угроз\nslookup.md","02 Разведка и моделирование угроз\02 DNS и домены\DNS-записи и nslookup.md","2124","C4DC6CC7536B969D4370B4B6595E98C0F8DCD88619393287F44794D1EC48F7CE"
"Сканирование сети\Разведка\определение всей зоны DNS.md","02 Разведка и моделирование угроз\определение всей зоны DNS.md","02 Разведка и моделирование угроз\02 DNS и домены\Перенос зоны DNS.md","1190","9B3191234AA98AD4959EA604AE7B07F7BF53CC5E0A2B714EC985E0FDE927EB65"
"Сканирование сети\Разведка\Поиск по MurMurHash.md","02 Разведка и моделирование угроз\Поиск по MurMurHash.md","02 Разведка и моделирование угроз\05 Фингерпринтинг\Поиск по MurmurHash.md","908","734A2AA1C1F8825A91619A5046526C4283C1C27414A70812FFE94D5E809E0F17"
"Сканирование сети\Разведка\assets\Pasted image 20240706105738.png","02 Разведка и моделирование угроз\assets\Pasted image 20240706105738.png","02 Разведка и моделирование угроз\06 Инструменты\Фреймворки\assets\Pasted image 20240706105738.png","225773","DB550922C27055B9711E608AC4A42B2927A4FC9DF84D8E6AD1530DE69DBE1161"
"Сканирование сети\Разведка\assets\Pasted image 20240707104553.png","02 Разведка и моделирование угроз\assets\Pasted image 20240707104553.png","02 Разведка и моделирование угроз\03 Метаданные и документы\assets\Pasted image 20240707104553.png","542514","D1F04B69DFBCF0AC1E3BD66A7E6DE9910EBA2993E2260A4CE0D5D1023C3F138B"
"Сканирование сети\Разведка\assets\Pasted image 20240707105006.png","02 Разведка и моделирование угроз\assets\Pasted image 20240707105006.png","02 Разведка и моделирование угроз\03 Метаданные и документы\assets\Pasted image 20240707105006.png","452569","26E812857FFCBD433B30167F93A29BED69C5288E4275A6FD0ED04B531825DE68"
"Сканирование сети\Разведка\assets\Pasted image 20240707110538.png","02 Разведка и моделирование угроз\assets\Pasted image 20240707110538.png","02 Разведка и моделирование угроз\02 DNS и домены\assets\Pasted image 20240707110538.png","55386","6A98472796CC668E005C231E8422E23F9E0F055BF53238785717107E8ADE622E"
"Сканирование сети\Разведка\assets\Pasted image 20250130180050.png","02 Разведка и моделирование угроз\assets\Pasted image 20250130180050.png","02 Разведка и моделирование угроз\06 Инструменты\Фреймворки\assets\Pasted image 20250130180050.png","473553","EFE8291D15F2204AC078CA3EC46303AA29FCB149831EE4E6DAC121510B047A9B"
"Сканирование сети\Разведка\assets\Pasted image 20250130180106.png","02 Разведка и моделирование угроз\assets\Pasted image 20250130180106.png","02 Разведка и моделирование угроз\06 Инструменты\Фреймворки\assets\Pasted image 20250130180106.png","283869","BFFB55255BC26DF478B88F1BF4ED99FA4FF44C0D875802AA47B81319995D5E9C"
"Сканирование сети\Разведка\assets\Pasted image 20250130180119.png","02 Разведка и моделирование угроз\assets\Pasted image 20250130180119.png","02 Разведка и моделирование угроз\06 Инструменты\Фреймворки\assets\Pasted image 20250130180119.png","511007","4E724B706CD1994CE0983CF14584E07E3D487C3F805B2EE2EE80BF2AE0E41A41"
"Сканирование сети\Разведка\assets\Pasted image 20250130180128.png","02 Разведка и моделирование угроз\assets\Pasted image 20250130180128.png","02 Разведка и моделирование угроз\06 Инструменты\Фреймворки\assets\Pasted image 20250130180128.png","236453","B0B7B09D0D93F27033000D92ECF57BB269A9EAD29CEB012C2E9DC6C26CB8FFD1"
"Сканирование сети\Разведка\assets\Pasted image 20250130180140.png","02 Разведка и моделирование угроз\assets\Pasted image 20250130180140.png","02 Разведка и моделирование угроз\06 Инструменты\Фреймворки\assets\Pasted image 20250130180140.png","37060","707F1E7940F3A726212B359B3F6CB055774BE9BF1A5583D49EAD75090A3219D6"
"Сканирование сети\Разведка\assets\Pasted image 20250130180159.png","02 Разведка и моделирование угроз\assets\Pasted image 20250130180159.png","02 Разведка и моделирование угроз\06 Инструменты\Фреймворки\assets\Pasted image 20250130180159.png","227673","28E5D937F79FA1EC9CCFEA6A9AA3BC31284831CF2B657CB54F5A9EF902AB2C84"
"Сканирование сети\Разведка\assets\Pasted image 20250130180210.png","02 Разведка и моделирование угроз\assets\Pasted image 20250130180210.png","02 Разведка и моделирование угроз\06 Инструменты\Фреймворки\assets\Pasted image 20250130180210.png","150550","493DCBC2D278DA7855A47DFD89211D459D118A563286C1AF21F8C9044EB5EEA6"
"Сканирование сети\Разведка\assets\Pasted image 20250130180221.png","02 Разведка и моделирование угроз\assets\Pasted image 20250130180221.png","02 Разведка и моделирование угроз\06 Инструменты\Фреймворки\assets\Pasted image 20250130180221.png","230236","2B3C62DA20F491AD1016181950CABFCD4C509E30F6C10EC21E41FA7D0EC1A97E"
"Сканирование сети\Разведка\assets\Pasted image 20250130180242.png","02 Разведка и моделирование угроз\assets\Pasted image 20250130180242.png","02 Разведка и моделирование угроз\06 Инструменты\Фреймворки\assets\Pasted image 20250130180242.png","255185","541B6F6C46DEBB3C4BAFA84D174727921E602786CA9B7E0471C5BF5241E13905"
"Сканирование сети\Разведка\assets\Pasted image 20250130180254.png","02 Разведка и моделирование угроз\assets\Pasted image 20250130180254.png","02 Разведка и моделирование угроз\06 Инструменты\Фреймворки\assets\Pasted image 20250130180254.png","84439","A1601224D1CC571FD5721EC84A06E14DC32B268C2EFE96555635ACBC64AE7C1A"
"Сканирование сети\Разведка\assets\Pasted image 20250130180306.png","02 Разведка и моделирование угроз\assets\Pasted image 20250130180306.png","02 Разведка и моделирование угроз\06 Инструменты\Фреймворки\assets\Pasted image 20250130180306.png","515030","27A1B43EE06271D8AA7DAB691EFACABE73EE7F11F318F31F7F2CE982F6C7ED43"
"Сканирование сети\Разведка\assets\Pasted image 20250418112534.png","02 Разведка и моделирование угроз\assets\Pasted image 20250418112534.png","02 Разведка и моделирование угроз\04 OSINT по идентификаторам\assets\Pasted image 20250418112534.png","70356","A3A16FE4953FF40069E30619DD39769EDD43672E53EBF2A53D5EF9BB17F45899"
"Сканирование сети\Разведка\assets\Pasted image 20250418113322.png","02 Разведка и моделирование угроз\assets\Pasted image 20250418113322.png","02 Разведка и моделирование угроз\04 OSINT по идентификаторам\assets\Pasted image 20250418113322.png","33442","086F28EB76AF3BAA2D3500A93E33C6E1E27D5F7BC5A47B5F9903D609E086E50E"
"Сканирование сети\Разведка\assets\Pasted image 20250418114227.png","02 Разведка и моделирование угроз\assets\Pasted image 20250418114227.png","02 Разведка и моделирование угроз\04 OSINT по идентификаторам\assets\Pasted image 20250418114227.png","505480","96AF3FB3E810570B2B71AA251436F364655F89A3DB996D6B8648C5195A033F42"
"Сканирование сети\Разведка\assets\Pasted image 20250418114441.png","02 Разведка и моделирование угроз\assets\Pasted image 20250418114441.png","02 Разведка и моделирование угроз\04 OSINT по идентификаторам\assets\Pasted image 20250418114441.png","37338","AD67E28FA882A89AF3B4E504EB3AA47631B2780E6963F8BA28CC1C1578F51DA2"
"Сканирование сети\Разведка\assets\Pasted image 20250418115515.png","02 Разведка и моделирование угроз\assets\Pasted image 20250418115515.png","02 Разведка и моделирование угроз\04 OSINT по идентификаторам\assets\Pasted image 20250418115515.png","59777","D0EF3848F759D79B792697D0E9A986344F0AB950085C9D646EA931B7BFE0F1F6"
"Сканирование сети\Разведка\assets\Pasted image 20250418120533.png","02 Разведка и моделирование угроз\assets\Pasted image 20250418120533.png","02 Разведка и моделирование угроз\04 OSINT по идентификаторам\assets\Pasted image 20250418120533.png","100503","35D6BCB07FF113CE489F3B03426375BC8D3ED7FEC33AF7FE8A9A1E8983FECFF7"
"Сканирование сети\Разведка\assets\Pasted image 20250418122918.png","02 Разведка и моделирование угроз\assets\Pasted image 20250418122918.png","02 Разведка и моделирование угроз\04 OSINT по идентификаторам\assets\Pasted image 20250418122918.png","34790","6AC072754D5B3A0D3B23125CFB3FD7D1C2D15B17A328063669906ED62220F34C"
"Сканирование сети\Разведка\assets\Pasted image 20250418123104.png","02 Разведка и моделирование угроз\assets\Pasted image 20250418123104.png","02 Разведка и моделирование угроз\04 OSINT по идентификаторам\assets\Pasted image 20250418123104.png","33853","AAE207D7D2A0B09CBCB803450D3390817570DCBC121DDADC64F46B04BA22E2EF"
"Сканирование сети\Разведка\frameworks\Argus.md","02 Разведка и моделирование угроз\frameworks\Argus.md","02 Разведка и моделирование угроз\06 Инструменты\Фреймворки\Argus.md","4509","9EC95543D6392FC71F7D052AB36B8C2598F0A74AE5F7B7FFD7225EE01E489BC6"
"Сканирование сети\Разведка\frameworks\BBOT.md","02 Разведка и моделирование угроз\frameworks\BBOT.md","02 Разведка и моделирование угроз\06 Инструменты\Фреймворки\BBOT.md","3023","133D0BCAF866FD4B26EBE11423EEE1EDB038D1D7E01216EB009F5B6C56BCD131"
"Сканирование сети\Разведка\frameworks\reconFTW.md","02 Разведка и моделирование угроз\frameworks\reconFTW.md","02 Разведка и моделирование угроз\06 Инструменты\Фреймворки\reconFTW.md","1498","0E48C6D397DFD340B266DBB4563E4F60751520671F1E59E968B6519D5A6FCA6C"
"Сканирование сети\Разведка\frameworks\sn0it.md","02 Разведка и моделирование угроз\frameworks\sn0it.md","02 Разведка и моделирование угроз\06 Инструменты\Фреймворки\sn0int.md","929","B425FAFDF3CC6839EE0BB04B6741B73C11CCCDC5B9D55073C80FF33A1B97B3BB"
"Сканирование сети\Разведка\frameworks\theHarvester.md","02 Разведка и моделирование угроз\frameworks\theHarvester.md","02 Разведка и моделирование угроз\06 Инструменты\Фреймворки\theHarvester.md","5088","56A4E9BC6C814280EC9EA69C3BFC0979190684CD858AB73FD9698B46956C5DDE"
"Сканирование сети\Разведка\frameworks\Uscrapper.md","02 Разведка и моделирование угроз\frameworks\Uscrapper.md","02 Разведка и моделирование угроз\06 Инструменты\Фреймворки\Uscrapper.md","2930","DC4CABA491F3B1F39495B10D61B81F05A873B01194439424290C287AD4570A17"
"Сканирование сети\Разведка\frameworks\Поиск по никнейму\Slash.md","02 Разведка и моделирование угроз\frameworks\Поиск по никнейму\Slash.md","02 Разведка и моделирование угроз\04 OSINT по идентификаторам\Поиск по никнейму\Slash.md","1669","BC881E055E6671B59C7BEE0FEE8FEEEF95203A9EE91321C7B043A694EDB607A7"
"Сканирование сети\Разведка\frameworks\Поиск по никнейму\Snoop.md","02 Разведка и моделирование угроз\frameworks\Поиск по никнейму\Snoop.md","02 Разведка и моделирование угроз\04 OSINT по идентификаторам\Поиск по никнейму\Snoop.md","1010","F0460E1B54A4AE6DB4D46B623F1F19BE92DB7CCCBE7073822F2926E9DF77AF1B"
"Сканирование сети\Сети\API.md","01 Основы\Сети\API.md","04 Безопасность приложений\06 API\Основы API.md","22091","97236A607D124E9E2EB9C1BF091904E9A7F66BCA8713328B1E9488F7AD50E62D"
"Сканирование сети\Сети\NAT.md","01 Основы\Сети\NAT.md","01 Основы\Сети\NAT.md","1043","D8AB712710F57BC1C3E531FD03CAD4056EA1C0F05E9ACDFC56428C4B564B48DA"
"Сканирование сети\Сети\Локальные адреса.md","01 Основы\Сети\Локальные адреса.md","01 Основы\Сети\IP-адреса и специальные диапазоны.md","1496","58EFBA336B92880ADDCCC989845AF3B07E51102E969D9D4D9FE34FCB7B34C62B"
"Сканирование сети\Сети\Порты.md","01 Основы\Сети\Порты.md","01 Основы\Сети\Транспортные порты.md","8124","3DDE8EFD5C97E670E3D12980EAF0578CEE3797E1398A1D052B628E89D44EE037"
"Сканирование сети\Сети\Протоколы удалённого доступа.md","01 Основы\Сети\Протоколы удалённого доступа.md","01 Основы\Сети\Протоколы удалённого доступа.md","2776","5516B0A7DC7795B7AAA8D4D6EB035459A921EA827792DBAFB3A296D3371FA24B"
"Сканирование сети\Сети\Сканирование сети - основа.md","01 Основы\Сети\Сканирование сети - основа.md","03 Оценка защищённости\02 Обнаружение поверхности\Основы сетевого сканирования.md","11457","F441B31B9A5324ADAA208A2753C96C500FB84799B2B23E65B521A2868D73E11C"
"Сканирование сети\Сети\assets\Pasted image 20240614200341.png","01 Основы\Сети\assets\Pasted image 20240614200341.png","04 Безопасность приложений\06 API\assets\Pasted image 20240614200341.png","539509","0C526F9EE3F3942AD7E6FCC2D6FF1B7A9E9553D2BF102B17E79636E548692F6C"
"Сканирование сети\Сети\assets\Pasted image 20240614200357.png","01 Основы\Сети\assets\Pasted image 20240614200357.png","04 Безопасность приложений\06 API\assets\Pasted image 20240614200357.png","496146","EF31D48024ADF71F92DA6E873C1E8912DC5FE21839F9568BBB310DD3F5C7CC5C"
"Сканирование сети\Сети\assets\Pasted image 20240614200520.png","01 Основы\Сети\assets\Pasted image 20240614200520.png","04 Безопасность приложений\06 API\assets\Pasted image 20240614200520.png","1492824","F4DDA666F3211859344ADED84D0FEDDE6EE37318302468642E150BC80A76BC1D"
"Сканирование сети\Сети\assets\Pasted image 20240614200619.png","01 Основы\Сети\assets\Pasted image 20240614200619.png","04 Безопасность приложений\06 API\assets\Pasted image 20240614200619.png","633154","8C35226698589A608D54DDBFE4BD6A2B6F56B04180C269CC6E39E023A0811244"
"Сканирование сети\Сети\assets\Pasted image 20240614200925.png","01 Основы\Сети\assets\Pasted image 20240614200925.png","04 Безопасность приложений\06 API\assets\Pasted image 20240614200925.png","740960","8C114190FFED1D6C0A04CF561B9D6783D025F66F6E4781947CF807966603F7DD"
"Сканирование сети\Сети\assets\Pasted image 20240614201021.png","01 Основы\Сети\assets\Pasted image 20240614201021.png","04 Безопасность приложений\06 API\assets\Pasted image 20240614201021.png","855932","B4C38DD9AAB27A679F9F21F09027587BE34322187B6D69F1971A01F94F2086A7"
"Сканирование сети\Сети\assets\граф IGP EGP.png","01 Основы\Сети\assets\граф IGP EGP.png","01 Основы\Сети\assets\граф IGP EGP.png","920484","E7A1FF277394E2C6A7DEEA6068F09861CEBF24EB76EB514A75E862EAFDD19BA4"
"Сканирование сети\Сети\Динамическая маршрутизая\Введение.md","01 Основы\Сети\Динамическая маршрутизая\Введение.md","01 Основы\Сети\Динамическая маршрутизация.md","1196","A1959F86D6B43DDC571C1ADA365575850D6FCDD2EA5FE10E2CC04A87910B2618"
"Сканирование сети\Сканирование подсети\Базовый пример.md","03 Оценка защищённости\Сканирование сети\Базовый пример.md","05 Сетевая безопасность\Атаки в лабораторной среде\Pivoting\Практикум GOST и Chisel.md","3870","9B4951CFD0FF5A9BE139606827CF60A88D5DF3C980A98AD572FE2711EBBE571F"
"Сканирование сети\Сканирование подсети\Проброс трафика.md","03 Оценка защищённости\Сканирование сети\Проброс трафика.md","05 Сетевая безопасность\Атаки в лабораторной среде\Pivoting\Туннелирование и проброс трафика.md","20616","E00D28FF6CA68F07EF352BAA1DF6DD5379B649780A605F9A6998E1132D4E8000"
"Сканирование сети\Сканирование подсети\assets\Pasted image 20240409144850.png","03 Оценка защищённости\Сканирование сети\assets\Pasted image 20240409144850.png","05 Сетевая безопасность\Атаки в лабораторной среде\Pivoting\assets\Pasted image 20240409144850.png","50941","51ABEEB76C7C0EA0A98578A08D6E7A2224CADC681A25550C37E64E00505B9760"
"Сканирование сети\Сканирование подсети\assets\Pasted image 20240409145148.png","03 Оценка защищённости\Сканирование сети\assets\Pasted image 20240409145148.png","05 Сетевая безопасность\Атаки в лабораторной среде\Pivoting\assets\Pasted image 20240409145148.png","46075","2A0AF589A73574DA7DA3ECCC134057F34CED24A33E1B0E56B162109BD4C5068B"
"Сканирование сети\Сканирование уязвимостей\CVEScannerV2.md","03 Оценка защищённости\Сканирование уязвимостей\CVEScannerV2.md","03 Оценка защищённости\03 Сканеры уязвимостей\Автоматизация\CVEScannerV2.md","916","6F7C512840504FBAAB5B4796DDB4DAA67B4B2A287072BDA61B02A169F5C1ECA4"
"Сканирование сети\Сканирование уязвимостей\Введение.md","03 Оценка защищённости\Сканирование уязвимостей\Введение.md","03 Оценка защищённости\03 Сканеры уязвимостей\Каталог исходных инструментов.md","7437","07759581BEBB4269102D3CF1E53C4572C48E07D9F6FE44E135863B94D93597F0"
"Сканирование сети\Сканирование уязвимостей\Инструментарий.md","03 Оценка защищённости\Сканирование уязвимостей\Инструментарий.md","06 Безопасность систем\Повышение привилегий\Инструменты перечисления.md","2923","155EC473EEFBACF92EA9DD69F1822D7AB2E4352BCB9C19C3BF4DE83B172EDFF3"
"Сканирование сети\Сканирование уязвимостей\assets\joomscan.png","03 Оценка защищённости\Сканирование уязвимостей\assets\joomscan.png","03 Оценка защищённости\03 Сканеры уязвимостей\CMS\assets\joomscan.png","76356","5CF411DEC1FE6B8862DBB355850AC80E0C795A5B2DC246857A4B5911522C78F4"
"Сканирование сети\Сканирование уязвимостей\assets\openVAS.png","03 Оценка защищённости\Сканирование уязвимостей\assets\openVAS.png","03 Оценка защищённости\03 Сканеры уязвимостей\Инфраструктура\assets\openVAS.png","82516","BB4942CD528A5BFFA3FCC54C2D7B94B3FC0181725B405EC98FAED33A132EE5AA"
"Сканирование сети\Сканирование уязвимостей\assets\Pasted image 20240629101722.png","03 Оценка защищённости\Сканирование уязвимостей\assets\Pasted image 20240629101722.png","03 Оценка защищённости\03 Сканеры уязвимостей\Инфраструктура\assets\Pasted image 20240629101722.png","110423","B54B33EF24F665DC1B6E196C618E0010FA4F6CA02DAB449A28548139C22A3A6C"
"Сканирование сети\Сканирование уязвимостей\assets\Pasted image 20240629101733.png","03 Оценка защищённости\Сканирование уязвимостей\assets\Pasted image 20240629101733.png","03 Оценка защищённости\03 Сканеры уязвимостей\Инфраструктура\assets\Pasted image 20240629101733.png","94752","1D3B74E0D6F149AF8C374086097DF355F4EA4537A4CDF0934881D78EF1699C92"
"Сканирование сети\Сканирование уязвимостей\assets\Pasted image 20240629101823.png","03 Оценка защищённости\Сканирование уязвимостей\assets\Pasted image 20240629101823.png","03 Оценка защищённости\03 Сканеры уязвимостей\Инфраструктура\assets\Pasted image 20240629101823.png","282596","5E288295006E77D3013E6B81A3B7511D05BD6FDE74D2179C54F38948223B859D"
"Сканирование сети\Сканирование уязвимостей\assets\Pasted image 20240629101900.png","03 Оценка защищённости\Сканирование уязвимостей\assets\Pasted image 20240629101900.png","03 Оценка защищённости\03 Сканеры уязвимостей\Инфраструктура\assets\Pasted image 20240629101900.png","108994","A760DCF6035DEE132C5E2936B162B011C78E4F00D4084FB1B446CB1BF9F21CC1"
"Сканирование сети\Сканирование уязвимостей\assets\Pasted image 20240629101934.png","03 Оценка защищённости\Сканирование уязвимостей\assets\Pasted image 20240629101934.png","03 Оценка защищённости\03 Сканеры уязвимостей\Инфраструктура\assets\Pasted image 20240629101934.png","851211","F54C4B1B0111E4F3DE858148576E1EF8D76BC2D353CC5237B7FD437BCD2680C9"
"Сканирование сети\Сканирование уязвимостей\assets\Pasted image 20240629102010.png","03 Оценка защищённости\Сканирование уязвимостей\assets\Pasted image 20240629102010.png","03 Оценка защищённости\03 Сканеры уязвимостей\Инфраструктура\assets\Pasted image 20240629102010.png","180415","C8290D010F2FAB47FA2059830B79EBFF408B10183DC869568D035A893F8E2E73"
"Сканирование сети\Сканирование уязвимостей\assets\Pasted image 20240629102054.png","03 Оценка защищённости\Сканирование уязвимостей\assets\Pasted image 20240629102054.png","03 Оценка защищённости\03 Сканеры уязвимостей\Инфраструктура\assets\Pasted image 20240629102054.png","690936","1DCE9D10AB294F66CD0804B353E932EEFFC05EC80E4F71F7485244495C84F85C"
"Сканирование сети\Сканирование уязвимостей\assets\Pasted image 20240629102116.png","03 Оценка защищённости\Сканирование уязвимостей\assets\Pasted image 20240629102116.png","03 Оценка защищённости\03 Сканеры уязвимостей\Инфраструктура\assets\Pasted image 20240629102116.png","114206","204628F35E98F921AD8AC50B7D172A34A9C76FCD6C3BBBF9E0147A231DF9C835"
"Сканирование сети\Сканирование уязвимостей\assets\Pasted image 20240629102532.png","03 Оценка защищённости\Сканирование уязвимостей\assets\Pasted image 20240629102532.png","03 Оценка защищённости\03 Сканеры уязвимостей\Инфраструктура\assets\Pasted image 20240629102532.png","93454","EAC203EFE16E096119EA3C62571C5BB3405DD2CB9BF2D37CC3D315CDFF4F4B3E"
"Сканирование сети\Сканирование уязвимостей\assets\Pasted image 20240629102754.png","03 Оценка защищённости\Сканирование уязвимостей\assets\Pasted image 20240629102754.png","03 Оценка защищённости\03 Сканеры уязвимостей\Инфраструктура\assets\Pasted image 20240629102754.png","43391","86FEA2F1CF5F894AFB0AFBE7AA799A3DC23E747F6EE61137906D4B4D9C0768AA"
"Сканирование сети\Сканирование уязвимостей\assets\Pasted image 20240629102808.png","03 Оценка защищённости\Сканирование уязвимостей\assets\Pasted image 20240629102808.png","03 Оценка защищённости\03 Сканеры уязвимостей\Инфраструктура\assets\Pasted image 20240629102808.png","10479","48D57D577ECC4A8AD7AEA73815EEC8167F7AED6D8918C04034D6FFADEDCED495"
"Сканирование сети\Сканирование уязвимостей\assets\Pasted image 20240629102831.png","03 Оценка защищённости\Сканирование уязвимостей\assets\Pasted image 20240629102831.png","03 Оценка защищённости\03 Сканеры уязвимостей\Инфраструктура\assets\Pasted image 20240629102831.png","110481","C6631621F8290D80722775BF365627DDD560CDB4D33730C51F5DD67EB558052C"
"Сканирование сети\Сканирование уязвимостей\assets\Pasted image 20240629103531.png","03 Оценка защищённости\Сканирование уязвимостей\assets\Pasted image 20240629103531.png","03 Оценка защищённости\03 Сканеры уязвимостей\Инфраструктура\assets\Pasted image 20240629103531.png","42293","B86F12215D64EA6196E22265DB847DA30FFA9F60DBA9264FA326798EB42A8DCC"
"Сканирование сети\Сканирование уязвимостей\assets\Pasted image 20240629103944.png","03 Оценка защищённости\Сканирование уязвимостей\assets\Pasted image 20240629103944.png","03 Оценка защищённости\03 Сканеры уязвимостей\Инфраструктура\assets\Pasted image 20240629103944.png","19841","C01758CCB1E31F73D7DBFB247E889BB478D6971BEEF620150F546240C8A5B0BF"
"Сканирование сети\Сканирование уязвимостей\assets\Pasted image 20240629104042.png","03 Оценка защищённости\Сканирование уязвимостей\assets\Pasted image 20240629104042.png","03 Оценка защищённости\03 Сканеры уязвимостей\Инфраструктура\assets\Pasted image 20240629104042.png","22446","6738AB45EE8EE6F226D1931F052A384A8CDBD69F9354B017B344B24B9B5BEAA5"
"Сканирование сети\Сканирование уязвимостей\assets\Pasted image 20240629105208.png","03 Оценка защищённости\Сканирование уязвимостей\assets\Pasted image 20240629105208.png","03 Оценка защищённости\03 Сканеры уязвимостей\Инфраструктура\assets\Pasted image 20240629105208.png","36993","164CDB881D614EE9E6C4D919E922888B75B93719348C9406CA82EABFF98F2662"
"Сканирование сети\Сканирование уязвимостей\assets\Pasted image 20240629105321.png","03 Оценка защищённости\Сканирование уязвимостей\assets\Pasted image 20240629105321.png","03 Оценка защищённости\03 Сканеры уязвимостей\Инфраструктура\assets\Pasted image 20240629105321.png","223316","3B3E5DAC59CBB5C0FB1BC7B2F510FE71F62A444DC96D890C71CC2C472912050B"
"Сканирование сети\Сканирование уязвимостей\assets\Pasted image 20240629105355.png","03 Оценка защищённости\Сканирование уязвимостей\assets\Pasted image 20240629105355.png","03 Оценка защищённости\03 Сканеры уязвимостей\Инфраструктура\assets\Pasted image 20240629105355.png","662976","E15280F7641CD66A614D91FAD83036104761CD4C8752F0D48C14703F193D8294"
"Сканирование сети\Сканирование уязвимостей\assets\Pasted image 20240629105447.png","03 Оценка защищённости\Сканирование уязвимостей\assets\Pasted image 20240629105447.png","03 Оценка защищённости\03 Сканеры уязвимостей\Инфраструктура\assets\Pasted image 20240629105447.png","180002","9234FE915CC5E24F3A08A8283E60158048D37067923EBE7A08F66C4D0488B3FE"
"Сканирование сети\Сканирование уязвимостей\assets\Pasted image 20240629105632.png","03 Оценка защищённости\Сканирование уязвимостей\assets\Pasted image 20240629105632.png","03 Оценка защищённости\03 Сканеры уязвимостей\Инфраструктура\assets\Pasted image 20240629105632.png","549691","D9543F4DE10D88F84499DDDD042A9E9EA0F769B5EFBDAAEEA01B304ADEA86DF5"
"Сканирование сети\Сканирование уязвимостей\assets\Pasted image 20240629105821.png","03 Оценка защищённости\Сканирование уязвимостей\assets\Pasted image 20240629105821.png","03 Оценка защищённости\03 Сканеры уязвимостей\Инфраструктура\assets\Pasted image 20240629105821.png","428426","EE0C327023F94FCEF353BEC16711422F562D0C5C6A20D764B5B91C8BCC669440"
"Сканирование сети\Сканирование уязвимостей\assets\Pasted image 20240629110221.png","03 Оценка защищённости\Сканирование уязвимостей\assets\Pasted image 20240629110221.png","03 Оценка защищённости\03 Сканеры уязвимостей\Инфраструктура\assets\Pasted image 20240629110221.png","450148","168231F3215FAE313793CBACAE49498A94879F890AA467591081A6861C1CFD9D"
"Сканирование сети\Сканирование уязвимостей\assets\Pasted image 20240629110325.png","03 Оценка защищённости\Сканирование уязвимостей\assets\Pasted image 20240629110325.png","03 Оценка защищённости\03 Сканеры уязвимостей\Инфраструктура\assets\Pasted image 20240629110325.png","280674","99E51A09D4C84636AE69B19B1DFF195576F2611CA163C546D02FCD1BA41C52BE"
"Сканирование сети\Сканирование уязвимостей\assets\Pasted image 20240629110357.png","03 Оценка защищённости\Сканирование уязвимостей\assets\Pasted image 20240629110357.png","03 Оценка защищённости\03 Сканеры уязвимостей\Инфраструктура\assets\Pasted image 20240629110357.png","273876","F0481874E5EBCC2605688784DE6342FFF999057D26C673B89126DDD9AAEAC30D"
"Сканирование сети\Сканирование уязвимостей\assets\Pasted image 20240629110503.png","03 Оценка защищённости\Сканирование уязвимостей\assets\Pasted image 20240629110503.png","03 Оценка защищённости\03 Сканеры уязвимостей\Инфраструктура\assets\Pasted image 20240629110503.png","211575","13E3C13BEF732AB9D3C55680A1D7666D76A346FEAC2F1536F346E6AC2921457A"
"Сканирование сети\Сканирование уязвимостей\assets\Pasted image 20240629110520.png","03 Оценка защищённости\Сканирование уязвимостей\assets\Pasted image 20240629110520.png","03 Оценка защищённости\03 Сканеры уязвимостей\Инфраструктура\assets\Pasted image 20240629110520.png","570527","14412EFDF4DA46F4533E1BC1CFDB4B4D8C9C33A76A5ECCEBD663981803210457"
"Сканирование сети\Сканирование уязвимостей\assets\Pasted image 20240629110558.png","03 Оценка защищённости\Сканирование уязвимостей\assets\Pasted image 20240629110558.png","03 Оценка защищённости\03 Сканеры уязвимостей\Инфраструктура\assets\Pasted image 20240629110558.png","728918","B92294440C1DD9DAA57E7D87FC309A4ADD7F58BF4A82C1DE0EBA44DB8DFD382D"
"Сканирование сети\Сканирование уязвимостей\assets\Pasted image 20240629113411.png","03 Оценка защищённости\Сканирование уязвимостей\assets\Pasted image 20240629113411.png","03 Оценка защищённости\03 Сканеры уязвимостей\Инфраструктура\assets\Pasted image 20240629113411.png","156617","6E025F60F11B9EBF3BCAC32745406BAF5E66B95C09A9B32ACC4D84181CEF2F09"
"Сканирование сети\Сканирование уязвимостей\assets\Pasted image 20240629113616.png","03 Оценка защищённости\Сканирование уязвимостей\assets\Pasted image 20240629113616.png","03 Оценка защищённости\03 Сканеры уязвимостей\Инфраструктура\assets\Pasted image 20240629113616.png","163679","326C47565B28BD4FE271B04DC70F02FFDC3CC71D03F3B4AAB2AC3AF72B7C3420"
"Сканирование сети\Сканирование уязвимостей\assets\Pasted image 20240629113644.png","03 Оценка защищённости\Сканирование уязвимостей\assets\Pasted image 20240629113644.png","03 Оценка защищённости\03 Сканеры уязвимостей\Инфраструктура\assets\Pasted image 20240629113644.png","164776","A06219AC7C288C077AEE058AFAF6E96E53363A6849CC04605736F7F9A963C3B9"
"Сканирование сети\Сканирование уязвимостей\assets\Pasted image 20240629113728.png","03 Оценка защищённости\Сканирование уязвимостей\assets\Pasted image 20240629113728.png","03 Оценка защищённости\03 Сканеры уязвимостей\Инфраструктура\assets\Pasted image 20240629113728.png","146115","4DBBFDACD39BE04AC0CB91AD22938DC693BE396F9F2CC58B8027965B35C05F7A"
"Сканирование сети\Сканирование уязвимостей\assets\Pasted image 20240629113804.png","03 Оценка защищённости\Сканирование уязвимостей\assets\Pasted image 20240629113804.png","03 Оценка защищённости\03 Сканеры уязвимостей\Инфраструктура\assets\Pasted image 20240629113804.png","101638","A8AD06EDF34BC9018BD39BAE43D6350C92972F2917E2151226CCD6E4C5D83FD8"
"Сканирование сети\Сканирование уязвимостей\assets\Pasted image 20240629113825.png","03 Оценка защищённости\Сканирование уязвимостей\assets\Pasted image 20240629113825.png","03 Оценка защищённости\03 Сканеры уязвимостей\Инфраструктура\assets\Pasted image 20240629113825.png","198157","8CC2F51DB6B18E1C4D91BD360B4D642F215B37D5607C4B0438C99E0B392E057A"
"Сканирование сети\Сканирование уязвимостей\assets\Pasted image 20240629113852.png","03 Оценка защищённости\Сканирование уязвимостей\assets\Pasted image 20240629113852.png","03 Оценка защищённости\03 Сканеры уязвимостей\Инфраструктура\assets\Pasted image 20240629113852.png","121310","0BE112EB379BA10BF51A39A5639CEE1FEDE5AE89B1D2F6370082CFCD2E5EDA7F"
"Сканирование сети\Сканирование уязвимостей\assets\Pasted image 20240629113905.png","03 Оценка защищённости\Сканирование уязвимостей\assets\Pasted image 20240629113905.png","03 Оценка защищённости\03 Сканеры уязвимостей\Инфраструктура\assets\Pasted image 20240629113905.png","109721","BAF6EA3027B73FDC9F83B211B3CAD915953F95F2311BDA2D7FC43556313A78FC"
"Сканирование сети\Сканирование уязвимостей\assets\Pasted image 20240629114013.png","03 Оценка защищённости\Сканирование уязвимостей\assets\Pasted image 20240629114013.png","03 Оценка защищённости\03 Сканеры уязвимостей\Инфраструктура\assets\Pasted image 20240629114013.png","238412","B9C36672F178892AFBDA637DE1A0B74A0381662346733C7784988DD01687416A"
"Сканирование сети\Сканирование уязвимостей\assets\Pasted image 20240629114027.png","03 Оценка защищённости\Сканирование уязвимостей\assets\Pasted image 20240629114027.png","03 Оценка защищённости\03 Сканеры уязвимостей\Инфраструктура\assets\Pasted image 20240629114027.png","132193","7C5C6C2A387E9D272129DA1B21611CC07BF80DB15C0B6DE5DAF689AC226936F1"
"Сканирование сети\Сканирование уязвимостей\assets\Pasted image 20240629114040.png","03 Оценка защищённости\Сканирование уязвимостей\assets\Pasted image 20240629114040.png","03 Оценка защищённости\03 Сканеры уязвимостей\Инфраструктура\assets\Pasted image 20240629114040.png","126226","AAC7516F980DA0DFFC435863434440E6555CBFCCF0B9E38C15938210B093C981"
"Сканирование сети\Сканирование уязвимостей\assets\Pasted image 20240629114050.png","03 Оценка защищённости\Сканирование уязвимостей\assets\Pasted image 20240629114050.png","03 Оценка защищённости\03 Сканеры уязвимостей\Инфраструктура\assets\Pasted image 20240629114050.png","141067","7C4625174779B7141AA5B212417FDE9FAE34EEDEF9FD6273D4C2F6A13211137F"
"Сканирование сети\Сканирование уязвимостей\assets\Pasted image 20240629114100.png","03 Оценка защищённости\Сканирование уязвимостей\assets\Pasted image 20240629114100.png","03 Оценка защищённости\03 Сканеры уязвимостей\Инфраструктура\assets\Pasted image 20240629114100.png","135580","1A0425AD1EA2A6A5C414EEE2C01BC6669A320C985805E208FEA01D6AD4CEECE1"
"Сканирование сети\Сканирование уязвимостей\assets\Pasted image 20240629114116.png","03 Оценка защищённости\Сканирование уязвимостей\assets\Pasted image 20240629114116.png","03 Оценка защищённости\03 Сканеры уязвимостей\Инфраструктура\assets\Pasted image 20240629114116.png","17937","765002D732D49AF48618849B723A68E333FBE36D7A6CDB2BF64B21ED19FE4447"
"Сканирование сети\Сканирование уязвимостей\assets\Pasted image 20240629114158.png","03 Оценка защищённости\Сканирование уязвимостей\assets\Pasted image 20240629114158.png","03 Оценка защищённости\03 Сканеры уязвимостей\Инфраструктура\assets\Pasted image 20240629114158.png","152091","0670808296B0A22278BFAF22FEBDD09817A0536816A46DB221478F280DBFDE20"
"Сканирование сети\Сканирование уязвимостей\assets\Pasted image 20240629114225.png","03 Оценка защищённости\Сканирование уязвимостей\assets\Pasted image 20240629114225.png","03 Оценка защищённости\03 Сканеры уязвимостей\Инфраструктура\assets\Pasted image 20240629114225.png","165828","DB795279FADA38AEFCA9E7799B5BF407175D61E3101F5E31B4DF4A2101386884"
"Сканирование сети\Сканирование уязвимостей\assets\Pasted image 20240629114247.png","03 Оценка защищённости\Сканирование уязвимостей\assets\Pasted image 20240629114247.png","03 Оценка защищённости\03 Сканеры уязвимостей\Инфраструктура\assets\Pasted image 20240629114247.png","149959","94B18B1822E7418B1D6D3431AAF8DB08C1D410EB159F7DF31B8F6D5297275454"
"Сканирование сети\Сканирование уязвимостей\assets\Pasted image 20240629114303.png","03 Оценка защищённости\Сканирование уязвимостей\assets\Pasted image 20240629114303.png","03 Оценка защищённости\03 Сканеры уязвимостей\Инфраструктура\assets\Pasted image 20240629114303.png","33757","285D7DEF716B2617692A6C0FE40A632E16E28C4F30B67EAD2247DC3EB1B38BB9"
"Сканирование сети\Сканирование уязвимостей\assets\Pasted image 20240629182342.png","03 Оценка защищённости\Сканирование уязвимостей\assets\Pasted image 20240629182342.png","03 Оценка защищённости\03 Сканеры уязвимостей\Web\assets\Pasted image 20240629182342.png","457173","FCA8B4CFBB28EC7C48C6F16EC1986E3F38327055C03618D9B385ACF0E083218B"
"Сканирование сети\Сканирование уязвимостей\assets\Pasted image 20240629182422.png","03 Оценка защищённости\Сканирование уязвимостей\assets\Pasted image 20240629182422.png","03 Оценка защищённости\03 Сканеры уязвимостей\Web\assets\Pasted image 20240629182422.png","53247","A31C9BEF9B2DFB16FF8EB1989072EA15AA32D79C81B4118AC5FFBEE67A5428C7"
"Сканирование сети\Сканирование уязвимостей\assets\Pasted image 20240629182517.png","03 Оценка защищённости\Сканирование уязвимостей\assets\Pasted image 20240629182517.png","03 Оценка защищённости\03 Сканеры уязвимостей\Web\assets\Pasted image 20240629182517.png","13159","F8A9D1817055F2E27D36C00AC11C63CBDA592B882153CD264E491BEE4D95E697"
"Сканирование сети\Сканирование уязвимостей\assets\Pasted image 20240629182645.png","03 Оценка защищённости\Сканирование уязвимостей\assets\Pasted image 20240629182645.png","03 Оценка защищённости\03 Сканеры уязвимостей\Web\assets\Pasted image 20240629182645.png","293956","B0FB4471F14E53EF7A058F652C3CC389704028F5B054964F1D2C6DF505D68780"
"Сканирование сети\Сканирование уязвимостей\assets\Pasted image 20240629182717.png","03 Оценка защищённости\Сканирование уязвимостей\assets\Pasted image 20240629182717.png","03 Оценка защищённости\03 Сканеры уязвимостей\Web\assets\Pasted image 20240629182717.png","47686","2964D5C4E876B2609DB30843BD64E871AE0AA40E4C4339B0436A56D573B6850E"
"Сканирование сети\Сканирование уязвимостей\assets\Pasted image 20240630093625.png","03 Оценка защищённости\Сканирование уязвимостей\assets\Pasted image 20240630093625.png","05 Сетевая безопасность\Атаки в лабораторной среде\assets\Pasted image 20240630093625.png","14205","23F70FD7811E6314ADAD1AB07FEF6340E8432C3CECCDDDD9355319EDD4C8EAB3"
"Сканирование сети\Сканирование уязвимостей\assets\Pasted image 20240630093742.png","03 Оценка защищённости\Сканирование уязвимостей\assets\Pasted image 20240630093742.png","05 Сетевая безопасность\Атаки в лабораторной среде\assets\Pasted image 20240630093742.png","12952","061E3B1213896F53182CD3D24D99819018F6FCC8F04A935FCB5317A7E97EAC37"
"Сканирование сети\Сканирование уязвимостей\assets\Pasted image 20240630093822.png","03 Оценка защищённости\Сканирование уязвимостей\assets\Pasted image 20240630093822.png","05 Сетевая безопасность\Атаки в лабораторной среде\assets\Pasted image 20240630093822.png","43702","0A0D92A62C0AD44B894769314D4FAAA247D5F6CF71EC73CF2938924CE2F61AED"
"Сканирование сети\Сканирование уязвимостей\assets\Pasted image 20240630093920.png","03 Оценка защищённости\Сканирование уязвимостей\assets\Pasted image 20240630093920.png","05 Сетевая безопасность\Атаки в лабораторной среде\assets\Pasted image 20240630093920.png","9636","FE5DD7EE0656E95C8CC174CF1B2C829F5E70DA1EEEFF0BEC6F1A3E8040A64A34"
"Сканирование сети\Сканирование уязвимостей\assets\Pasted image 20260122181338.png","03 Оценка защищённости\Сканирование уязвимостей\assets\Pasted image 20260122181338.png","03 Оценка защищённости\03 Сканеры уязвимостей\Автоматизация\assets\Pasted image 20260122181338.png","778566","AF0D79ADB4CEF7655C7ACF5FB8CAF5E544A558F2DF12691A32D5B337FA6C5E70"
"Сканирование сети\Сканирование уязвимостей\CMS scanners\CMSMap.md","03 Оценка защищённости\Сканирование уязвимостей\CMS scanners\CMSMap.md","03 Оценка защищённости\03 Сканеры уязвимостей\CMS\CMSMap.md","2927","6D9C27B981FDEBB8BAAF316AA658AC0E53F1E712AF58E566C1CE10CA7330FCFD"
"Сканирование сети\Сканирование уязвимостей\CMS scanners\DROOPESCAN.md","03 Оценка защищённости\Сканирование уязвимостей\CMS scanners\DROOPESCAN.md","03 Оценка защищённости\03 Сканеры уязвимостей\CMS\Droopescan.md","1423","9EDD3580B08163FB5CE9D46641A36B03FC04DC8CC62B6F87FDA7061982944DCC"
"Сканирование сети\Сканирование уязвимостей\CMS scanners\JOOMSCAN.md","03 Оценка защищённости\Сканирование уязвимостей\CMS scanners\JOOMSCAN.md","03 Оценка защищённости\03 Сканеры уязвимостей\CMS\JoomScan.md","1820","9D890BA145BD71C526BB57873F958858FCD6F3E8D1A1849FC7FC872450A8C12C"
"Сканирование сети\Сканирование уязвимостей\CMS scanners\WPScan.md","03 Оценка защищённости\Сканирование уязвимостей\CMS scanners\WPScan.md","03 Оценка защищённости\03 Сканеры уязвимостей\CMS\WPScan.md","3090","BCEED3CFD1CF49F0347ADD1AD616187B1054A4DD56F48D587AC840D9B3AD8475"
"Сканирование сети\Сканирование уязвимостей\K8s scanners\Kube-hunter.md","03 Оценка защищённости\Сканирование уязвимостей\K8s scanners\Kube-hunter.md","03 Оценка защищённости\03 Сканеры уязвимостей\Контейнеры и Kubernetes\kube-hunter.md","4347","096AD044CA010FF61BB2C98831D65953CF43ADD8E996CAFAEA4AD11C578C5990"
"Сканирование сети\Сканирование уязвимостей\K8s scanners\Trivy.md","03 Оценка защищённости\Сканирование уязвимостей\K8s scanners\Trivy.md","03 Оценка защищённости\03 Сканеры уязвимостей\Контейнеры и Kubernetes\Trivy.md","2529","AC5865CD096B4510B4E515C56BDCD622878FEDCDB42A66B3F57E8CFB8414D67C"
"Сканирование сети\Сканирование уязвимостей\Mobile scanners\QARK.md","03 Оценка защищённости\Сканирование уязвимостей\Mobile scanners\QARK.md","03 Оценка защищённости\03 Сканеры уязвимостей\Mobile\QARK.md","2662","A2F57B86C81C93AAF9568A6C29DF63A1FC38C651F1BEF77F241C0F9A87A518FF"
"Сканирование сети\Сканирование уязвимостей\network scanners\JOK3R.md","03 Оценка защищённости\Сканирование уязвимостей\network scanners\JOK3R.md","03 Оценка защищённости\03 Сканеры уязвимостей\Инфраструктура\JOK3R.md","5483","DB3CD078032AF2E90FD30DA536226231854ACC11B0332B082428C27B077DB481"
"Сканирование сети\Сканирование уязвимостей\network scanners\Nessus.md","03 Оценка защищённости\Сканирование уязвимостей\network scanners\Nessus.md","03 Оценка защищённости\03 Сканеры уязвимостей\Инфраструктура\Nessus.md","9653","A276412C7B47816DFC7004195807E7F798B1130E94DF352239B1CAB3F2F83D79"
"Сканирование сети\Сканирование уязвимостей\network scanners\Nuclei.md","03 Оценка защищённости\Сканирование уязвимостей\network scanners\Nuclei.md","03 Оценка защищённости\03 Сканеры уязвимостей\Автоматизация\Nuclei.md","12740","E3618EF613127D0EDD101DF6B37D9CD4439A86173EA99CE79E9FD314DDD23D68"
"Сканирование сети\Сканирование уязвимостей\network scanners\openVAS.md","03 Оценка защищённости\Сканирование уязвимостей\network scanners\openVAS.md","03 Оценка защищённости\03 Сканеры уязвимостей\Инфраструктура\OpenVAS GVM.md","19299","19A1139FE857DCFA9FF12E0C192099148201259AC14B11F8667FC0E71A195D90"
"Сканирование сети\Сканирование уязвимостей\network scanners\Sn1per.md","03 Оценка защищённости\Сканирование уязвимостей\network scanners\Sn1per.md","03 Оценка защищённости\03 Сканеры уязвимостей\Автоматизация\Sn1per.md","4249","1C458C7A7160D7CB8A120E2CC679C812420719EA303AA253E2881DCB78CCEFA2"
"Сканирование сети\Сканирование уязвимостей\Web scanners & Web vulnerability\Back-Me-Up.md","03 Оценка защищённости\Сканирование уязвимостей\Web scanners & Web vulnerability\Back-Me-Up.md","03 Оценка защищённости\03 Сканеры уязвимостей\Web\Back-Me-Up.md","5406","1C356574AD06176710499AD6A47C15574DFF0D1579991EC5CC52BEC31F3F9470"
"Сканирование сети\Сканирование уязвимостей\Web scanners & Web vulnerability\BBOT.md","03 Оценка защищённости\Сканирование уязвимостей\Web scanners & Web vulnerability\BBOT.md","02 Разведка и моделирование угроз\06 Инструменты\Фреймворки\BBOT.md","111","2634F3E8B559A1ADBF86CEB71B080CB2A9BABB8FB9B85FBAA21A33EDE7631E93"
"Сканирование сети\Сканирование уязвимостей\Web scanners & Web vulnerability\Metasploit.md","03 Оценка защищённости\Сканирование уязвимостей\Web scanners & Web vulnerability\Metasploit.md","05 Сетевая безопасность\Атаки в лабораторной среде\Metasploit — дополнительные материалы.md","3742","A3F1C0D963A9DAC75DCD9D242CFD0A0B4127C8A68032F2738B2F0439D7D1B73E"
"Сканирование сети\Сканирование уязвимостей\Web scanners & Web vulnerability\NIKTO.md","03 Оценка защищённости\Сканирование уязвимостей\Web scanners & Web vulnerability\NIKTO.md","03 Оценка защищённости\03 Сканеры уязвимостей\Web\Nikto.md","3195","AF32751EADACCA6FE7DB1B36AF38B8DE8EAA8542280B348AF1F016D43B3B589D"
"Сканирование сети\Сканирование уязвимостей\Web scanners & Web vulnerability\Vega.md","03 Оценка защищённости\Сканирование уязвимостей\Web scanners & Web vulnerability\Vega.md","03 Оценка защищённости\03 Сканеры уязвимостей\Web\Vega.md","2066","087FB14A51BBF4183E255E6005059A458F931B19BF73A8634A8CD88A5CA7CDC1"
"Сканирование сети\Сканирование уязвимостей\Web scanners & Web vulnerability\Wapiti.md","03 Оценка защищённости\Сканирование уязвимостей\Web scanners & Web vulnerability\Wapiti.md","03 Оценка защищённости\03 Сканеры уязвимостей\Web\Wapiti.md","8400","20C772A1C583084934C734B099721385A6B3002CC8705AF9C9799F998870BC80"
"Сканирование сети\Сканирование уязвимостей\Web scanners & Web vulnerability\Web vulnerabilitys - help.md","03 Оценка защищённости\Сканирование уязвимостей\Web scanners & Web vulnerability\Web vulnerabilitys - help.md","03 Оценка защищённости\05 Работа с результатами\HTTP-заголовки — памятка.md","370","0B7DBF571D09593DAE505469FC98E9BA1EB97E55641C57E9C74F93A7C8025E84"
"Сканирование сети\Сканирование уязвимостей\Web scanners & Web vulnerability\Whatweb.md","03 Оценка защищённости\Сканирование уязвимостей\Web scanners & Web vulnerability\Whatweb.md","03 Оценка защищённости\02 Обнаружение поверхности\WhatWeb.md","166","1EFFC149033D4320D406B9B3E11F6835F064609326CF3AB8B7E760179271C4C3"
"Социальная инженерия\Social engineer Toolkit.md","08 Человеческий фактор\Социальная инженерия\Social engineer Toolkit.md","08 Человеческий фактор\04 Инструменты симуляций\Social-Engineer Toolkit.md","3012","17194E11AA0BC2B055FDEEA0C87CFFCB47477BAAA5A1DD7158775B73E2ECE735"
"Техники\Web vulnerabitiry.md","04 Безопасность приложений\Web — обзор.md","10 Справочники\Внешние источники\Web CTF Cheatsheet.md","46","48CC90919564F77F71BD74B5D3D4B33A5E76B788EE9276DF1D734FBCFDA90888"
"Техники\Анализ .git директивы.md","03 Оценка защищённости\Анализ раскрытых Git-репозиториев.md","03 Оценка защищённости\02 Обнаружение поверхности\Анализ раскрытых Git-репозиториев.md","1738","4ACD2B59FA173F562E9CDBCEDE8BF2A83BE3BAD45A1A148917AB4CF1A1234198"
"Техники\Bruteforce\URL.md","03 Оценка защищённости\Аудит учётных данных\URL.md","02 Разведка и моделирование угроз\02 DNS и домены\Перебор поддоменов.md | 03 Оценка защищённости\02 Обнаружение поверхности\Обнаружение веб-контента.md","12580","CF1BBC891FB2E1B8CE76F9D4454EC6E93B76C915C5A98599313943B2DED2D6BC"
"Техники\Bruteforce\Wordlists.md","03 Оценка защищённости\Аудит учётных данных\Wordlists.md","03 Оценка защищённости\04 Аудит учётных данных\Словари.md","2896","3CBCA54AB7A2A81F627F6149DD9DA9065104646FB25EA1134D11A51C50AA9907"
"Техники\Bruteforce\Пароли.md","03 Оценка защищённости\Аудит учётных данных\Пароли.md","03 Оценка защищённости\04 Аудит учётных данных\Инструменты проверки паролей и хешей.md","12151","8A2BF41C3A1A288B3C7D293C09FFF96314B688E3063B07754F2BE1C88013E7BD"
"Техники\Bruteforce\Создание словарей.md","03 Оценка защищённости\Аудит учётных данных\Создание словарей.md","03 Оценка защищённости\04 Аудит учётных данных\Создание целевых словарей.md","4779","5E32DFE21E664A5D50916BBE4B834DB56B56F1811DB917D6925354645312AD31"
"Техники\MiTM\MiTM теория.md","05 Сетевая безопасность\Атаки в лабораторной среде\MiTM\MiTM теория.md","05 Сетевая безопасность\Атаки в лабораторной среде\MiTM\MiTM теория.md","11061","19A58F9AC928F3DE6616718FF8984613160900931383983F3CEA5F1FF496160B"
"Техники\MiTM\assets\ARP атака.png","05 Сетевая безопасность\Атаки в лабораторной среде\MiTM\assets\ARP атака.png","05 Сетевая безопасность\Атаки в лабораторной среде\MiTM\assets\ARP атака.png","45777","D0F134E63BE68BDD08A8F9F2118C3B65E6B684AEE3B86470EF8A46170132A04D"
"Техники\MiTM\assets\ARP пакеты.png","05 Сетевая безопасность\Атаки в лабораторной среде\MiTM\assets\ARP пакеты.png","05 Сетевая безопасность\Атаки в лабораторной среде\MiTM\assets\ARP пакеты.png","253603","E8E293252A81211B7299F947CBE3B57798563C6D3AD117496C285069F231861B"
"Техники\MiTM\assets\Пример работы сети в момент атаки.png","05 Сетевая безопасность\Атаки в лабораторной среде\MiTM\assets\Пример работы сети в момент атаки.png","05 Сетевая безопасность\Атаки в лабораторной среде\MiTM\assets\Пример работы сети в момент атаки.png","43427","634224A887B94DE37D7D6DFB118DC3FA769C30EA437CE2EB177FF6844FD98848"
"Техники\MiTM\assets\Пример работы сети в обычной ситуации.png","05 Сетевая безопасность\Атаки в лабораторной среде\MiTM\assets\Пример работы сети в обычной ситуации.png","05 Сетевая безопасность\Атаки в лабораторной среде\MiTM\assets\Пример работы сети в обычной ситуации.png","57423","7CB1AFEADC8E9D601B94CFB2C460C6A0C87A17B71DCC1B8A9D7645F7C1384D33"
"Android безопасность\TOOLS.md","04 Безопасность приложений\Mobile\Android\TOOLS.md","04 Безопасность приложений\08 Mobile и Android\TOOLS.md","2605","87F16290A762FBE4376685D6550A5122F6DBCB8500847DE71EDC938F51636578"
"Android безопасность\Лучшие хакерские программы для взлома со смартфона.md","04 Безопасность приложений\Mobile\Android\Лучшие хакерские программы для взлома со смартфона.md","04 Безопасность приложений\08 Mobile и Android\Архивная ссылка — Android-инструменты со смартфона.md","56","413EAD15AF7060F2122E34A54450862E93C60FC4C628E7CCFA44B191F84A8139"
"Android безопасность\ОС Android и SELinux.pptx","04 Безопасность приложений\Mobile\Android\ОС Android и SELinux.pptx","04 Безопасность приложений\08 Mobile и Android\ОС Android и SELinux.pptx","2626831","C5011928012E2DC683684086A427CB37CE55D94666F0473C0615DF7BAD076BEA"
"Android безопасность\Теория об Android приложениях.md","04 Безопасность приложений\Mobile\Android\Теория об Android приложениях.md","04 Безопасность приложений\08 Mobile и Android\Теория об Android приложениях.md","9137","5D15C08C549DBCBDC5D62367B2D7747B09782FC3FC42BCD63E8D9C17193AB05E"
"Android безопасность\assets\Pasted image 20250908162823.png","04 Безопасность приложений\Mobile\Android\assets\Pasted image 20250908162823.png","04 Безопасность приложений\08 Mobile и Android\assets\Pasted image 20250908162823.png","896370","8701929C8C37C625125DA5046E55F23BD0273E1D19E52B1E58CF2375ECC07E0C"
"Android безопасность\assets\Pasted image 20250908162857.png","04 Безопасность приложений\Mobile\Android\assets\Pasted image 20250908162857.png","04 Безопасность приложений\08 Mobile и Android\assets\Pasted image 20250908162857.png","450240","0595C420F01DFA21AC072C2D751C8CD95D9B425BC26A8A25FC44F451D04D111F"
"Android безопасность\assets\Pasted image 20250908163546.png","04 Безопасность приложений\Mobile\Android\assets\Pasted image 20250908163546.png","04 Безопасность приложений\08 Mobile и Android\assets\Pasted image 20250908163546.png","180349","080BF41A2A486B067C6FAAA8B358E6A7E12EF50AF943B3689E25CBD110BFF9B4"
"Android безопасность\assets\Pasted image 20250908163855.png","04 Безопасность приложений\Mobile\Android\assets\Pasted image 20250908163855.png","04 Безопасность приложений\08 Mobile и Android\assets\Pasted image 20250908163855.png","444596","0AB46B36E9C6F8B569C1D24D0CBD3B23492811A5965EC3333680E422292CBAC4"
"CS - client side\CORS уязвимости.png","04 Безопасность приложений\02 Web-платформа\assets\CORS уязвимости.png","04 Безопасность приложений\02 Web-платформа\assets\CORS уязвимости.png","1686734","1ED4F9FC7FB57F1B176C6C970731483EFAA9324A3E5AC9123D9832AB46241BC8"
